:020000040800F2
:10000000C0590020D901000899AB000815720008FA
:10001000A1AA0008C91B000891CD0008000000003B
:1000200000000000000000000000000031BA0008DD
:100030006D2900080000000091B50008C1BD00084E
:10004000F3010008F3010008F3010008F3010008C0
:10005000F3010008F3010008F3010008F3010008B0
:10006000F3010008F3010008F3010008F3010008A0
:10007000F3010008F3010008F3010008F301000890
:10008000F3010008F3010008F3010008F301000880
:10009000111C0008F3010008F3010008F301000837
:1000A000F3010008CDBE0008F3010008F3010008C9
:1000B000F3010008F3010008F3010008F301000850
:1000C000F3010008F3010008F3010008F301000840
:1000D000F301000871CD0008F3010008F3010008E6
:1000E000F3010008F3010008F3010008F301000820
:1000F000F3010008F3010008F3010008F301000810
:10010000F3010008F3010008DDBE0008F301000858
:10011000CDC50008F3010008F3010008F301000851
:10012000F3010008D5240008E5240008F3010008C5
:10013000F301000800000000000000001D1D000881
:100140000D1D0008F3010008F3010008F301000889
:10015000F3010008F52400080525000881CD0008FA
:10016000F3010008F3010008F3010008F30100089F
:10017000F3010008F3010008F3010008000000008B
:1001800000000000F3010008000000000000000073
:10019000F30100080000000000000000F301000867
:1001A000000000000000000000000000F301000853
:1001B000F3010008F3010008F3010008F30100084F
:1001C000F3010008DFF80CD000F094FB0048004772
:1001D00029DF0008C059002006488047064800472C
:1001E000FEE7FEE7FEE7FEE7FEE7FEE7FEE7FEE7E7
:1001F000FEE7FEE7B9BE0008C50100082DE9F05F83
:100200000546002092469B46884606468146402485
:100210001BE0284641464746224600F00AFA53466C
:100220005A46C01A914110D311461846224600F092
:10023000F1F92D1A67EB01084F46224601200021F3
:1002400000F0E8F917EB00094E41201EA4F101046B
:10025000DFDC484631462A464346BDE8F09F40EA87
:1002600001039B0703D009E008C9121F08C0042A34
:10027000FAD203E011F8013B00F8013B521EF9D21B
:100280007047D2B201E000F8012B491EFBD2704743
:100290000022F6E710B513460A4604461946FFF752
:1002A000F0FF204610BD2DE9FE4F804681EA030095
:1002B000C00F0C46009021F0004123F00045B8EB40
:1002C0000200A94105D24046214690461C460B46F5
:1002D000024623F00040104347D0270DC7F30A0021
:1002E000C3F30A510290401A019040286BDAC3F31D
:1002F000130040F4801B0098924620B10023D2EBFB
:10030000030A63EB0B0B01985946C0F140025046BB
:1003100000F080F906460D4650465946019A00F015
:1003200098F910EB08006141002487EA115284EA31
:10033000E7731A4340D0009A62B3019A012A4FEA48
:10034000075215DC001B61EB02014FF0004202EA8C
:100350000752CDE90042001C41F5801132462B4680
:1003600000F0CFF903B0BDE8F08F40462146F9E731
:10037000001B61EB0201001C41F5801300185B417A
:100380002018A2F5001747EB030140EAD570B61913
:100390006D4111E06D084FEA360645EAC0754FEA37
:1003A0000752001B61EB0201001C41F58011490856
:1003B0004FEA30000019514132462B4603B0BDE8E8
:1003C000F04F00F08FB90098012240000023D0EBDD
:1003D000020263EBE073009821464FEAE074B8EB49
:1003E000000061EB0401E9E783F000435BE781F083
:1003F000004158E72DE9FE4F81EA030404F0004470
:1004000021F0004100944FF0000B23F0004350EA2C
:1004100001045ED052EA03045BD0C3F30A54C1F373
:100420000A552C44A4F2F3340194A0FB0254C1F306
:10043000130141F48011C3F3130343F4801301FB50
:10044000024400FB034E840A970A44EA815447EAB7
:100450008357A4FB076802958D0A05FB07854FEAC1
:10046000932C04FB0C542705029D4FEA065847EADB
:100470001637B5EB08056EEB070C870E920E47EAB0
:10048000811742EA8312A7FB0201B6EB0B0164EB72
:1004900000042B0D43EA0C335E1844EB1C50DA4683
:1004A0005146E7FB0201C5F313044FEA0B3343EA5D
:1004B00014534FEA0432019C43EA0603A4F10C04EE
:1004C0000294009CCDE900B400F01BF903B0BDE834
:1004D000F08F00200146F9E72DE9F04D81EA030491
:1004E00004F0004B21F0004514464FF0000A23F0C1
:1004F000004150EA050220D054EA01021DD0C5F3A4
:100500000A570246C5F31303C1F31300C1F30A5699
:1005100040F4801543F48013A7EB0608101BD64661
:1005200008F2FD3873EB050002D308F1010801E081
:1005300092185B41B8F1000F03DA00200146BDE8D4
:10054000F08D00204FF48011064684460EE0171B04
:1005500073EB050705D3121B63EB050306434CEA57
:10056000010C49084FEA300092185B4150EA01073C
:10057000EDD152EA030012D082EA040083EA0501B9
:10058000084305D0101BAB4106D20122002306E030
:1005900000224FF0004302E06FF0010253101AEB0B
:1005A00006004CEB085110EB0A0041EB0B01BDE8D3
:1005B000F04D00F097B800F0004230F000400AD053
:1005C000C10D01F56071C0F3160042EA0151C20885
:1005D00040071143704700200146704701F0004377
:1005E00030B421F0004150EA010206D00A0DA2F514
:1005F0006072C1F31301002A02DC30BC0020704796
:10060000440F44EAC104C100E01830BC00EBC25002
:1006100000F031B8202A04DB203A00FA02F1002071
:1006200070479140C2F1200320FA03F31943904030
:100630007047202A04DB203A21FA02F0002170479B
:1006400021FA02F3D040C2F120029140084319463A
:100650007047202A06DBCB17203A41FA02F043EA22
:10066000E07306E041FA02F3D040C2F1200291406B
:100670000843194670470029A8BF7047401C49002D
:1006800008BF20F00100704710B4B0FA80FC00FAF7
:100690000CF050EA010404BF10BC704749B1CCF122
:1006A000200421FA04F411FA0CF118BF01212143AE
:1006B0000843A3EB0C01CB1D4FEA00614FEA102069
:1006C00042BF002010BC704700EBC350104400290B
:1006D000A4BF10BC7047401C490008BF20F00100B7
:1006E00010BC704710B5141E73F1000408DA401CEA
:1006F00041F1000192185B411A4301D120F0010041
:1007000010BD2DE9F04D92469B4611B1B1FA81F230
:1007100002E0B0FA80F220329046FFF77BFF0446F9
:100720000F4640EA0A0041EA0B0153465A46084385
:1007300013D0114653EA010019D0C8F140025046C7
:10074000FFF777FF05460E46504659464246FFF7EB
:1007500061FF084305D0012004E020463946BDE88A
:10076000F08D0020054346EAE0762C4337430A9893
:100770006305E40AA0EB08000022FD0A44EA47549E
:100780000A3002D500200146E9E701051019694148
:10079000DDE9084500196941BDE8F04DA2E770B5F3
:1007A00021F0004303430CD0C1F30A550024D5EBDC
:1007B000040564EB0403D617AD1AB34102DB002035
:1007C000014670BD201841EB025170BD2DE9F04D7E
:1007D00000231A461B1A8A4103DB00200146BDE8AC
:1007E000F08DC1F30A52C1F3130141F480154FF0AB
:1007F000000BD10702D100186D41521E002704469C
:1008000040F2FF11384601EB620A3E46804602463E
:1008100000204FF48011FFF70CFFC2197141BB1883
:1008200046EB0100B4EB030C75EB000C04D3E41AA7
:1008300065EB000517460E46241908F101006D41CD
:1008400080463428E3DDF91946EB0600091BA84170
:1008500003D24FF0FF32134601E0002213461BEB98
:10086000070046EB0A51BDE8F04DFFF73BBF0EB560
:10087000C10F80EAE0700844CA07002140F2334308
:100880008DE80E000A460B46FFF73BFF03B000BDA4
:1008900030B5041E71F1000404DB4FF00044404207
:1008A00064EB0101141E73F1000405DB1C464FF0DC
:1008B0000043524263EB04038B4208BF824230BDC7
:1008C00030B5041E71F1000404DB4FF000444042D7
:1008D00064EB0101141E73F1000405DB1C464FF0AC
:1008E0000043524263EB0403994208BF904230BD7B
:1008F00000207047064C074D06E0E06840F0010319
:1009000094E8070098471034AC42F6D3FFF75EFC3A
:10091000282501084825010870B58C1810F8015BDE
:1009200015F0070301D110F8013B2A1106D110F888
:10093000012B03E010F8016B01F8016B5B1EF9D18C
:100940002B0705D40023521E0DD401F8013BFAE712
:1009500010F8013BCB1A921C03E013F8015B01F87D
:10096000015B521EF9D5A142D8D3002070BD000012
:1009700080B584B040F2DC30C2F200000078FE287E
:1009800040F0D280FFE740F2DC30C2F20000407855
:10099000EE2840F0C980FFE740F6BC01C2F200013A
:1009A00088880130888040F2DC30C2F20000807814
:1009B0000146029120B1FFE7029801285BD0B2E026
:1009C00040F2DC32C2F20002D2F81E1040F20C30CB
:1009D000C2F2000001908161117B527B41EA022149
:1009E0008180B0F9041000EE101AB8EEC00A9FED35
:1009F000621A80EE010A80ED020A90ED060AB8EE56
:100A0000C00A40F20C01C2F2000191ED001A9FED04
:100A10005B2A20EE020A30EE010A9FED5C1A30EEEE
:100A2000010A80ED080A40F22A42C2F20002917BDC
:100A3000D27B41EA02218185B0F9941000EE101AB0
:100A4000B8EEC00A9FED4E1A20EE010A9FED4D1A36
:100A500080EE010A80ED0C0A90ED080A9FED4A1A1B
:100A600020EE010A40F6BC01C2F2000181ED090A44
:100A7000006B486357E040F2DC32C2F20002D2F869
:100A80001E1040F20C30C2F200000090C164117BD5
:100A9000527B41EA02210187B0F9381000EE101AAA
:100AA000B8EEC00A9FED341A80EE010A80ED0F0AFD
:100AB00090ED130AB8EEC00A40F20C01C2F2000138
:100AC00091ED011A9FED2D2A20EE020A30EE010A67
:100AD00080ED150A40F22A42C2F20002917BD27BDD
:100AE00041EA0221A0F86010B0F9941000EE101A4B
:100AF000B8EEC00A9FED221A20EE010A9FED211ADE
:100B000080EE010A80ED190A90ED150A9FED1E1A7C
:100B100020EE010A40F6BC01C2F2000181ED0C0A90
:100B2000406E0864FFE724E041F2C420C2F20000F6
:100B300005F0A6FD00200390FFE703984D280CDC8C
:100B4000FFE7039A40F2DC31C2F200010020885432
:100B5000FFE7039801300390EFE741F2C420C2F2AF
:100B6000000040F2DC31C2F200014E2206F0E8F94A
:100B7000FFE704B080BD00BF000080433FE5183BA5
:100B8000AE47E13D0000004398F98E3C000034433D
:100B900083B040F22A40C2F200000078FE2840F004
:100BA000D580FFE740F22A40C2F200004078EE28EC
:100BB00040F0CC80FFE740F6BC01C2F20001B1F882
:100BC000CC000130A1F8CC0040F22A40C2F2000073
:100BD00080780146029120B1FFE7029801285CD09D
:100BE000B3E040F22A42C2F20002D2F81E1040F2F4
:100BF0000C30C2F200000190C0F88010117B537BD2
:100C000041EA0321A0F86C10B0F96C1000EE101A44
:100C1000B8EEC00A9FED4E1A80EE010A80ED1C0A64
:100C200090ED200AB8EEC00A40F20C01C2F20001B9
:100C300091ED021A9FED472A20EE020A30EE010ADA
:100C40009FED481A30EE010A80ED220A917BD27B9B
:100C500041EA0221A0F89410B0F9941000EE101AA5
:100C6000B8EEC00A9FED3C1A20EE010A9FED3B1A38
:100C700080EE010A80ED260A90ED220A9FED381AD7
:100C800020EE010A40F6BC01C2F2000181ED3B0AF0
:100C9000D0F89800C1F8FC0057E040F22A42C2F2B6
:100CA0000002D2F81E1040F20C30C2F20000009098
:100CB000C0F8B410117B537B41EA0321A0F8A010C7
:100CC000B0F9A01000EE101AB8EEC00A9FED201A7D
:100CD00080EE010A80ED290A90ED2D0AB8EEC00AD7
:100CE00040F20C01C2F2000191ED031A9FED192AA6
:100CF00020EE020A30EE010A80ED2F0A917BD27BB2
:100D000041EA0221A0F8C810B0F9941000EE101AC0
:100D1000B8EEC00A9FED101A20EE010A9FED0F1ADF
:100D200080EE010A80ED330A90ED2F0A9FED0C1A38
:100D300020EE010A40F6BC01C2F2000181ED3E0A3C
:100D4000D0F8CC00C1F80801FFE7FFE703B0704717
:100D5000000080433FE5183BAE47E13D0000004303
:100D600098F98E3C0000344340F27841C2F2000111
:100D7000FE200870EE204870BB2088700020C870EC
:100D800005220A71FF224A718871C871087248727F
:100D90008872C872087348738873C873087448747B
:100DA0008874C874087548758875C875087648765B
:100DB0008876C876087748778877C87781F82000E2
:100DC00081F821007047000040F29A41C2F2000110
:100DD000FE200870EE204870BB2088700020C8708C
:100DE00005220A71FF224A718871C871087248721F
:100DF0008872C872087348738873C873087448741B
:100E00008874C874087548758875C87508764876FA
:100E10008876C876087748778877C87781F8200081
:100E200081F821007047000080B582B001900199DF
:100E3000222048620199FE2008700199EE20487036
:100E4000019991F82800887001990020C870019AD2
:100E50000A211171019AFF2151710199887101993B
:100E6000C87101998860019A92ED0B0A9FED231ACF
:100E700020EE010ABDEEC00A10EE101A9181019A0F
:100E800092ED0C0A9FED1E1A20EE010ABDEEC00A7B
:100E900010EE101AD181019991ED0D0A9FED191AEA
:100EA00020EE010ABDEEC00A81ED040A019A92ED1E
:100EB0000E0A9FED151A20EE010ABDEEC00A10EED3
:100EC000101A9182019A92ED0F0A9FED101A20EEEE
:100ED000010ABDEEC00A10EE101AD18201990876FF
:100EE000019948760199086CC861019807210CF0B6
:100EF00035FF0199086202B080BD00BF0000804349
:100F00000000004384F922450000004500008044B1
:100F100081B000900098007840F27841C2F2000160
:100F20000870009840784870009880788870009821
:100F3000C078C870009800790871009840794871AD
:100F4000009880798871009A0020D071C871009A49
:100F5000127A0A72009A527A4A72009A927A8A72C5
:100F6000009AD27ACA72009A127B0A73009A527B54
:100F70004A73009A927B8A73009AD27BCA73087470
:100F800048748874C8740098007D08750098407D86
:100F900048750098807D88750098C07DC875009858
:100FA000007E08760098407E48760098007F88761C
:100FB0000098407FC8760098807F08770098C07FAF
:100FC0004877009890F820008877009890F82100E2
:100FD000C877009890F8220081F82000009890F8D7
:100FE000230081F8210001B07047000081B000901B
:100FF0000098007840F29A41C2F20001087000980F
:10100000407848700098807888700098C078C870E0
:1010100000980079087100984079487100988079AB
:101020008871009A0020D071C871009A127A0A72F1
:10103000009A527A4A72009A927A8A72009AD27A06
:10104000CA72009A127B0A73009A527B4A73009A02
:10105000927B8A73009AD27BCA730874487488742E
:10106000C8740098007D08750098407D4875009808
:10107000807D88750098C07DC8750098007E0876D0
:101080000098407E48760098007F88760098407FE0
:10109000C8760098807F08770098C07F48770098CE
:1010A00090F820008877009890F82100C877009881
:1010B00090F8220081F82000009890F8230081F831
:1010C000210001B07047000080B5AAB0299040F21D
:1010D000FC11C2F2000100220A850120A1F86C0077
:1010E000A1F8B020A1F8F40040F6BC00C2F2000064
:1010F000269000F19C0340F2D440C2F2000002228C
:10110000279211460CF0B2F82698279A00F1AC030A
:1011100040F2C440C2F2000011460CF0A7F8269835
:10112000279A00F5B27340F2DC40C2F2000011468B
:101130000CF09CF82698279A00F5BA7340F2CC4040
:10114000C2F2000011460CF091F80EF093F92890CD
:10115000FFE728A801210DF02FFE40F2C040C2F2A7
:10116000000001F0EFFA40F2F810C2F2000080ED4A
:10117000000A40F2D850C2F20000007BB0B9FFE78D
:1011800040F6BC00C2F200002490DFEDC30ACDEDB2
:10119000250AB0EE600A08F085FE2498DDED250AE8
:1011A000C830B0EE600A08F07DFEB4E040F6D850DA
:1011B000C2F200000079012840F09480FFE740F27D
:1011C000F070C2F20000199090ED080A8DED170A38
:1011D00040F2C800C2F200001A9090ED000A8DEDB6
:1011E000160A40F6BC00C2F20000209090ED1C0AE6
:1011F0000BF062FFB0EE401A9DED160A20EE010AD8
:101200008DED180A40F23470C2F200001B9090ED90
:10121000240A0CF08BFB9DED171A2098B0EE402AA3
:101220009DED180AB7EE003A8DED1D3A32EE032A15
:1012300020EE020A30EE010A40F64C21C2F2000113
:101240001F9191ED081A30EE410A90ED141AB1EE9B
:10125000411A40F6D421C2F20001219191ED082AF1
:1012600071EE420A08F01EFE199A1A99209892ED22
:10127000190A8DED1E0A91ED010A8DED1C0A00F18F
:10128000C801229190ED4E0A0BF016FF1B98B0EEAC
:10129000401A9DED1C0A20EE010A8DED230A90ED07
:1012A000240A0CF043FB9DED1D2A9DED1E1A1F9B89
:1012B000209A21992298B0EE403A9DED230A32EE11
:1012C000432A20EE020A30EE010A93ED081A30EEAE
:1012D000010A92ED461A91ED082A71EE420A08F0D1
:1012E000E1FD17E040F6BC00C2F200001390BAEE38
:1012F000040A8DED140ADFED680ACDED150A08F039
:10130000D1FD13989DED140ADDED150AC83008F0E3
:10131000C9FDFFE7FFE706F063FF07F019F940F6A4
:10132000BC00C2F20000009090ED160AF0EE080A30
:10133000CDED010AB8EE081A8DED021A01F0D8FBC6
:101340000098DDED010A9DED021A40F2FC11C2F297
:101350000001039181ED0B0A90ED170A01F0C8FB23
:101360000098DDED010A9DED021A039981ED1C0A3A
:101370004431059190ED480A01F0BAFB0098DDED8B
:10138000010A9DED021A039981ED2D0A883104911D
:1013900090ED490A01F0ACFB039880ED3E0A00F1A4
:1013A000CC010D91FFF740FD0398FFF7B1FD40F62A
:1013B0000000C4F2020006904FF4004107910122A0
:1013C000089203F05FF941F2C420C2F200000B90D2
:1013D00040F27841C2F20001099122220F9205F0F9
:1013E000FDFD0B9840F2DC31C2F200010A914E2261
:1013F000119205F0A5FD9FED290A8DED0C0A01F073
:1014000075F90498FFF710FD0498FFF7EFFD0F9AA8
:1014100041F25430C2F20000129040F29A41C2F2FE
:1014200000010E9105F0DAFD119A129840F22A415E
:10143000C2F20001109105F083FD9FED190A01F041
:1014400055F90598FFF7F0FC0598FFF761FD069840
:101450000799089A03F016F909990B980F9A05F065
:10146000BDFD0A99119A0B9805F06AFD9DED0C0AD5
:1014700001F03CF90D98FFF7D7FC0D98FFF7B6FD8A
:101480000E990F9A129805F0A9FD1099119A1298C9
:1014900005F056FD5DE600BF0000000017B7D1382B
:1014A00017B7513980B540F20040C4F20200022162
:1014B000012203F0E7F880BD80B540F20040C4F29D
:1014C00002000221002203F0DDF880BD80B540F269
:1014D0000040C4F202000122114603F0D3F880BD9F
:1014E00080B540F20040C4F202000121002203F066
:1014F000C9F880BD80B584B00390FFF7DDFF92206E
:1015000000F0D2F940F21A51C2F200010291122009
:10151000062200F095F9FFF7C5FF029B187859786D
:1015200040EA012040F21851C2F200010880B1F9EE
:10153000000000EE100AB8EEC00A40F21C00C2F231
:10154000000090ED001A20EE010A039A92ED081AAD
:1015500020EE010A82ED000A9A7893F803C042EA6D
:101560000C220A80B1F9002000EE102AB8EEC00A61
:1015700090ED001A20EE010A039A92ED081A20EE6F
:10158000010A82ED010A1A795B7942EA03220A8094
:10159000B1F9001000EE101AB8EEC00A90ED001A72
:1015A00020EE010A039890ED081A20EE010A80ED62
:1015B000020AFFF795FF02990020082200F040F987
:1015C000FFF784FF029800780F2840F09E80FFE725
:1015D00040F2B410C2F200000078002850D0FFE7BB
:1015E00040F21A53C2F200039878D97840EA0120F9
:1015F00040F21851C2F200010880B1F9000000EE7B
:10160000100AB8EEC00A40F22000C2F2000090EDCD
:10161000002A039A92ED091A20EE020A30EE410ADE
:1016200082ED030A1A7993F805C042EA0C220A8077
:10163000B1F9002000EE102AB8EEC00A90ED002AA1
:10164000039A92ED0A1A20EE020A30EE410A82ED68
:10165000040A9A79DB7942EA03220A80B1F9001080
:1016600000EE101AB8EEC00A90ED002A039890ED33
:101670000B1A20EE020A30EE410A80ED050A43E023
:1016800040F21A53C2F200039878D97840EA012058
:1016900040F21851C2F200010880B1F9000000EEDA
:1016A000100AB8EEC00A40F22000C2F2000090ED2D
:1016B000001A20EE010A039A82ED030A1A7993F8C0
:1016C00005C042EA0C220A80B1F9002000EE102A7F
:1016D000B8EEC00A90ED001A20EE010A039A82EDDE
:1016E000040A9A79DB7942EA03220A80B1F90010F0
:1016F00000EE101AB8EEC00A90ED001A20EE010AB2
:10170000039880ED050AFFE7FFE7FFF7D5FEA2206B
:1017100000F0CAF840F21A51C2F2000101912220F1
:10172000022200F08DF8FFF7BDFE01990878497894
:10173000C00040EA511140F21850C2F2000001808E
:10174000B0F90000B0F5806F09DBFFE740F21851F7
:10175000C2F200010888A0F500600880FFE740F2AF
:101760001850C2F20000B0F9000000EE100AB8EE06
:10177000C00AB4EE001A20EE010AB3EE071A30EEEA
:10178000010A039880ED070A04B080BD80B584B0DB
:1017900003908DF80B10039840F22451C2F200011F
:1017A000086040F68071C2F20001019100200870CB
:1017B0000CF03CF9019902460878104308700CF0CF
:1017C00013FA019902460878104308709DF80B003F
:1017D00038B1FFE740F2E440C2F2000000F0C6FA80
:1017E00024E040F2E441C2F200014AF6D960CBF6AF
:1017F000DB0048624EF2A960C3F6CC3088624EF638
:101800006F20C3F6DD20C86243F2F740C4F21C101B
:10181000086391ED0C1A9FED090A80EE010A81ED33
:10182000080A0020C4F220208861FFE740F680709B
:10183000C2F20000007804B080BD00BFC3F51C41B7
:1018400080B584B08DF80F0002918DF807209DF8C7
:101850000F0040F0800000F027F8FFE79DF8070038
:1018600070B1FFE7552000F01FF802990870029848
:10187000013002909DF8070001388DF80700EDE770
:1018800004B080BD80B582B08DF8070000919DF84E
:10189000070040F0800000F007F8552000F004F841
:1018A0000099087002B080BD80B582B08DF8070045
:1018B00040F22450C2F2000000686A464FF47A7188
:1018C00011600DF107010DF10602012303F084FE02
:1018D0009DF8060002B080BD80B582B08DF807008B
:1018E0008DF806109DF80700FFF7DEFF9DF8060053
:1018F000FFF7DAFF02B080BD80B58CB00B900DF021
:10190000B9FD0A90FFE70AA801210CF081FB40F61F
:101910006870C2F2000000F015FF40F22850C2F2D9
:101920000000059080ED000A90ED000A06F0C6FF69
:10193000059890ED000A07F0A7F9059890ED000AC8
:1019400040F23470C2F200006946486040F6780305
:10195000C2F2000303F12000086040F6BC00C2F2AE
:101960000000069000F1C801089140F61C62C2F226
:101970000002079209F048F90599079891ED000ACD
:101980000AF03EF90699079840F6D852C2F20002D2
:10199000099207F0F9FF07980899099A07F0F4FFF0
:1019A00040F2D850C2F20000007FC8B9FFE740F211
:1019B000B801C2F2000191ED001A40F2C800C2F273
:1019C000000090ED000A30EE010A80ED000A91ED72
:1019D000011A90ED010A30EE010A80ED010A09E0DA
:1019E00040F2C801C2F200010020C4F27820086071
:1019F0004860FFE740F2D850C2F20000407B012867
:101A000011D1FFE740F22C50C2F200000490D0ED5B
:101A1000030AB1EE601A9FED1A0A01F069F8049802
:101A200080ED080A26E040F22060C2F2000090ED4E
:101A3000030A8DED030A40F2D850C2F200008088FC
:101A400041F25C21084400B24FF40051002201F041
:101A5000E1F89DED030A01EE100AB8EEC11A9FED00
:101A6000072A61EE020A40F22C50C2F2000009F08F
:101A70000FFCFFE708F0C8F945E700BFC520303D7F
:101A80000000A04283B0029001910092009890ED76
:101A9000004A90ED010A90ED026A90ED035A26EE9D
:101AA000062AB6EE001A31EE422A25EE053A32EE4B
:101AB000432A029824EE057A20EE063A33EE477A5E
:101AC000D0ED000AD0ED011A90ED023A27EE217A0E
:101AD00022EE202A32EE072A24EE064A20EE050ADC
:101AE00030EE040A20EE030A30EE020A30EE000A5D
:101AF000019880ED000A009890ED004A90ED016A8F
:101B000090ED022A90ED035A24EE053A26EE020AE1
:101B100030EE030A029826EE063A31EE433A25EEFD
:101B2000057A33EE477AD0ED000AD0ED011A90ED38
:101B3000023A27EE217A20EE200A30EE070A24EE40
:101B4000064A22EE052A32EE442A22EE032A30EE1D
:101B5000020A30EE000A019880ED010A009890ED2B
:101B6000002A90ED014A90ED023A90ED030A22EE30
:101B7000036A24EE005A35EE465A029822EE042AF1
:101B800023EE000A30EE020A90ED006A90ED017A31
:101B900090ED022A20EE070A25EE065A30EE050ADD
:101BA00024EE044A31EE441A23EE033A31EE431A8E
:101BB00021EE021A30EE010A30EE000A019880EDA3
:101BC000020A03B070470000FFE7FEE780B58AB065
:101BD00000200090019002900390049005900690E0
:101BE00001200790089040F6C470C2F200006946D8
:101BF00001F0ECF910B1FFE7FFE7FEE740F6C47033
:101C0000C2F20000022101F00BF90AB080BD000011
:101C100080B540F6C470C2F2000001F0B7FB80BD91
:101C200080B582B040F6E450C2F20000009000F1AE
:101C30001C0240F6C470C2F2000040F21863C2F207
:101C40000003002101F098FA0098C069019040F269
:101C50004111884205D0FFE70198B0F5A17F12D06D
:101C600024E040F66E71C2F200010888013008805D
:101C700040F67800C2F2000040F21861C2F20001A2
:101C800007F044FD13E040F66E71C2F2000148888F
:101C90000130488040F67800C2F20000203040F267
:101CA0001861C2F2000107F031FD00E0FFE740F6E5
:101CB0006E71C2F2000108884A88801A888002B0DA
:101CC00080BD000080B58AB0002000900190029095
:101CD000039004900F2105910E2109910690012097
:101CE0000790089040F6EC70C2F20000694601F0DF
:101CF0006DF910B1FFE7FFE7FEE740F6EC70C2F2C6
:101D00000000022101F08CF80AB080BD80B540F6D9
:101D1000EC70C2F2000001F039FB80BD80B540F6E6
:101D2000EC70C2F2000001F031FB80BD80B584B0E0
:101D3000FFF74CFF40F6C470C2F20000019001F0C2
:101D40000DFFFFF7BFFF40F6EC70C2F200000390FA
:101D500001F004FF01980221029101F061F802995B
:101D6000039801F05DF804B080BD000080B592B02A
:101D700005A902911190002010900F9000F008FD2D
:101D800040F2D050C2F2000080ED000AFFE700F000
:101D9000FFFC40F2D050C2F2000090ED001A30EE8D
:101DA000410AB2EE041AB4EE410AF1EE10FA1EDD59
:101DB000FFE711994AF6D960CBF6DB00486211992A
:101DC0004EF2A960C3F6CC30886211994EF66F20AE
:101DD000C3F6DD20C862119943F2F740C4F21C102B
:101DE000086311990020C4F220208861F6E29FED7B
:101DF000E40A00F07BFC1199002008631199486205
:101E0000119988621199C862ADF81200FFE7BDF818
:101E1000120040F22401C2F200010988884280F2D7
:101E2000E781FFE7FFF748FB9220FFF73DFD122017
:101E30000FA901910622FFF703FDFFF733FB9DF881
:101E40003C009DF83D1040EA0120ADF83A00BDF994
:101E50003A0000EE100AB8EEC00A40F21C00C2F2CE
:101E6000000090ED001A20EE010A119981ED000AA0
:101E70009DF83E109DF83F2041EA0221ADF83A104E
:101E8000BDF93A1000EE101AB8EEC00A90ED001A33
:101E900020EE010A119981ED010A9DF840109DF88C
:101EA000412041EA0221ADF83A10BDF93A1000EEA6
:101EB000101AB8EEC00A90ED001A20EE010A11982F
:101EC00080ED020A119890ED001A90ED012A90ED34
:101ED000020A22EE022A21EE011A31EE021A20EE47
:101EE000000A30EE010A0FF01AFB029880ED020A98
:101EF00090ED021A119890ED0C0A30EE010A80ED77
:101F00000C0AFFF7EDFA019900200822FFF798FC70
:101F1000FFF7DCFA9DF83C000F285FD1FFE79DF842
:101F20003E009DF83F1040EA0120ADF83A00BDF9AF
:101F30003A0000EE100AB8EEC00A40F22000C2F2E9
:101F4000000090ED001A20EE010A119981ED030ABC
:101F5000119991ED031A91ED090A30EE010A81ED14
:101F6000090A9DF840109DF8412041EA0221ADF890
:101F70003A10BDF93A1000EE101AB8EEC00A90ED12
:101F8000001A20EE010A119981ED040A119991EDD0
:101F9000041A91ED0A0A30EE010A81ED0A0A9DF851
:101FA00042109DF8432041EA0221ADF83A10BDF9F4
:101FB0003A1000EE101AB8EEC00A90ED001A20EEAA
:101FC000010A119880ED050A119890ED051A90ED1F
:101FD0000B0A30EE010A80ED0B0AFFE7BDF8120094
:101FE00038BBFFE7079806900798059000208DF80A
:101FF0001100FFE79DF81100022819DCFFE7119896
:102000009DF8112000EB8200C0680BA941F8220066
:1020100011989DF8112000EB8200C06808A941F8D2
:102020002200FFE79DF8110001308DF81100E1E773
:1020300064E0029890ED020A90ED011AB4EE410AB4
:10204000F1EE10FA03DDFFE707980690FFE702982C
:1020500090ED020A90ED001AB4EE410AF1EE10FA8A
:1020600003DAFFE707980590FFE700208DF81000DE
:10207000FFE79DF8100002283FDCFFE711989DF86C
:10208000101000EB810090ED030A0BA800EB81001B
:1020900090ED001AB4EE410AF1EE10FA0ADDFFE706
:1020A00011989DF8102000EB8200C0680BA941F840
:1020B0002200FFE711989DF8101000EB810090EDD1
:1020C000030A08A800EB810090ED001AB4EE410A63
:1020D000F1EE10FA0ADAFFE711989DF8102000EBF4
:1020E0008200C06808A941F82200FFE7FFE79DF8D9
:1020F000100001308DF81000BBE7FFE7029890ED6B
:10210000010A90ED001A30EE410A40F69070C2F2DA
:10211000000080ED000A00208DF80F00FFE79DF819
:102120000F0002281DDCFFE79DF80F100BA800EB45
:10213000810090ED000A08A800EB810090ED001AE4
:1021400030EE410A40F6A070C2F2000000EB8100C0
:1021500080ED000AFFE79DF80F0001308DF80F00B9
:10216000DDE740F69070C2F2000090ED000AB6EE96
:10217000001AB4EE410AF1EE10FA2DDC02E000BFC5
:102180000AD7A33B40F6A070C2F2000090ED000A0F
:102190009FED981AB4EE410AF1EE10FA1CDCFFE74D
:1021A00040F6A070C2F2000090ED010A9FED911A76
:1021B000B4EE410AF1EE10FA0EDCFFE740F6A07033
:1021C000C2F2000090ED020A9FED8A1AB4EE410AB5
:1021D000F1EE10FA01DDFFE70AE09FED870A00F05B
:1021E00085FAFFE7BDF812000130ADF812000EE6E7
:1021F00040F22400C2F20000008800EE100AB8EE9F
:10220000401A119890ED0C0A80EE010A80ED0C0A3C
:1022100000208DF80E00FFE79DF80E0002281BDC61
:10222000FFE740F22400C2F20000008800EE100A2E
:10223000B8EE401A11989DF80E1000EB810090ED59
:10224000090A80EE010A80ED090AFFE79DF80E00F9
:1022500001308DF80E00DFE7FFF72EF9A220FFF71F
:1022600023FB22200FA90222FFF7EAFAFFF71AF94F
:102270009DF83C009DF83D10C00040EA5110ADF8BB
:102280003A00BDF93A00B0F5806F07DBFFE7BDF813
:102290003A00A0F50060ADF83A00FFE7BDF93A005A
:1022A00000EE100AB8EEC00AB4EE001A20EE010AE1
:1022B000B3EE071A30EE010A119880ED060A40F6D7
:1022C0006C71C2F20001088801300880FFE740F617
:1022D0009070C2F2000090ED000A0120B6EE001AE4
:1022E000B4EE410AF1EE10FA009071DCFFE71198AC
:1022F00090ED0C0A9FED411A30EE010AB0EEC00AD3
:102300000120B6EE001AB4EE410AF1EE10FA009088
:102310005EDCFFE740F6A070C2F2000090ED000A1C
:1023200001209FED341AB4EE410AF1EE10FA00904C
:102330004EDCFFE740F6A070C2F2000090ED010A0B
:1023400001209FED2C1AB4EE410AF1EE10FA009034
:102350003EDCFFE740F6A070C2F2000090ED020AFA
:1023600001209FED241AB4EE410AF1EE10FA00901C
:102370002EDCFFE7119890ED090AB0EEC00A0120AB
:102380009FED1F1AB4EE410AF1EE10FA00901FDC27
:10239000FFE7119890ED0A0AB0EEC00A01209FED08
:1023A000181AB4EE410AF1EE10FA009010DCFFE7C3
:1023B000119890ED0B0AB0EEC00A9FED111A0020A3
:1023C000B4EE410AF1EE10FAC8BF01200090FFE719
:1023D0000098C00700287FF4DAACFFE7119890ED71
:1023E0000C1A9FED080A80EE010A80ED080A12B06F
:1023F00080BD00BF9A99193E6F12033ACDCC1CC123
:102400000AD7233CC3F51C4180B584B003900DF07E
:1024100031F80290FFE702A802210CF0CDFC41F256
:102420008841C2F200010888013008800020A0BB6A
:10243000FFE740F6D850C2F2000000F01BFC40F667
:102440007800C2F20000406841F26C41C2F2000123
:10245000086040F6BC00C2F20000D0F8800048607E
:1024600040F61C60C2F20000C2688A60C26BCA609B
:1024700082680A61006A486140F2D800C2F2000036
:1024800001901822FDF7EBFE019941F20C30C2F2E7
:1024900000001C2204F014FEFFE741F28840C2F263
:1024A0000000008849F69811C1F699114CF6CD420A
:1024B000CCF6CC4200FB02104FEA7000884207D8ED
:1024C000FFE740F6D850C2F2000004F04FFEFFE7ED
:1024D000A1E7000080B541F2D400C2F2000001F093
:1024E00037FC80BD80B541F21400C2F2000001F05B
:1024F0002FFC80BD80B541F23410C2F2000001F023
:1025000027FC80BD80B541F27400C2F2000001F0EA
:102510001FFC80BD82B001900198007810384AF607
:10252000AB21CAF6AA21A0FB011000090090009976
:1025300042F20C40C0F60100405C0199C865009869
:10254000042807D3FFE701990868042262F3090011
:10255000886506E00199086840F2FF32904388657B
:10256000FFE70198806D02B07047000086B00590CB
:1025700000208DF813000598806A03900598806903
:1025800010BBFFE70398029003281BD80299DFE8ED
:1025900001F0020D0218059890F82F00C00720B135
:1025A000FFE701208DF81300FFE70CE00598C06AF3
:1025B000B0F1C07F04D1FFE701208DF81300FFE7E1
:1025C00001E000E0FFE745E005988069B0F5005FB5
:1025D00025D1FFE70398019003281ED80199DFE871
:1025E00001F00206021101208DF8130016E0059893
:1025F00090F82F00C00720B1FFE701208DF81300ED
:10260000FFE70BE00598C06AB0F1C07F04D1FFE797
:1026100001208DF81300FFE700E0FFE719E00398C1
:102620000090032804D3FFE70098032804D00EE0AD
:1026300001208DF813000BE0059890F82F00C007DB
:1026400020B1FFE701208DF81300FFE700E0FFE76E
:10265000FFE7FFE79DF8130006B0704784B00390D2
:1026600002910192009303980168086820F4802089
:1026700008600098039909684860039880684028BA
:1026800009D1FFE7019803990968886002980399C6
:102690000968C86008E00298039909688860019891
:1026A00003990968C860FFE704B0704781B041F240
:1026B0000400CEF2000000680090009840F2C8517B
:1026C000C2F200010968884208D2FFE740F2CC510B
:1026D000C2F20001086801300860FFE7009840F28C
:1026E000C851C2F20001086001B0704783B08DED9F
:1026F000020A41F20400CEF2000000680190029844
:102700000090FFE741F20400CEF20000006801995A
:10271000401A00EE100AB8EE400A9DED001A40F291
:10272000B450C2F2000090ED002AB8EE422A21EE29
:10273000021AB4EE410AF1EE10FA01DAFFE7E1E71E
:1027400003B0704780B584B0039041F20400CEF22C
:10275000000000680290029803990968401A00EE90
:10276000100AB8EE400A40F2B450C2F2000090EDF8
:10277000001AB8EE411A80EE010A8DED010A0298A6
:1027800003990860FFF792FF9DED010A04B080BD38
:1027900080B582B000F06CF840F67C60C2F20000B8
:1027A00090ED000AB8EE401A818800EE101AB8EEDB
:1027B000C00A9FED0B2A20EE020A30EE011AC088F3
:1027C00000EE100AB8EEC00A9FED062A20EE020ABB
:1027D00030EE010A8DED010A9DED010A02B080BDC7
:1027E0006F12833ABD37863581B000904EF6FC51AA
:1027F000CEF20001086840F08070086041F20401E8
:10280000CEF200010020086041F20002CEF2000288
:10281000116841F001011160009944F24022C0F2B8
:102820000F024A4340F2B451C2F200010A600A6842
:1028300044F6D353C1F26203A2FB0332920940F281
:10284000B853C2F200031A6009684DF68362C4F2FD
:102850001B32A1FB0221890C40F2BC52C2F20002E1
:10286000116040F2CC51C2F20001086001B0704723
:10287000B0B586B041F20400CEF2000000680590C9
:10288000FFF714FF40F2CC50C2F200000168059837
:10289000002302934FF0FF3C1A46E1FB0C0240F28A
:1028A000C051C2F2000100914A600860086849689E
:1028B00040F2B454C2F200042268FDF79FFC029B70
:1028C00002468C46009940F20060C2F20000C0F857
:1028D00004C00260D1F800C04968D0F800E0426846
:1028E0002468AEFB04E502FB0452BCEB0E0C61EB6A
:1028F000020240F20861C2F200010391C1F800C077
:102900004A60006840F67C62C2F2000204921060E5
:102910000868496840F2B852C2F200020192126897
:10292000FDF76CFCDDF804C0029B049A0146039895
:102930009180016840689288DCF800C002FB0CF2CC
:102940008A1A60F1000040F21061C2F200010A60D0
:1029500048600868496840F2BC52C2F2000212683E
:10296000FDF74CFC0499C88006B0B0BD704700006C
:1029700083B0029001910092009890ED004A90ED92
:10298000012A90ED026A90ED035A26EE060AB6EE91
:10299000001A31EE400A25EE053A30EE437A0298ED
:1029A00024EE053A22EE060A30EE030AD0ED000AC4
:1029B000D0ED011A90ED023A20EE210A27EE207A9E
:1029C00030EE070A24EE064A22EE052A32EE442AA9
:1029D00022EE032A30EE020A30EE000A019880ED62
:1029E000000A009890ED004A90ED016A90ED020A0D
:1029F00090ED035A24EE053A26EE002A32EE432AE1
:102A0000029826EE063A31EE433A25EE057A33EE89
:102A1000477AD0ED000AD0ED011A90ED023A27EE88
:102A2000217A22EE202A32EE072A24EE064A20EEF0
:102A3000050A30EE040A20EE030A30EE020A30EEF8
:102A4000000A019880ED010A009890ED005A90ED7F
:102A5000014A90ED023A90ED032A25EE036A24EE36
:102A6000020A30EE060A029825EE045A23EE022AE4
:102A700032EE455A90ED006A90ED017A90ED022A0F
:102A800025EE075A20EE060A30EE050A24EE044A27
:102A900031EE441A23EE033A31EE431A21EE021AC4
:102AA00030EE010A30EE000A019880ED020A03B010
:102AB0007047000072B6FFE7FEE7000082B08DEDC0
:102AC000000A9DED000AB5EE400AF1EE10FA03DBB4
:102AD000FFE70098019006E09DED000AB1EE400A84
:102AE0008DED010AFFE79DED010A02B0704700007D
:102AF00084B08DED020ACDED010A8DED001A9DED39
:102B0000020A9DED011AB4EE410AF1EE10FA07DD5A
:102B1000FFE79DED010A8DED020A8DED030A13E03A
:102B20009DED020A9DED001AB4EE410AF1EE10FA95
:102B300007DAFFE79DED000A8DED020A8DED030A2D
:102B400002E002980390FFE79DED030A04B070478E
:102B500080B584B0ADF80E000291ADF80620BDF846
:102B60000E0002990988401A00B200F03DF80146B3
:102B7000481C0091E0B1FFE70098012830D1FFE741
:102B8000BDF90E000299B1F90010401ABDF9061006
:102B9000884207DDFFE7BDF8062002990888104447
:102BA000088004E0BDF80E0002990880FFE718E0F5
:102BB0000298B0F90000BDF90E10401ABDF90610D8
:102BC000884207DDFFE7BDF8062002990888801AD1
:102BD000088004E0BDF80E0002990880FFE700E0DD
:102BE000FFE704B080BD000081B0ADF80000BDF982
:102BF0000000B0F1FF3F04DCFFE7FF208DF8030089
:102C000003E001208DF80300FFE79DF9030001B008
:102C10007047000082B0ADF80600ADF80410ADF8C2
:102C20000220BDF90600BDF9041088420BDDFFE764
:102C3000BDF90620BDF9041092FBF1F000FB112054
:102C4000ADF8060012E0BDF90600BDF90210884299
:102C50000BDAFFE7BDF80600BDF80210401ABDF818
:102C600004100844ADF80600FFE7FFE7BDF90600D1
:102C700002B0704780B584B00390002002900190AC
:102C800040F6C861C2F20001BB200860052008615F
:102C9000039800788DF80400039800798DF80500FA
:102CA000039840798DF80600039880788DF8070026
:102CB0000398C0788DF8080040F6EC70C2F200006E
:102CC00001AA012300F0D6F8E0B1FFE740F6EC706E
:102CD000C2F2000040F6C861C2F2000101AA02235C
:102CE00000F0C8F868B1FFE740F6EC70C2F20000EF
:102CF00040F6C861C2F2000101AA042300F0BAF84C
:102D0000FFE7FFE704B080BD80B584B000210391E8
:102D1000029140F6EC70C2F2000040F6E452C2F2BA
:102D20000002009202AB00F027FA009800680190C0
:102D300040F2062188420BD0FFE7019840F20721BC
:102D4000884225D0FFE70198B0F5027F3FD061E0CF
:102D50009DF8080040F2D851C2F2000181F820002D
:102D60009DF80900C8779DF80A0008749DF80B00CB
:102D700008739DF80C209DF80D0040EA02200880A1
:102D800040F66E71C2F20001C8880130C88042E08E
:102D90009DF8080040F2D851C2F2000108779DF872
:102DA000090088739DF80A0008749DF80B000873E9
:102DB0009DF80C209DF80D0040EA0220088040F6A6
:102DC0006E71C2F2000108890130088123E0BDF86C
:102DD000080040BA00EE100AB8EEC00A9FED0F1AC4
:102DE00020EE010A40F22061C2F2000181ED030AE7
:102DF0009DF80A209DF80B0040EA022048809DF8CB
:102E00000C209DF80D0040EA022088839DF80E00FA
:102E1000C883FFE7FFE704B080BD00BFC520303D99
:102E200084B002900191029890F820008DF8030080
:102E30009DF80300012805D0FFE79DF80300022854
:102E40000AD1FFE7019A0298016848691043486176
:102E500000208DF80F0008E00299486A40F48020B5
:102E6000486201208DF80F00FFE79DF80F0004B0C5
:102E70007047000088B0069005910492039306986D
:102E800090F820008DF80700069800688068009090
:102E90000598806808B9FFE700E0FFE79DF80700A4
:102EA000012806D0FFE79DF80700022840F0808047
:102EB000FFE79DF80300400700280CD4FFE79DF8CA
:102EC00003000007002806D4FFE79DF80300C006B2
:102ED000002864D5FFE70098C0F3016002900299D2
:102EE00001208840039908600598806868B9FFE769
:102EF00005980168C06840EA415006990968029A3D
:102F000001EB0211C1F880010EE005994A6888685A
:102F1000C96840EAC200084306990968029A01EBB1
:102F20000211C1F88001FFE7059800690699096858
:102F3000029A01EB0211C1F884010598007D012875
:102F40000CD1FFE706980068029900EB0111D1F857
:102F5000840140F48070C1F88401FFE70498406860
:102F600006990968029A01EB0211C1F88C010498D4
:102F7000006806990968029A01EB0211C1F88801FC
:102F800006980068029900EB0111D1F8800140F029
:102F90000100C1F8800100208DF81F0011E00699A2
:102FA000486A40F40010486201208DF81F0008E0D4
:102FB0000699486A40F48020486201208DF81F007D
:102FC000FFE79DF81F0008B07047000086B004902E
:102FD0000391049800680190049890F820008DF8FF
:102FE00003009DF80300012806D0FFE79DF80300C9
:102FF000022840F0B080FFE746F20040C4F2000033
:1030000001900199D1F8000240F00100C1F80002DE
:103010000199D1F8000220F47C50C1F80002039815
:10302000426A0199D1F8000240EA0220C1F8000288
:103030000398406900F01F01012088400290029A25
:103040000199D1F81C029043C1F81C020398C06991
:10305000F0B9FFE7029A0199D1F80C029043C1F848
:103060000C02039A9088D168526940EA01400199A4
:1030700001EBC201C1F84002039A108891685269BD
:1030800040EA0140019901EBC201C1F84402FFE7A7
:103090000398C06901281ED1FFE7029A0199D1F86F
:1030A0000C021043C1F80C02039A9088116852690F
:1030B00040EA0140019901EBC201C1F84002039AC4
:1030C00090899168526940EA0140019901EBC2017F
:1030D000C1F84402FFE70398806940B9FFE7029A0C
:1030E0000199D1F804029043C1F8040207E0029A62
:1030F0000199D1F804021043C1F80402FFE70398D4
:10310000006940B9FFE7029A0199D1F8140290438F
:10311000C1F8140207E0029A0199D1F81402104391
:10312000C1F81402FFE70398006A012808D1FFE7FD
:10313000029A0199D1F81C021043C1F81C02FFE762
:103140000199D1F8000220F00100C1F8000200202E
:103150008DF8170008E00499486A40F4802048621E
:1031600001208DF81700FFE79DF8170006B07047A3
:1031700081B0009001B0704786B004900391029234
:103180000193049890F820008DF803009DF8030047
:10319000012806D0FFE79DF80300022840F0E880F0
:1031A000FFE7039880B9FFE704980068C0688007CC
:1031B00048B9FFE70499486A40F4001048620120CA
:1031C0008DF81700DDE00FE00498006800698007C3
:1031D00048B9FFE70499486A40F4001048620120AA
:1031E0008DF81700CDE0FFE704980068039900EB25
:1031F0000110D0F8B00100F0040002998860029834
:10320000806858B9FFE704980068039900EB011043
:10321000D0F8B001400D029908600AE004980068F7
:10322000039900EB0110D0F8B001C0080299486082
:10323000FFE704980068039900EB0110D0F8B00193
:1032400000F002000299C86004980068039900EB3E
:103250000110D0F8B40100F00F00082804D3FFE7F4
:103260000299082008610BE004980068039900EBBC
:103270000110D0F8B40100F00F0002990861FFE7D7
:1032800004980068039900EB0110D0F8B40180B2F3
:10329000000A0299886104980068039900EB011004
:1032A000D0F8B401000C02994861049800680399B1
:1032B00000EB0110D0F8B80101990870049800687B
:1032C000039900EB0110D0F8B801000A0199487089
:1032D00004980068039900EB0110D0F8B801000CC5
:1032E0000199887004980068039900EB0110D0F8E8
:1032F000B801000E0199C87004980068039900EBAA
:103300000110D0F8BC010199087104980068039974
:1033100000EB0110D0F8BC01000A01994871049833
:103320000068039900EB0110D0F8BC01000C019972
:10333000887104980068039900EB0110D0F8BC0173
:10334000000E0199C871039838B9FFE70498016825
:10335000C86840F02000C86006E004980168086969
:1033600040F020000861FFE700208DF8170008E01A
:103370000499486A40F48020486201208DF81700C3
:10338000FFE79DF8170006B07047000080B58AB0CF
:1033900009900020089009980068406907900998F2
:1033A0000068406806900998006880680590099850
:1033B0000068C06804900998006800690390099843
:1033C0000068806902909DF81C00C007002800F08A
:1033D0009480FFE79DF81400C00758B3FFE70998F1
:1033E0000168012088609DF814008007002804D53A
:1033F000FFE7099800F0FCFB1BE09DF81400400774
:10340000002805D5FFE7089840F4006008900FE019
:103410009DF814000007002805D5FFE7089840F440
:103420008050089003E0099800F0DEFBFFE7FFE71B
:10343000FFE7FFE79DF81500C00760B3FFE70998B5
:1034400001684FF4807088609DF81500800700289F
:1034500004D5FFE7099800F0D3FB1BE09DF81500A9
:103460004007002805D5FFE7089840F40050089071
:103470000FE09DF815000007002805D5FFE7089824
:1034800040F48040089003E0099800F0B5FBFFE7A6
:10349000FFE7FFE7FFE79DF81600C00760B3FFE70F
:1034A000099801684FF4803088609DF81600800705
:1034B000002804D5FFE7099800F0AAFB1BE09DF85F
:1034C00016004007002805D5FFE7089840F40040A3
:1034D00008900FE09DF816000007002805D5FFE7CB
:1034E000089840F48030089003E0099800F08CFBC5
:1034F000FFE7FFE7FFE7FFE7FFE79DF81C00000796
:10350000002810D5FFE79DF81000C006002809D557
:10351000FFE7089840F400700890099801681020AF
:10352000C860FFE7FFE79DF81C00400700280FD5A3
:10353000FFE79DF810000007002808D5FFE709986D
:1035400001680820C860099800F0DAFAFFE7FFE791
:103550009DF81C00800700280BD5FFE7099800683C
:10356000C068800720B1FFE7099800F0CDFAFFE7B7
:10357000FFE79DF81C004006002810D5FFE79DF8E6
:103580000C00C006002809D5FFE7089840F48060C9
:1035900008900998016810200861FFE7FFE79DF88F
:1035A0001C00800600280FD5FFE79DF80C000007DF
:1035B000002808D5FFE709980168082008610998E4
:1035C00000F0C0FAFFE7FFE79DF81C00C0060028E6
:1035D0000BD5FFE7099800680069800720B1FFE775
:1035E000099800F0B3FAFFE7FFE79DF81E00800797
:1035F00000280FD5FFE79DF81800C006002808D561
:10360000FFE70998016810204860099800F0A2FAC5
:10361000FFE7FFE79DF81E00C00778B1FFE79DF8C0
:1036200018000007002808D5FFE70998016808205E
:103630004860099800F0F0FAFFE7FFE79DF81D00E9
:103640000006002840F18D80FFE79DF81800400734
:10365000002840F18180FFE79DF81D00C00750B1B0
:10366000FFE79DF80800C00728B1FFE7089840F081
:1036700001000890FFE79DF81D00800700280BD58A
:10368000FFE79DF808008007002805D5FFE70898A8
:1036900040F002000890FFE79DF81D004007002859
:1036A0000BD5FFE79DF808004007002805D5FFE788
:1036B000089840F004000890FFE79DF81D000007FF
:1036C000002848D5FFE79DF8080010F0700F42D0A1
:1036D000FFE7029800F0700001460191102814D015
:1036E000FFE70198202815D0FFE70198302816D071
:1036F000FFE70198402817D0FFE70198502818D01D
:10370000FFE70198602819D01DE0089840F00800F4
:10371000089019E0089840F01000089014E008980C
:1037200040F0200008900FE0089840F0400008901A
:103730000AE0089840F08000089005E0089840F4FE
:103740008070089000E0FFE709980168886920F020
:1037500070008861FFE7FFE709980168042048606E
:10376000FFE7089848B1FFE7089A0999486A1043AB
:1037700048620998FFF7FCFCFFE70AB080BD000033
:1037800080B584B00290029820B9FFE701208DF83F
:103790000F00E0E0029890F8200020B9FFE70298BF
:1037A00000F0DEF8FFE702980168086840F00100C9
:1037B000086000F07FFF0190FFE702980068406812
:1037C000C007A8B9FFE700F075FF0199401A0B2860
:1037D0000DD3FFE70299486A40F40030486202992D
:1037E000052081F8200001208DF80F00B3E0E4E708
:1037F00002980168086820F00200086000F05AFF93
:103800000190FFE70298006840688007002815D5FE
:10381000FFE700F04FFF0199401A0B280DD3FFE797
:103820000299486A40F4003048620299052081F804
:10383000200001208DF80F008DE0E3E70298007E64
:10384000012807D1FFE702980168086840F080006E
:10385000086006E002980168086820F080000860AF
:10386000FFE70298407E012807D1FFE70298016830
:10387000086840F04000086006E0029801680868A7
:1038800020F040000860FFE70298807E012807D101
:10389000FFE702980168086840F02000086006E031
:1038A00002980168086820F020000860FFE702988D
:1038B000C07E012807D1FFE702980168086820F060
:1038C0001000086006E002980168086840F01000E7
:1038D0000860FFE70298007F012807D1FFE7029800
:1038E0000168086840F00800086006E00298016876
:1038F000086820F008000860FFE70298407F012870
:1039000007D1FFE702980168086840F004000860EA
:1039100006E002980168086820F004000860FFE7EC
:10392000029B19685A689868D3F80CC040EA0C00EA
:10393000D3F810C040EA0C005B691843013A104309
:10394000C861029900204862029A012182F8201081
:103950008DF80F00FFE79DF80F0004B080BD000058
:1039600080B592B01190002010900F900E900D90A5
:103970000C901198006846F20041C4F200018842A0
:103980004BD1FFE740F24460C2F200000168013110
:1039900001600068012812D1FFE7FFE700200B90CB
:1039A00043F64000C4F20200016841F0007101607A
:1039B000006800F000700B900B98FFE7FFE7FFE74F
:1039C00000200A9043F63000C4F20200016841F082
:1039D00002010160006800F002000A900A98FFE707
:1039E0004FF440700C9002200D90002005900E9036
:1039F00003200F900920109040F20040C4F2020012
:103A00000CA900F071FC059A14200690052100F025
:103A100025FF069800F018FF6FE01198006846F641
:103A20000001C4F20001884266D1FFE7FFE70020F1
:103A3000099043F64000C4F20200016841F0806141
:103A40000160006800F0806009900998FFE740F28B
:103A50004460C2F200000168013101600068012881
:103A600012D1FFE7FFE70020089043F64000C4F2C0
:103A70000200016841F000710160006800F0007010
:103A800008900898FFE7FFE7FFE70020079043F65C
:103A90003000C4F20200016841F0020101600068D8
:103AA00000F0020007900798FFE74FF440500C9099
:103AB00002200D90002003900E9003200F9009200B
:103AC000109040F20040C4F202000CA900F00CFC7F
:103AD000039A3F2001900521029100F0BFFE01985A
:103AE00000F0B2FE0299039A4020049000F0B6FE66
:103AF000049800F0A9FEFFE7FFE712B080BD0000C8
:103B000081B0009001B0704780B582B001900198FB
:103B1000006846F20041C4F20001884203D1FFE789
:103B2000FEF77EF8FFE70198006846F60001C4F250
:103B30000001884203D1FFE7FFF7E6F8FFE702B094
:103B400080BD000081B0009001B0704781B000904E
:103B500001B0704781B0009001B0704780B584B06B
:103B60000290029890F8200001282FD1FFE70299D7
:103B7000022081F8200002980168086820F0010006
:103B8000086000F097FD0190FFE702980068406828
:103B9000C007A8B1FFE700F08DFD0199401A0B287E
:103BA0000DD3FFE70299486A40F400304862029959
:103BB000052081F8200001208DF80F000FE0E4E7D8
:103BC0000299002048628DF80F0008E00299486AC7
:103BD00040F40020486201208DF80F00FFE79DF8B7
:103BE0000F0004B080BD000081B0009001B07047AC
:103BF00081B0009001B0704781B0009001B0704773
:103C000081B0009001B0704781B0009001B0704762
:103C100081B0009001B0704781B0009001B0704752
:103C200080B584B002900298806D019000F042FD52
:103C30000090029890F8350002280DD0FFE7029915
:103C400080204865FFE70299002081F83400FFE7F3
:103C500001208DF80F0055E002980168086820F0F7
:103C60001600086002980168486920F080004861E9
:103C70000298006C20B9FFE70298806C38B1FFE72A
:103C800002980168086820F008000860FFE70298C1
:103C90000168086820F001000860FFE702980068EA
:103CA0000068C007C8B1FFE700F004FD0099401AA2
:103CB000062811D3FFE702992020486502990320C6
:103CC00081F83500FFE70299002081F83400FFE712
:103CD00003208DF80F0015E0E0E70298C16D3F204A
:103CE0008840019988600299012081F83500FFE73A
:103CF0000299002081F83400FFE7FFE700208DF8EB
:103D00000F00FFE79DF80F0004B080BD82B0009067
:103D1000009890F83500022807D0FFE7009980202E
:103D2000486501208DF807000EE00099052081F814
:103D3000350000980168086820F001000860FFE77E
:103D400000208DF80700FFE79DF8070002B07047DC
:103D500080B586B005900020039040F2D000C2F2FA
:103D60000000006848F2B511C1F64E31A0FB011009
:103D7000800A02900598806D019001980068049077
:103D800004980599C96DC840000700281AD5FFE7B7
:103D90000598006800684007002812D5FFE70598DD
:103DA0000168086820F0040008600598C16D0820CB
:103DB0008840019988600599486D40F00100486588
:103DC000FFE7FFE704980599C96DC840C007A0B197
:103DD000FFE7059800684069000600280CD5FFE75A
:103DE0000598C16D01208840019988600599486D4A
:103DF00040F002004865FFE7FFE704980599C96DA8
:103E0000C8404007002814D5FFE7059800680068FF
:103E1000800700280CD5FFE70598C16D0420884075
:103E2000019988600599486D40F004004865FFE7F6
:103E3000FFE704980599C96DC840C006002847D51A
:103E4000FFE7059800680068000700283FD5FFE7F6
:103E50000598C16D10208840019988600598006818
:103E60000068400300281AD5FFE70598006800683D
:103E70000003002809D4FFE70598006C20B1FFE794
:103E80000598016C8847FFE708E00598806C20B131
:103E9000FFE70598816C8847FFE7FFE716E0059884
:103EA00000680068C005002807D4FFE7059801688E
:103EB000086820F008000860FFE70598006C20B152
:103EC000FFE70598016C8847FFE7FFE7FFE7FFE79B
:103ED00004980599C96DC8408006002840F18D807E
:103EE000FFE7059800680068C006002840F184805C
:103EF000FFE70598C16D20208840019988600598EA
:103F000090F83500052834D1FFE705980168086866
:103F100020F01600086005980168486920F08000CC
:103F200048610598006C20B9FFE70598806C38B1AE
:103F3000FFE705980168086820F008000860FFE7BF
:103F40000598C16D3F20884001998860059901203E
:103F500081F83500FFE70599002081F83400FFE77C
:103F60000598006D20B1FFE70598016D8847FFE7D0
:103F70007BE0059800680068400300281AD5FFE739
:103F80000598006800680003002809D4FFE7059839
:103F9000406C20B1FFE70598416C8847FFE708E0D7
:103FA0000598C06B20B1FFE70598C16B8847FFE714
:103FB000FFE720E0059800680068C005002811D4DC
:103FC000FFE705980168086820F01000086005996F
:103FD000012081F83500FFE70599002081F83400C1
:103FE000FFE7FFE70598C06B20B1FFE70598C16BBD
:103FF0008847FFE7FFE7FFE7FFE70598406DA0B3BD
:10400000FFE70598406DC00730B3FFE7059905202D
:1040100081F8350005980168086820F00100086003
:10402000FFE70398013003900299884201D9FFE726
:1040300007E0FFE7059800680068C0070028F0D196
:10404000FFE70599012081F83500FFE70599002079
:1040500081F83400FFE7FFE70598C06C20B1FFE767
:104060000598C16C8847FFE7FFE706B080BD0000F8
:1040700080B586B004900020039000F01BFB0290F6
:10408000049820B9FFE701208DF81700A3E00498F9
:10409000406A08B1FFE7FFE70499022081F8350084
:1040A000FFE70499002081F83400FFE704980168D5
:1040B000086820F001000860FFE7049800680068C5
:1040C000C00790B1FFE700F0F5FA0299401A062800
:1040D0000AD3FFE70499202048650499032081F85A
:1040E00035008DF8170076E0E7E70498006800686F
:1040F0000390039848F23F01CFF21001084003906B
:10410000049900914868D1F808C0CB680A6940EA70
:104110000C00184310434A6910438A691043CA6966
:104120001043096A01430398084303900498406AC6
:10413000042808D1FFE70499C86A096B0143039872
:1041400008430390FFE703980499096808600498FE
:10415000006840690390039820F0070003900498DA
:10416000416A0398084303900498406A04281AD1CE
:10417000FFE70498816A0398084303900498C06A93
:1041800080B1FFE70498FEF7F1F950B1FFE7049919
:10419000402048650499012081F835008DF817000A
:1041A00019E0FFE7FFE7039804990968486104985C
:1041B000FEF7B0F901900498C16D3F208840019945
:1041C0008860049900204865049A012182F835101E
:1041D0008DF81700FFE79DF8170006B080BD0000BE
:1041E00080B588B0069005910492039300208DF865
:1041F0000B000698806D0190FFE7069890F8340058
:10420000012804D1FFE702208DF81F0045E0069940
:10421000012081F83400FFE7FFE7069890F83500A9
:1042200001282BD1FFE70699022081F83500069975
:104230000020486506980599049A039BFEF70EFA3C
:104240000698C16D3F2088400199886006980168F2
:10425000086840F0160008600698006C38B1FFE767
:1042600006980168086840F008000860FFE70698B3
:104270000168086840F00100086009E0FFE706995E
:10428000002081F83400FFE702208DF80B00FFE7E3
:104290009DF80B008DF81F00FFE79DF81F0008B088
:1042A00080BD000080B584B0039000F003FA029056
:1042B000039801900198013048B1FFE740F2C8101F
:1042C000C2F200000178019808440190FFE7FFE77F
:1042D00000F0F0F90299401A0199884201D2FFE7F3
:1042E000F6E704B080BD00008DB00C900B9100206B
:1042F0000990089007900A90FFE70A980F2800F2AB
:10430000BE81FFE70A990120884009900B98006858
:1043100009990840089008980999884240F0AA81B4
:10432000FFE70B98406800F00300012807D0FFE783
:104330000B98406800F0030002282FD1FFE70C988B
:10434000806807900A984100032000FA01F107985D
:10435000884307900B98C0680A99490000FA01F158
:1043600007980843079007980C9988600C98406854
:1043700007900A99012000FA01F1079888430790F5
:104380000B984068C0F300100A9900FA01F10798F1
:104390000843079007980C994860FFE70B9840681E
:1043A00000F00300032818D0FFE70C98C0680790BE
:1043B0000A984100032000FA01F10798884307900A
:1043C0000B9880680A99490000FA01F107980843A0
:1043D000079007980C99C860FFE70B98406800F0B9
:1043E0000300022826D1FFE70C980A996FF0030218
:1043F00002EA51010844006A07900A9800F0070099
:1044000081000F2000FA01F10798884307900B986C
:1044100000690A9901F00701890000FA01F1079883
:104420000843079007980C990A9B02EA530211442B
:104430000862FFE70C98006807900A984100032083
:1044400000FA01F10798884307900B98406800F044
:1044500003000A99490000FA01F107980843079000
:1044600007980C9908600B9880798007002800F065
:104470000081FFE7FFE70020069043F64400C4F206
:104480000200016841F480410160006800F480404E
:1044900006900698FFE70A9820F0030043F608010B
:1044A000C4F20101405807900A9800F0030081000F
:1044B0000F2000FA01F10798884307900C9800211B
:1044C000C4F20201884203D1FFE70020059050E0CA
:1044D0000C9840F20041C4F20201884203D1FFE788
:1044E0000120049042E00C9840F60001C4F2020161
:1044F000884203D1FFE70220039034E00C9840F695
:104500000041C4F20201884203D1FFE70320029078
:1045100026E00C9841F20001C4F20201884203D166
:10452000FFE70420019018E00C9841F20041C4F22A
:104530000201884203D1FFE7052000900AE00C99B0
:1045400041F60002C4F202020720914208BF062091
:104550000090FFE700980190FFE701980290FFE7C5
:1045600002980390FFE703980490FFE704980590F2
:10457000FFE70598C0B20A9901F00301890000FA2B
:1045800001F107980843079007980A9921F0030161
:1045900043F60802C4F20102885043F60840C4F210
:1045A00001000068079008990798884307900B98C6
:1045B0008079C006002805D5FFE7089907980843C9
:1045C0000790FFE7079843F60841C4F2010108602D
:1045D00043F60C40C4F20100006807900899079860
:1045E000884307900B9880798006002805D5FFE75F
:1045F0000899079808430790FFE7079843F60C418E
:10460000C4F20101086043F60440C4F201000068EE
:10461000079008990798884307900B98807980073E
:10462000002805D5FFE70899079808430790FFE79A
:10463000079843F60441C4F20101086043F60040C4
:10464000C4F2010000680790089907988843079012
:104650000B988079C00728B1FFE7089907980843AD
:104660000790FFE7079843F60041C4F20101086094
:10467000FFE7FFE7FFE70A9801300A903DE60DB03B
:104680007047000082B00190ADF802108DF8012053
:104690009DF8010028B1FFE7BDF80200019988618B
:1046A00005E0BDF80200000401998861FFE702B04F
:1046B0007047000045F29C00C2F20000006870479D
:1046C00040F2C810C2F20000027845F29C01C2F22A
:1046D00000010868104408607047000080B543F688
:1046E0000041C4F20201086840F4007008600868E4
:1046F00040F480600860086840F48070086003201F
:1047000000F0C6F8052000F005F800F071F8002070
:1047100080BD000080B58CB00B9000200590049007
:10472000FFE70020019043F64400C4F20200016854
:1047300041F001010160006800F001000190019862
:10474000FFE706A803A900F0DDF900F01DFA40001C
:10475000059005984DF68361C4F21B31A0FB010161
:104760004FF0FF3000EB9140049041F2EC10C2F2A8
:1047700000000021C4F20101016040F2E731C16094
:1047800004994160002101618160816101F082F939
:104790008DF80B009DF80B0028BBFFE741F2EC10F1
:1047A000C2F2000001F00AFA8DF80B009DF80B0030
:1047B000C0B9FFE7192000F047F80B980F280CD874
:1047C000FFE70B991920002200F048F80B9840F2FF
:1047D000CC11C2F20001086003E001208DF80B004B
:1047E000FFE7FFE7FFE79DF80B000CB080BD00007E
:1047F00080B582B0FFE70020019043F64400C4F288
:104800000200016841F480410160006800F48040CA
:1048100001900198FFE7FFE70020009043F6400079
:10482000C4F20200016841F080510160006800F0AC
:10483000805000900098FFE76FF001000F210022E8
:1048400000F00CF802B080BD80B582B08DF8070092
:104850009DF9070008F0D0FB02B080BD80B586B09E
:104860008DF81700049103920020029008F0DCFB01
:1048700002909DF91700019002980499039A06F09E
:104880008DF90146019808F0D7FB06B080BD000005
:1048900080B582B00190019808F0F0FB02B080BDB5
:1048A00080B584B002900191029820B9FFE7012001
:1048B0008DF80F0021E1019843F60041C4F2020196
:1048C000096801F00F01884212D9FFE7019943F608
:1048D0000040C4F202000170006800F00F0001996E
:1048E000884204D0FFE701208DF80F0005E1FFE7C3
:1048F00002980078800700282AD5FFE70298007800
:104900004007002809D5FFE743F60801C4F2020179
:10491000086840F4E0500860FFE70298007800075C
:10492000002809D5FFE743F60801C4F20201086830
:1049300040F460400860FFE743F60801C4F202015A
:10494000086820F0F000029A926810430860FFE7C0
:1049500002980078C00700286ED0FFE702984068F0
:10496000012811D1FFE743F60000C4F202000068FD
:1049700000F400310020B0EB514F04D1FFE70120DB
:104980008DF80F00B9E02CE002984068022805D0AD
:10499000FFE702984068032811D1FFE743F60000C3
:1049A000C4F20200006800F000710020B0EB516F0B
:1049B00004D1FFE701208DF80F009EE010E043F6E0
:1049C0000000C4F20200006800F002010020B0EB19
:1049D000510F04D1FFE701208DF80F008DE0FFE7B4
:1049E000FFE743F60801C4F20201086820F0030063
:1049F000029A526810430860FFF75CFE0090FFE7E0
:104A000043F60800C4F20200006800F00C000299AE
:104A10004968B0EB810F0ED0FFE7FFF74BFE00991E
:104A2000401A41F28931884204D3FFE703208DF810
:104A30000F0062E0E4E7FFE7019843F60041C4F2AB
:104A40000201096801F00F01884212D2FFE70199C3
:104A500043F60040C4F202000170006800F00F004D
:104A60000199884204D0FFE701208DF80F0044E04F
:104A7000FFE702980078400700280CD5FFE743F6CF
:104A80000801C4F20201086820F4E050029AD268DA
:104A900010430860FFE702980078000700280DD552
:104AA000FFE743F60801C4F20201086820F4604001
:104AB000029A126940EAC2000860FFE700F076F847
:104AC00043F60801C4F202010968C9B20A0942F2B8
:104AD000F431C0F60101895CC84040F2D001C2F255
:104AE0000001086040F2CC10C2F200000068FFF73D
:104AF00011FE00208DF80F00FFE79DF80F0004B0B5
:104B000080BD000082B00190009101990F200860E3
:104B100043F60800C4F20200016801F00301019AA3
:104B20005160016801F0F001019A9160016801F49F
:104B3000E051019AD160006800F46040C00801991A
:104B4000086143F60040C4F20200006800F00F0064
:104B50000099086002B0704740F2D000C2F2000035
:104B60000068704780B5FFF7F7FF43F60801C4F20D
:104B700002010968C1F3822242F20441C0F6010138
:104B8000895CC84080BD000080B5FFF7E5FF43F6B3
:104B90000801C4F20201096889B24A0B42F20441D9
:104BA000C0F60101895CC84080BD000080B586B0B8
:104BB00000200590049003900290019043F60800B5
:104BC000C4F20200006800F00C00014600910C28BD
:104BD00000F29B800099DFE801F0079898980D9803
:104BE000989813989898570042F20040C0F2F40049
:104BF000019090E041F60030C0F2B70001908AE0E9
:104C000043F60400C4F20200016801F03F0105917F
:104C100000684002002813D5FFE743F60400C4F201
:104C200002000068C0F3881041F60031C0F2B701FD
:104C3000A0FB0101059A0023FBF7E0FA049012E0C3
:104C400043F60400C4F202000068C0F3881042F288
:104C50000041C0F2F401A0FB0101059A0023FBF71B
:104C6000CDFA0490FFE743F60400C4F202000068A6
:104C700000F44031022000EBD130039004980399F6
:104C8000B0FBF1F0019046E043F60400C4F20200EC
:104C9000016801F03F01059100684002002813D52A
:104CA000FFE743F60400C4F202000068C0F3881076
:104CB00041F60031C0F2B701A0FB0101059A0023C3
:104CC000FBF79CFA049012E043F60400C4F20200E1
:104CD0000068C0F3881042F20041C0F2F401A0FB6A
:104CE0000101059A0023FBF789FA0490FFE743F6D8
:104CF0000400C4F202000068C0F30270029004983D
:104D00000299B0FBF1F0019005E042F20040C0F2E0
:104D1000F4000190FFE7019806B080BD80B586B031
:104D20000490049820B9FFE701208DF8170084E370
:104D300004980078C007002800F0BA80FFE743F627
:104D40000800C4F20200006800F00C00042828D01B
:104D5000FFE743F60800C4F20200006800F00C0010
:104D600008280BD1FFE743F60400C4F202000068F4
:104D700000F48000B0F5800F13D0FFE743F6080081
:104D8000C4F20200006800F00C000C281ED1FFE7FE
:104D900043F60400C4F2020000684002002815D562
:104DA000FFE743F60000C4F20200006800F400319F
:104DB0000020B0EB514F08D0FFE70498406820B9BD
:104DC000FFE701208DF8170037E370E0FFE7049854
:104DD0004068B0F5803F09D1FFE743F60001C4F217
:104DE0000201086840F48030086020E004984068C0
:104DF000B0F5A02F0DD1FFE743F60001C4F2020188
:104E0000086840F480200860086840F4803008603A
:104E10000CE043F60001C4F20201086820F480307F
:104E20000860086820F480200860FFE7FFE7FFE7DC
:104E300004984068E8B1FFE7FFF73CFC0390FFE708
:104E400043F60000C4F20200006800F400310020C4
:104E5000B0EB514F0CD1FFE7FFF72CFC0399401A40
:104E6000652804D3FFE703208DF81700E5E2E7E7A4
:104E70001CE0FFF71FFC0390FFE743F60000C4F2BD
:104E80000200006800F400310020B0EB514F0CD05C
:104E9000FFE7FFF70FFC0399401A652804D3FFE7EB
:104EA00003208DF81700C8E2E7E7FFE7FFE7FFE719
:104EB000049800788007002840F1A980FFE743F6B6
:104EC0000800C4F20200006810F00C0F26D0FFE7C3
:104ED00043F60800C4F20200006800F00C00082845
:104EE00009D1FFE743F60400C4F202000068400263
:104EF000002813D5FFE743F60800C4F2020000685B
:104F000000F00C000C282CD1FFE743F60400C4F29B
:104F1000020000684002002823D4FFE743F60000A7
:104F2000C4F20200006800F002010020B0EB510F53
:104F300009D0FFE70498C068012804D0FFE70120EA
:104F40008DF8170079E243F60001C4F20201086807
:104F500020F0F800049A126940EAC2000860FFE7F6
:104F600054E00498C06870B3FFE70021C4F2472101
:104F700001200860FFF79EFB0390FFE743F6000067
:104F8000C4F20200006800F002010020B0EB510FF3
:104F90000CD1FFE7FFF78EFB0399401A032804D3D7
:104FA000FFE703208DF8170047E2E7E743F600012B
:104FB000C4F20201086820F0F800049A126940EA7D
:104FC000C200086021E00021C4F2472100200860EF
:104FD000FFF770FB0390FFE743F60000C4F2020006
:104FE000006800F002010020B0EB510F0CD0FFE789
:104FF000FFF760FB0399401A032804D3FFE703205F
:105000008DF8170019E2E7E7FFE7FFE7FFE70498ED
:105010000078000700284BD5FFE70498406918B3D3
:10502000FFE740F68061C4F2472101200860FFF7E6
:1050300041FB0390FFE743F67400C4F202000068EE
:1050400000F002010020B0EB510F0CD1FFE7FFF799
:1050500031FB0399401A032804D3FFE703208DF89E
:105060001700EAE1E7E722E040F68061C4F2472159
:1050700000200860FFF71EFB0390FFE743F6740073
:10508000C4F20200006800F002010020B0EB510FF2
:105090000CD0FFE7FFF70EFB0399401A032804D357
:1050A000FFE703208DF81700C7E1E7E7FFE7FFE719
:1050B000049800784007002840F1CE80FFE70020E8
:1050C0008DF8070043F64000C4F202000068C000FB
:1050D000002815D4FFE7FFE70020009043F64000CA
:1050E000C4F20200016841F080510160006800F0E4
:1050F000805000900098FFE701208DF80700FFE73F
:1051000047F20000C4F200000068C005002822D465
:10511000FFE747F20001C4F20001086840F4807024
:105120000860FFF7C7FA0390FFE747F20000C4F2F8
:1051300000000068C00500280CD4FFE7FFF7BAFAAA
:105140000399401A032804D3FFE703208DF81700C2
:1051500073E1EAE7FFE7FFE704988068012809D1D7
:10516000FFE743F67001C4F20201086840F0010055
:1051700008601FE00498806805280DD1FFE743F61A
:105180007001C4F20201086840F004000860086879
:1051900040F0010008600CE043F67001C4F2020127
:1051A000086820F001000860086820F0040008602A
:1051B000FFE7FFE7FFE704988068F8B1FFE7FFF734
:1051C00079FA0390FFE743F67000C4F2020000682A
:1051D00000F002010020B0EB510F0ED1FFE7FFF706
:1051E00069FA0399401A41F28931884204D3FFE7F2
:1051F00003208DF8170020E1E5E71EE0FFF75AFADB
:105200000390FFE743F67000C4F20200006800F06C
:1052100002010020B0EB510F0ED0FFE7FFF74AFA72
:105220000399401A41F28931884204D3FFE70320F1
:105230008DF8170001E1E5E7FFE79DF80700012879
:1052400009D1FFE743F64001C4F20201086820F0EB
:1052500080500860FFE7FFE704988069002800F0AD
:10526000E880FFE743F60800C4F20200006800F09F
:105270000C00082800F08880FFE704988069022865
:105280005FD1FFE76021C4F2472100200860FFF7EB
:1052900011FA0390FFE743F60000C4F20200006831
:1052A00000F000710020B0EB516F0CD0FFE7FFF76A
:1052B00001FA0399401A032804D3FFE703208DF86D
:1052C0001700BAE0E7E70499C869D1F820C04B6A33
:1052D0008A6A40EA0C0040EA8310D2034FF6FF735B
:1052E0009A43A2F580321043CA6A40EA0260096B11
:1052F00040EA017043F60401C4F202010860602133
:10530000C4F2472101200860FFF7D4F90390FFE7BA
:1053100043F60000C4F20200006800F000710020B3
:10532000B0EB516F0CD1FFE7FFF7C4F90399401AB6
:10533000032804D3FFE703208DF817007DE0E7E79B
:1053400021E06021C4F2472100200860FFF7B2F994
:105350000390FFE743F60000C4F20200006800F08B
:1053600000710020B0EB516F0CD0FFE7FFF7A2F9FE
:105370000399401A032804D3FFE703208DF8170090
:105380005BE0E7E7FFE753E004988069012804D178
:10539000FFE701208DF817004FE043F60400C4F248
:1053A0000200006802900498806901283AD0FFE763
:1053B000029800F480000499C969884232D1FFE75D
:1053C000029800F03F000499096A88422AD1FFE759
:1053D000029847F6C07108400499496AB0EB811FF2
:1053E00020D1FFE7029800F440300499896AC9038C
:1053F0004FF6FF729143A1F58031884212D1FFE749
:10540000029800F070600499C96AB0EB016F09D18D
:10541000FFE7029800F0E0400499096BB0EB017FD0
:1054200004D0FFE701208DF8170006E0FFE7FFE753
:10543000FFE700208DF81700FFE79DF8170006B082
:1054400080BD000080B584B00290029820B9FFE7CB
:1054500001208DF80F0071E00298406A60B9FFE703
:1054600002984068B0F5827F01D1FFE703E002991E
:105470000020C861FFE705E0029900200861029959
:105480004861FFE7029900208862029890F8510075
:1054900040B9FFE70299002081F85000029800F01F
:1054A00051F8FFE70299022081F851000298016843
:1054B000086820F040000860029A01921168506864
:1054C000D2F808C0D36800F482700CF4044C604435
:1054D00003F400631844136903F00203184453698A
:1054E00003F001031844936903F400731844D3696B
:1054F00003F038031844136A03F080031843926AD8
:1055000002F4005210430860029A508B00F004002D
:105510001168526A02F01002104448600298016853
:10552000C86920F40060C861029900204865029AA9
:10553000012182F851108DF80F00FFE79DF80F0050
:1055400004B080BD80B588B007900020069005901B
:105550000490039002900798006843F60001C4F29B
:105560000001884235D1FFE7FFE70020019043F6B4
:105570004000C4F20200016841F48041016000680B
:1055800000F4804001900198FFE7FFE700200090C1
:1055900043F63000C4F20200016841F002010160EC
:1055A000006800F0020000900098FFE74FF44440CC
:1055B0000290022003900020049003200590052013
:1055C000069040F20040C4F2020002A9FEF78CFEF1
:1055D000FFE708B080BD000080B58EB0DDF840C0A8
:1055E0000C900B910A92ADF8263001200590002016
:1055F0008DF81300FFE70C9890F85000012804D1B3
:10560000FFE702208DF83700A6E10C99012081F810
:105610005000FFE7FFE7FFF74DF806900C9890F871
:1056200051008DF81F000C9840680890BDF82600C6
:10563000ADF824009DF81F00012812D0FFE708985C
:10564000B0F5827F09D1FFE70C98806828B9FFE7A1
:105650009DF81F00042804D0FFE702208DF81300F6
:105660006FE10B9838B1FFE70A9820B1FFE7BDF86A
:10567000260020B9FFE701208DF8130061E10C98A6
:1056800090F85100042805D0FFE70C99052081F817
:105690005100FFE70C99002048650A990C9A916324
:1056A000BDF826100C9AD187BDF826100C9A918768
:1056B0000B990C9A1163BDF826100C9AD186BDF88F
:1056C00026100C9A91860C9908640C9948640C98E1
:1056D0000068006800F04000402807D0FFE70C9801
:1056E0000168086840F040000860FFE70C98C06857
:1056F000B0F5006F7AD1FFE70C98406828B1FFE75A
:10570000BDF8240001280ED1FFE70C980168006B5A
:105710000088C8600C99086B023008630C99C88E29
:105720000138C886FFE7FFE70C98C18E0120029080
:1057300039B9FFE70C98C08F002818BF01200290EC
:10574000FFE70298C00700284FD0FFE70C980068D9
:1057500080688007002818D5FFE70C98C08EA0B19C
:10576000FFE70598012810D1FFE70C980168006B4E
:105770000088C8600C99086B023008630C99C88EC9
:105780000138C88600200590FFE70C980068806803
:10579000C007A8B1FFE70C98C08F88B1FFE70C984D
:1057A0000068C0680C99896B08800C99886B02307E
:1057B00088630C99C88F0138C88701200590FFE7DE
:1057C000FEF778FF0699401A109988420CD3FFE73C
:1057D0001098013040B1FFE703208DF813000C99B9
:1057E000012081F85100ACE09EE77CE00C98406815
:1057F00028B1FFE7BDF8240001280ED1FFE70C987F
:105800000168006B007808730C99086B013008631D
:105810000C99C88E0138C886FFE7FFE70C98C18E47
:105820000120019039B9FFE70C98C08F002818BFFC
:1058300001200190FFE70198C007002852D0FFE740
:105840000C98006880688007002818D5FFE70C983E
:10585000C08EA0B1FFE70598012810D1FFE70C9892
:105860000168006B007808730C99086B01300863BD
:105870000C99C88E0138C88600200590FFE70C9867
:1058800000688068C007A8B1FFE70C98C08F88B196
:10589000FFE70C980068C0680C99896B08700C9938
:1058A000886B013088630C99C88F0138C887012044
:1058B0000590FFE7FEF7FEFE0699401A1099884210
:1058C00004D3FFE71098013018B9FFE7109840B9EA
:1058D000FFE703208DF813000C99012081F8510097
:1058E0002FE09BE7FFE70C981099069A05F0A2FFBE
:1058F00038B1FFE701208DF813000C99202048658E
:105900001FE00C98806870B9FFE7FFE70020039064
:105910000C980068C06803900C9800688068039039
:105920000398FFE7FFE70C98406D20B1FFE70120E7
:105930008DF8130004E00C99012081F85100FFE775
:10594000FFE7FFE70C99002081F85000FFE79DF882
:1059500013008DF83700FFE79DF837000EB080BDCB
:1059600081B0009001B0704781B0009001B07047E5
:1059700085B003900291FFE7039890F83C0001285E
:1059800004D1FFE702208DF813007EE00399012087
:1059900081F83C00FFE7FFE70399022081F83D0012
:1059A0000398006840680190039800688068009040
:1059B000019820F070000190029801680198084356
:1059C00001900198039909684860039800680021D4
:1059D000C4F2010188423CD0FFE703980068B0F1AF
:1059E000804F36D0FFE70398006840F20041C4F2D0
:1059F000000188422DD0FFE70398006840F60001BF
:105A0000C4F20001884224D0FFE70398006840F602
:105A10000041C4F2000188421BD0FFE703980068F0
:105A200040F20041C4F20101884212D0FFE703981E
:105A3000006844F20001C4F20101884209D0FFE786
:105A40000398006841F60001C4F2000188420ED1BB
:105A5000FFE7009820F080000090029841680098CD
:105A6000084300900098039909688860FFE703994C
:105A7000012081F83D00FFE70399002081F83C00F8
:105A8000FFE700208DF81300FFE79DF8130005B035
:105A90007047000080B582B00090009820B9FFE701
:105AA00001208DF807003FE0009890F83D0040B9D4
:105AB000FFE70099002081F83C00009800F038F8DA
:105AC000FFE70099022081F83D00009951F8040B8E
:105AD00006F00CFA0099012081F84600FFE70099D2
:105AE000012081F83E00009981F83F00009981F87B
:105AF0004000009981F84100FFE7FFE7009901208D
:105B000081F84200009981F84300009981F844002F
:105B1000009981F84500FFE70099012081F83D00D8
:105B200000208DF80700FFE79DF8070002B080BD58
:105B300080B584B003900398006840F20041C4F23D
:105B40000001884212D1FFE7FFE70020029043F6F0
:105B50004000C4F20200016841F0020101600068E7
:105B600000F0020002900298FFE724E0039800682A
:105B700040F60041C4F2000188421BD1FFE7FFE775
:105B80000020019043F64000C4F20200016841F099
:105B900008010160006800F0080001900198FFE72B
:105BA0003220009005210022FEF758FE0098FEF7F3
:105BB0004BFEFFE7FFE704B080BD000083B001901B
:105BC000019890F83D00012804D0FFE701208DF8EE
:105BD0000B006AE00199022081F83D0001980168FC
:105BE000C86840F00100C860019800680021C4F254
:105BF000010188423CD0FFE701980068B0F1804F76
:105C000036D0FFE70198006840F20041C4F200017D
:105C100088422DD0FFE70198006840F60001C4F2E9
:105C20000001884224D0FFE70198006840F6004157
:105C3000C4F2000188421BD0FFE70198006840F2DF
:105C40000041C4F20101884212D0FFE701980068C8
:105C500044F20001C4F20101884209D0FFE7019833
:105C6000006841F60001C4F20001884212D1FFE74A
:105C700001980068806800F00700009000980628EE
:105C800007D0FFE701980168086840F0010008604C
:105C9000FFE706E001980168086840F0010008602D
:105CA000FFE700208DF80B00FFE79DF80B0003B025
:105CB0007047000081B0009000980168C86820F02B
:105CC0000100C860FFE700980068006A41F2111106
:105CD000084210D1FFE700980068006A40F2444192
:105CE000084207D1FFE700980168086820F001002A
:105CF0000860FFE7FFE7FFE70099012081F83D001A
:105D0000002001B07047000080B586B00490039178
:105D100000208DF80B00FFE7049890F83C00012864
:105D200004D1FFE702208DF81700ABE004990120B1
:105D300081F83C00FFE7FFE70499022081F83D006D
:105D40000498006880680190019820F07700019025
:105D5000019820F47F4001900198049909688860B7
:105D6000039800680090002872D0FFE70098102880
:105D70006ED0FFE7009820286AD0FFE7009830280F
:105D800066D0FFE70098402855D0FFE700985028DC
:105D900037D0FFE70098602840D0FFE700987028D0
:105DA0000BD0FFE70098B0F5805F05D0FFE70098C3
:105DB000B0F5005F16D052E055E004980068039BF0
:105DC0005A689968DB6806F085F90498006880686D
:105DD0000190019840F077000190019804990968BA
:105DE000886040E004980068039B5A689968DB6803
:105DF00006F070F904980168886840F48040886073
:105E000031E004980068039A5168D26806F08CFB70
:105E100004980068502106F077F924E0049800689F
:105E2000039A5168D26806F0A7FB049800686021C5
:105E300006F06AF917E004980068039A5168D2687E
:105E400006F072FB04980068402106F05DF90AE054
:105E5000049800680399096806F056F903E00120E8
:105E60008DF80B00FFE70499012081F83D00FFE762
:105E70000499002081F83C00FFE79DF80B008DF8A5
:105E80001700FFE79DF8170006B080BD81B00090B5
:105E900001B0704780B584B0039003980068C06873
:105EA000029003980068006901909DF80400800743
:105EB000002824D5FFE79DF80800800700281DD59D
:105EC000FFE7039801686FF0020008610399012061
:105ED0000877039800688069800720B1FFE703987E
:105EE000FFF7D4FF06E0039800F06AF9039800F08A
:105EF000B1FAFFE7039900200877FFE7FFE79DF875
:105F000004004007002825D5FFE79DF8080040075A
:105F100000281ED5FFE7039801686FF004000861B0
:105F200003990220087703980068806910F4407F85
:105F300004D0FFE70398FFF7A9FF06E0039800F0FD
:105F40003FF9039800F086FAFFE7039900200877ED
:105F5000FFE7FFE79DF804000007002824D5FFE7CE
:105F60009DF80800000700281DD5FFE70398016889
:105F70006FF008000861039904200877039800680F
:105F8000C069800720B1FFE70398FFF77FFF06E0B5
:105F9000039800F015F9039800F05CFAFFE7039905
:105FA00000200877FFE7FFE79DF80400C0060028FF
:105FB00025D5FFE79DF80800C00600281ED5FFE79D
:105FC000039801686FF010000861039908200877B2
:105FD00003980068C06910F4407F04D0FFE703987D
:105FE000FFF754FF06E0039800F0EAF8039800F08A
:105FF00031FAFFE7039900200877FFE7FFE79DF8F4
:106000000400C00778B1FFE79DF80800C00748B159
:10601000FFE7039801686FF001000861039800F042
:1060200003FBFFE7FFE79DF804000006002810D5FA
:10603000FFE79DF808000006002809D5FFE7039850
:1060400001686FF0800008610398FFF789FCFFE7A3
:10605000FFE79DF804004006002810D5FFE79DF8F3
:1060600008004006002809D5FFE7039801686FF093
:1060700040000861039800F0F9FAFFE7FFE79DF898
:1060800004008006002810D5FFE79DF80800800670
:10609000002809D5FFE7039801686FF02000086128
:1060A0000398FFF761FCFFE7FFE704B080BD000045
:1060B00080B588B00790002006900590049003906A
:1060C00002900798006840F20041C4F20001884243
:1060D00021D1FFE7FFE70020019043F63000C4F232
:1060E0000200016841F002010160006800F0020056
:1060F00001900198FFE720200290022003900021E8
:1061000004910591069040F20040C4F2020002A9F9
:10611000FEF7EAF8FFE708B080BD000080B586B062
:1061200004900391029200208DF80700FFE7049885
:1061300090F83C00012804D1FFE702208DF81700F9
:106140003AE00499012081F83C00FFE7FFE702985C
:1061500000900C2821D80099DFE801F0071F1F1FCD
:106160000D1F1F1F131F1F1F19000498006803999C
:1061700005F0E0FF15E004980068039906F050F878
:106180000FE004980068039906F0C4F809E0049849
:106190000068039906F038F903E001208DF8070044
:1061A000FFE7FFE70499002081F83C00FFE79DF836
:1061B00007008DF81700FFE79DF8170006B080BDB7
:1061C00081B0009001B0704780B582B00090009817
:1061D00020B9FFE701208DF807003FE0009890F814
:1061E0003D0040B9FFE70099002081F83C0000988D
:1061F00000F038F8FFE70099022081F83D0000998F
:1062000051F8040B05F072FE0099012081F8460058
:10621000FFE70099012081F83E00009981F83F00D6
:10622000009981F84000009981F84100FFE7FFE7FD
:106230000099012081F84200009981F843000099FB
:1062400081F84400009981F84500FFE7009901209A
:1062500081F83D0000208DF80700FFE79DF807005A
:1062600002B080BD81B0009001B0704780B586B0AB
:1062700004900391029200208DF80700FFE7049834
:1062800090F83C00012804D1FFE702208DF81700A8
:1062900089E00499012081F83C00FFE7FFE70298BC
:1062A00000900C2800F270800099DFE801F0076D83
:1062B0006D6D206D6D6D3A6D6D6D530004980068C5
:1062C000039905F037FF04980168886940F00800D9
:1062D000886104980168886920F004008861039847
:1062E00002690498016888691043886150E0049845
:1062F0000068039905F094FF04980168886940F4E8
:106300000060886104980168886920F48060886171
:106310000398026904980168886940EA022088614C
:1063200036E004980068039905F0F4FF04980168CA
:10633000C86940F00800C86104980168C86920F085
:106340000400C8610398026904980168C869104391
:10635000C8611DE004980068039906F055F8049898
:106360000168C86940F40060C86104980168C869A0
:1063700020F48060C8610398026904980168C869C4
:1063800040EA0220C86103E001208DF80700FFE722
:10639000FFE70499002081F83C00FFE79DF8070023
:1063A0008DF81700FFE79DF8170006B080BD0000CC
:1063B00080B582B00090009820B9FFE701208DF8E9
:1063C00007003FE0009890F83D0040B9FFE70099D2
:1063D000002081F83C00009800F038F8FFE70099B1
:1063E000022081F83D00009951F8040B05F07EFD74
:1063F0000099012081F84600FFE70099012081F80B
:106400003E00009981F83F00009981F84000009912
:1064100081F84100FFE7FFE70099012081F8420081
:10642000009981F84300009981F84400009981F8AF
:106430004500FFE70099012081F83D0000208DF81C
:106440000700FFE79DF8070002B080BD81B0009013
:1064500001B0704781B0009001B0704780B58CB03A
:106460000A900991099828B9FFE70A9890F83E0028
:1064700007901CE00998042805D1FFE70A9890F8D6
:106480003F00069010E00998082805D1FFE70A9818
:1064900090F84000059004E00A9890F841000590BB
:1064A000FFE705980690FFE706980790FFE7079833
:1064B000012804D0FFE701208DF82F00AFE00998F4
:1064C00028B9FFE70A99022081F83E001EE00998EA
:1064D000042806D1FFE70A99022081F83F000490C2
:1064E00012E00998082806D1FFE70A99022081F8EE
:1064F0004000039005E00A99022081F841000390D2
:10650000FFE703980490FFE70498FFE70A98006804
:1065100009990122019205F0C1FD01980A990968C3
:106520000022C4F20102914202900CD0FFE70A98C7
:1065300000684FF60041CBF6FE710844B0FA80F0D7
:1065400040090290FFE70298C00738B1FFE70A98B8
:106550000168486C40F400404864FFE70A9800680E
:106560000021C4F2010188423CD0FFE70A9800688C
:10657000B0F1804F36D0FFE70A98006840F2004142
:10658000C4F2000188422DD0FFE70A98006840F667
:106590000001C4F20001884224D0FFE70A98006895
:1065A00040F60041C4F2000188421BD0FFE70A9880
:1065B000006840F20041C4F20101884212D0FFE7B6
:1065C0000A98006844F20001C4F20101884209D02F
:1065D000FFE70A98006841F60001C4F20001884212
:1065E00012D1FFE70A980068806800F00700089061
:1065F0000898062807D0FFE70A980168086840F065
:1066000001000860FFE706E00A980168086840F0AA
:1066100001000860FFE700208DF82F00FFE79DF8DC
:106620002F000CB080BD000080B582B001900198B1
:1066300000680021C4F20101884203D1FFE7FEF7A0
:106640003FF8FFE70198006840F60041C4F20001FE
:10665000884208D1FFE740F67861C2F2000108885D
:1066600001300880FFE702B080BD000081B00090DB
:1066700001B0704782B00190ADF8021002B07047CF
:1066800080B584B0039000200290039800684069B0
:10669000C0B2C0090290039890F84100212823D18C
:1066A000FFE7029800B3FFE7FFE7FFE70398006802
:1066B00050E8050F20F080000190FFE70199039852
:1066C000026842E805100028F0D1FFE7FFE70398D1
:1066D000806B28B1FFE70398806BFDF7A1FAFFE715
:1066E000039806F005F9FFE7039800684069C0F3D6
:1066F00080100290039890F84200222823D1FFE7EF
:10670000029800B3FFE7FFE7FFE70398006850E84F
:10671000050F20F040000090FFE700990398026801
:1067200042E805100028F0D1FFE7FFE70398C06BAF
:1067300028B1FFE70398C06BFDF772FAFFE70398F3
:1067400006F078F8FFE7002004B080BD81B000902B
:1067500001B0704780B592B0119011980068006840
:10676000109011980068C0680F90119800684069F7
:106770000E9000200D900C90109800F00F000D90DE
:106780000D9888B9FFE79DF84000800600280AD5DB
:10679000FFE79DF83C008006002804D5FFE711982C
:1067A00006F0C2F8EAE1FFE70D98002800F0C28089
:1067B000FFE79DF83800C00738B9FFE7BDF83C0097
:1067C00010F4907F00F0B680FFE79DF84000C0070E
:1067D00058B1FFE79DF83D00C00730B1FFE71199C0
:1067E000486C40F001004864FFE79DF84000400716
:1067F00000280BD5FFE79DF83800C00730B1FFE750
:106800001199486C40F002004864FFE79DF8400091
:10681000800700280BD5FFE79DF83800C00730B18E
:10682000FFE71199486C40F004004864FFE79DF8C9
:1068300040000007002811D5FFE79DF83C008006C6
:10684000002805D4FFE79DF83800C00730B1FFE706
:106850001199486C40F008004864FFE71198406CBB
:10686000002866D0FFE79DF84000800600280AD582
:10687000FFE79DF83C008006002804D5FFE711984B
:1068800006F052F8FFE7119800684069C0F38010E5
:106890000C901198406C0007002804D4FFE70C9876
:1068A00000283ED0FFE7119805F0C4FF119800685A
:1068B0004069400600282FD5FFE7FFE7FFE7119862
:1068C000006850E8050F20F040000B90FFE70B999F
:1068D0001198026842E805100028F0D1FFE7FFE7B1
:1068E0001198C06B98B1FFE71198C16B4CF2DD5065
:1068F000C0F6000008651198C06BFDF707FA28B1D3
:10690000FFE71198C06B016D8847FFE703E011981E
:10691000FFF71CFFFFE703E01198FFF717FFFFE702
:1069200006E01198FFF712FF119900204864FFE775
:10693000FFE723E11198006B012840F0FF80FFE79B
:106940009DF84000C006002840F1F880FFE79DF860
:106950003C00C006002840F1F180FFE7FFE700207F
:106960000A901198006800680A90119800684068C1
:106970000A900A98FFE711980068406940060028CD
:1069800040F18280FFE71198C06B00684068ADF865
:106990002600BDF82600002875D0FFE7BDF82600C8
:1069A0001199898D88426EDAFFE7BDF826001199AA
:1069B000C8851198C06BC069B0F5807F58D0FFE7DB
:1069C000FFE7FFE71198006850E8030F20F480709C
:1069D0000890FFE708991198026842E80310002820
:1069E000F0D1FFE7FFE7FFE7FFE71198006850E805
:1069F000050F20F001000790FFE707991198026842
:106A000042E805100028F0D1FFE7FFE7FFE7FFE7C6
:106A10001198006850E8050F20F040000690FFE74D
:106A200006991198026842E805100028F0D1FFE7A6
:106A3000FFE71199202081F8420011990020086396
:106A4000FFE7FFE71198006850E8030F20F01000FF
:106A50000590FFE705991198026842E803100028A5
:106A6000F0D1FFE7FFE71198C06BFDF7D9F8FFE71A
:106A70001199022048631198818DC28D891A89B2BB
:106A8000FFF7F8FDFFE779E01199888DC98D401A6D
:106A9000ADF812001198C08D00284ED0FFE7BDF868
:106AA0001200002849D0FFE7FFE7FFE711980068D0
:106AB00050E8030F20F490700390FFE703991198BA
:106AC000026842E803100028F0D1FFE7FFE7FFE784
:106AD000FFE71198006850E8050F20F001000290D0
:106AE000FFE702991198026842E805100028F0D1EA
:106AF000FFE7FFE71199202081F84200119900205B
:106B00000863FFE7FFE71198006850E8030F20F0E3
:106B100010000190FFE701991198026842E8031004
:106B20000028F0D1FFE7FFE7119902204863119890
:106B3000BDF81210FFF79EFDFFE71FE09DF8400033
:106B4000000600280AD5FFE79DF83C000006002853
:106B500004D5FFE7119806F0C1F80FE09DF840005A
:106B6000400600280AD5FFE79DF83C0040060028B3
:106B700004D5FFE7119805F0A7FEFFE712B080BD2E
:106B800080B582B00090009820B9FFE701208DF811
:106B9000070040E00098806908B1FFE700E0FFE7E8
:106BA000009890F8410040B9FFE70099002081F873
:106BB0004000009800F034F8FFE70099242081F8A5
:106BC000410000980168C86820F40050C86000982F
:106BD00005F060FF00980168086920F490400861A2
:106BE00000980168486920F02A004861009801680F
:106BF000C86840F40050C860009900204864009ABA
:106C0000202182F84110009A82F8421000994863CE
:106C10008DF80700FFE79DF8070002B080BD000077
:106C200080B596B01590002014901390129011909A
:106C300010901598006844F60041C4F200018842A3
:106C40003FD1FFE7FFE700200F9043F64000C4F27A
:106C50000200016841F400210160006800F4002096
:106C60000F900F98FFE7FFE700200E9043F63000EB
:106C7000C4F20200016841F004010160006800F004
:106C800004000E900E98FFE74FF440601090022031
:106C90001190002008901290032013900820149067
:106CA00040F60000C4F2020010A9FDF71DFB089A8F
:106CB000342009900521FDF7D1FD0998FDF7C4FDA9
:106CC0003BE11598006841F20001C4F201018842DD
:106CD00040F09480FFE7FFE700200D9043F644006A
:106CE000C4F20200016841F010010160006800F088
:106CF00010000D900D98FFE7FFE700200C9043F681
:106D00003000C4F20200016841F001010160006836
:106D100000F001000C900C98FFE74FF4C060109059
:106D2000022011900020069012900320139007205B
:106D300014900020C4F2020010A9FDF7D5FA0699BC
:106D400041F21400C2F20000079046F24042C4F241
:106D5000020202604FF0006242608160C1604FF445
:106D60008062026141618161C1614FF4003202625F
:106D70004162FDF77DF918B1FFE7FBF79BFEFFE7E6
:106D8000FFE7159841F21401C2F20001C1631598A2
:106D90008863FFE741F27400C2F20000059046F2FA
:106DA000B841C4F2020101604FF00061416040212E
:106DB00081600021C1604FF48062026141618161A4
:106DC000C16101624162FDF753F918B1FFE7FBF7BA
:106DD00071FEFFE7FFE7159841F27401C2F200016E
:106DE000816315988863FFE7252004900521002220
:106DF000FDF734FD0498FDF727FD9DE01598006828
:106E000041F20041C4F20101884240F09480FFE762
:106E1000FFE700200B9043F64400C4F20200016833
:106E200041F020010160006800F020000B900B98F9
:106E3000FFE7FFE700200A9043F63000C4F20200AB
:106E4000016841F004010160006800F004000A904C
:106E50000A98FFE7C02010900220119000200290B5
:106E60001290032013900820149040F60000C4F202
:106E7000020010A9FDF738FA029941F2D400C2F2DB
:106E80000000039046F22842C4F2020202604FF072
:106E9000206242608160C1604FF4806202614161A2
:106EA0008161C1614FF4003202624162FDF7E0F896
:106EB00018B1FFE7FBF7FEFDFFE7FFE7159841F28A
:106EC000D401C2F20001C16315988863FFE741F263
:106ED0003410C2F20000019046F2A041C4F2020157
:106EE00001604FF020614160402181600021C1605C
:106EF0004FF48062026141618161C161016241625E
:106F0000FDF7B6F818B1FFE7FBF7D4FDFFE7FFE7A1
:106F1000159841F23411C2F200018163159888631B
:106F2000FFE74720009005210022FDF797FC00981D
:106F3000FDF78AFCFFE7FFE7FFE716B080BD000022
:106F400080B584B002900191ADF80220029890F8CB
:106F50004200202817D1FFE7019820B1FFE7BDF8D4
:106F6000020020B9FFE701208DF80F000FE0029921
:106F70000020086302980199BDF8022005F028FE60
:106F80008DF80F0003E002208DF80F00FFE79DF859
:106F90000F0004B080BD000080B582B00190019860
:106FA000006841F20001C4F20101884203D1FFE709
:106FB000F9F7DEFCFFE70198006841F20041C4F2F6
:106FC0000101884203D1FFE7F9F7E2FDFFE702B0D4
:106FD00080BD000081B0009001B0704780B586B0E0
:106FE00004900391ADF80A20049890F841002028FD
:106FF0005DD1FFE7039820B1FFE7BDF80A0020B993
:10700000FFE701208DF8170055E003980499086206
:10701000BDF80A0004998884BDF80A000499C88460
:10702000049900204864049A212182F841100499AF
:107030008A6B4CF2A171C0F60001D16304998A6B8E
:107040004CF61D01C0F60001116404998A6B4CF2E4
:10705000FD51C0F60001D1640499896B086503A84D
:10706000019004980268806B019909680432BDF8A8
:107070000A30FDF7B5F8049801686FF04000086029
:10708000FFE7FFE70498006850E8050F40F0800034
:107090000090FFE700990498026842E80510002874
:1070A000F0D1FFE7FFE700208DF8170003E0022092
:1070B0008DF81700FFE79DF8170006B080BD0000AF
:1070C00084B002900191ADF80220029890F841003E
:1070D000202826D1FFE7019820B1FFE7BDF8020084
:1070E00020B9FFE701208DF80F001EE001980299FA
:1070F0000862BDF8020002998884BDF80200029976
:10710000C884029900204864029A212182F8411023
:1071100002990A68D16841F08001D1608DF80F00B2
:1071200003E002208DF80F00FFE79DF80F0004B088
:107130007047000080B582B001900198006841F26C
:107140000001C4F2010188420AD1FFE740F60000C5
:10715000C4F202004FF400410022FDF793FAFFE76A
:1071600002B080BD81B0009001B0704780B584B09E
:10717000039000200290019040F6C861C2F2000125
:10718000AA220A6008220A61039A12788DF8042064
:10719000039A12798DF80520039A52798DF806200A
:1071A000039A92788DF80720039AD2788DF80820F8
:1071B000039A92798DF80920039A52788DF80A2063
:1071C0008DF80B0040F6C470C2F2000001AA012342
:1071D000FBF750FEE0B1FFE740F6C470C2F20000DA
:1071E00040F6C861C2F2000101AA0223FBF742FE89
:1071F00068B1FFE740F6C470C2F2000040F6C86113
:10720000C2F2000101AA0423FBF734FEFFE7FFE707
:1072100004B080BDFFE7FEE780B586B00590059815
:10722000D0F8EC00006840F26463C2F2000318601A
:107230000598D0F8EC00406840F26862C2F20002A3
:1072400010600598D0F8EC00806840F26C61C2F2E2
:10725000000108600598D0F8EC00D0F80CC040F2AE
:107260007060C2F20000C0F800C093ED000A92ED19
:10727000001A21EE011A20EE000A30EE011A91EDFB
:10728000000A20EE000A30EE011A90ED000A20EE0E
:10729000000A30EE010A06F019FE40F27460C2F2F4
:1072A000000080ED000A00208DF81300FFE79DF834
:1072B000130003281ADCFFE740F27460C2F20000FA
:1072C00090ED001A0598D0F8EC009DF8131000EB33
:1072D000810090ED000A20EE010A80ED000AFFE730
:1072E0009DF8130001308DF81300E0E740F268616B
:1072F000C2F2000191ED000A40F6F830C2F200003F
:10730000019090ED6F1A20EE010AB0EE001A8DED9B
:10731000021A80EE010A059AD2F8002182ED040AD1
:1073200040F26C62C2F2000292ED000A90ED6F2A08
:1073300020EE020A80EE010A059BD3F8003183EDAE
:10734000050A40F26463C2F2000393ED000A90ED77
:107350006F2A20EE420A80EE010ADDF814C0DCF844
:1073600000C18CED0A0A40F2706CC2F2000C9CED78
:10737000000A90ED6F2A20EE020A80EE010ADDF885
:1073800014E0DEF800E18EED0B0A9CED000A90EDB2
:107390006F2A20EE420A80EE010ADDF814C0DCF804
:1073A00000C18CED100A93ED000A90ED6F2A20EEDB
:1073B000420A80EE010A059BD3F8003183ED110AE1
:1073C00092ED000A90ED6F2A20EE020A80EE010A8B
:1073D000059AD2F8002182ED160A91ED000A90ED8F
:1073E0006F2A20EE420A80EE010A0599D1F80011B9
:1073F00081ED170A90ED741A0599D1F8F81091ED06
:107400001C0A80EE010A81ED1C0A90ED741A0598A1
:10741000D0F8F80090ED230A80EE010A80ED230AEF
:107420000598D0F8F80090ED1C0A9FED221AB4EEF2
:10743000410AF1EE10FA09DDFFE70598D0F8F810DF
:1074400044F20000C4F21C600867FFE70598D0F81A
:10745000F80090ED230A9FED171AB4EE410AF1EE01
:1074600010FA0ADDFFE70598D0F8F81044F20000A2
:10747000C4F21C60C1F88C00FFE700200390FFE716
:107480000398232814DCFFE740F6F830C2F200002E
:10749000D0F8FC00039A50F8220040F66431C2F2A2
:1074A000000141F82200FFE7039801300390E7E76D
:1074B00006B080BD00401C4680B58AB08DED090A3B
:1074C000CDED080A8DED071ACDED061A8DED052AD2
:1074D00040F6F831C2F200010491012008700998C9
:1074E000C1F8B0010898C1F8B4010798C1F8B80113
:1074F0004CF67740C3F22B20C1F8CC01002081F874
:107500003801C1F84401C1F84001C1F84C01C1F88B
:1075100048019DED060AB7EE001AB4EE410AF1EEFD
:1075200010FA04DDFFE74FF07E500690FFE7069962
:1075300040F6F830C2F200000290C0F8D011059970
:10754000C0F890110430062100220092032301F0BC
:10755000E3FD029901F5E07001F5E4730122019267
:10756000114605F083FE009A01990298D0F8ECC00C
:107570004FF07E53CCF80030D0F8EC305A60D0F8A1
:10758000EC309A60D0F8EC30DA6047F2F152C0F695
:107590000002C0F8D02047F21922C0F60002C0F85D
:1075A000D42047F27162C0F60002C0F8D82047F636
:1075B0000902C0F60002C0F8DC2080F82E1080F826
:1075C0002F10D0F8040142F21441C0F601019022BC
:1075D0000392F8F744FE0298039AD0F8FC0040F2B8
:1075E0002801C2F20001F8F73AFE0AB080BD00009F
:1075F00080B584B003900398D0F8F81040F22800CA
:10760000C2F200009022F8F72AFE0398D0F81C116D
:1076100040F2C060C2F2000048220192F8F71FFE5B
:10762000019A0398D0F80C1140F27860C2F2000081
:10763000F8F715FE00200290FFE70298232814DCDB
:10764000FFE740F6F830C2F20000D0F8FC00029AE2
:1076500050F8220040F66431C2F2000141F82200E5
:10766000FFE7029801300290E7E704B080BD000018
:1076700080B586B005900598D0F8EC0090ED000A32
:1076800030EE000A40F20870C2F20000009080ED77
:10769000000A0598D0F8EC0090ED010A30EE000ADF
:1076A00040F20C70C2F20000019080ED000A0598D3
:1076B000D0F8EC0090ED020A30EE000A40F21070B3
:1076C000C2F20000029080ED000A0598D0F8EC00AC
:1076D00090ED030A30EE000A40F21470C2F200008E
:1076E000039080ED000A059BD3F80C0141F268413C
:1076F000C2F2000109881A7B9B7B59435143F8F77A
:10770000C7FD009B019A0299039891ED000AB1EE22
:10771000400ADDF814C0DCF80CC18CED000AD0F88A
:1077200000C0DDF814E0DEF80CE1CEF804C093ED03
:10773000000AB1EE400ADDF814C0DCF80CC18CED93
:10774000020AD2F800C0DDF814E0DEF80CE1CEF851
:107750000CC0D2F800C0DDF814E0DEF80CE1CEF881
:1077600018C0D3F800C0DDF814E0DEF80CE1CEF864
:107770001CC0D0F800C0DDF814E0DEF80CE1CEF853
:1077800020C0D1F800C0DDF814E0DEF80CE1CEF83E
:1077900024C01B68DDF814C0DCF80CC1CCF8303014
:1077A00092ED000AB1EE400A059AD2F80C2182ED62
:1077B0000D0A91ED000AB1EE400A0599D1F80C11BD
:1077C00081ED0E0A00680599D1F80C11C8630020FC
:1077D0000490FFE70498232814DCFFE740F6F83014
:1077E000C2F20000D0F8FC00049A50F8220040F6E3
:1077F0006431C2F2000141F82200FFE70498013031
:107800000490E7E706B080BD80B58AB00990099979
:1078100001F17800803106F031F8099981F8C8004B
:107820000999B1F87800A1F8A8000999B1F85A00AF
:10783000A1F8AA00099A02F1780002F15801A832D1
:1078400005F024FF099981F8C8000999B1F8A8004A
:10785000A1F8B0000999B1F88200A1F8B200099A24
:1078600002F1A80002F18001B03205F00FFF099982
:1078700081F8C8000999B1F89000A1F8A000099911
:10788000B1F89200A1F8A200099A02F1B00002F149
:107890009001A03205F094FC099981F8C80009997B
:1078A00001F1A000B03105F0F5FC099981F8C8009C
:1078B0000998D0F8EC00006840F21873C2F2000397
:1078C00018600998D0F8EC00406840F21C72C2F2CF
:1078D000000210600998D0F8EC00806840F2207136
:1078E000C2F2000108600998D0F8EC00D0F80CC092
:1078F00040F22470C2F20000C0F800C0DDF824E0BD
:10790000BEF878C0AEF8B8C0DDF824E04FF0010C46
:10791000AEF8BAC092ED000A90ED002A93ED001A7D
:1079200091ED003A21EE031A20EE020A30EE410AF0
:1079300030EE000ADDF824C0DCF82CC18CED000A22
:1079400093ED000A92ED002A91ED001A90ED003AB5
:1079500021EE031A20EE020A30EE010A30EE000A90
:10796000DDF824C0DCF82CC18CED010A93ED000A8F
:1079700092ED001A21EE011A20EE000A30EE410AC3
:1079800091ED001A21EE011A30EE411A90ED000A35
:1079900020EE000A30EE010A0998D0F82C0180EDA3
:1079A000020A00208DF82300FFE79DF8230002283B
:1079B0001EDCFFE70998D0F82C019DF8231000EB9E
:1079C000810090ED000AB0EEC00A07F021FF9DF89B
:1079D000231040F6F830C2F2000000EB810080ED89
:1079E000610AFFE79DF8230001308DF82300DCE7F2
:1079F0000999B1F84800A1F8C00009990120A1F83F
:107A0000C200099A02F1480002F1B801C03205F043
:107A1000DFFE099981F8C80000200790FFE707986A
:107A2000232814DCFFE740F6F830C2F20000D0F85B
:107A3000FC00079A50F8220040F66431C2F20001BF
:107A400041F82200FFE7079801300790E7E709991E
:107A5000B1F8C000A1F8A800099901200390A1F88D
:107A6000AA00099A02F1B00002F1C001A83205F0A3
:107A70000DFE01460398099A82F8C8100999A1F8E9
:107A8000B8000999B1F8C000A1F8BA00099901F14C
:107A9000C000B83105F0F2FE099981F8C8000999D3
:107AA00001F1B800A83140F6F832C2F200020492A7
:107AB00002F5E07205F0EAFD01460498099A82F8A1
:107AC000C81090ED720A90ED731AB6EE002A21EEFE
:107AD000021AB4EE410AF1EE10FA08DAFFE740F6B6
:107AE000F831C2F20001012081F83801FFE740F6C9
:107AF000F830C2F2000090ED720A90ED731AB4EE05
:107B0000410AF1EE10FA64DDFFE740F6F830C2F208
:107B1000000090F8380100285BD0FFE740F6F8300D
:107B2000C2F2000090F8390180B1FFE740F6F83169
:107B3000C2F20001D1F84021D1F84401013240F1F4
:107B40000000C1F84021C1F8440109E040F6F831D5
:107B5000C2F200010020C1F84401C1F84001FFE772
:107B600040F6F830C2F20000D0F84011D0F84401DD
:107B7000333970F100000BD3FFE740F6F831C2F261
:107B80000001002081F83801099981F82C001FE0DC
:107B9000099BD3F8E800D3F8EC1041F26842C2F236
:107BA0000002029212881B7B5A43F8F758FB029A94
:107BB000099BD3F8F800D3F8FC1012881B7B5A43BA
:107BC0005A43F8F74CFB0999012081F82C0080E119
:107BD000FFE740F6F830C2F2000090ED720A90ED37
:107BE000731A9FEDBD2A21EE021AB4EE410AF1EE9E
:107BF00010FA1BDDFFE740F6F830C2F2000090F803
:107C0000380198B1FFE740F6F830C2F2000090ED7D
:107C1000720A90ED731A31EE400A9FEDB02A21EE00
:107C2000021A80EE010A80ED670A08E040F6F8319A
:107C3000C2F200014FF07E50C1F89C01FFE740F610
:107C4000F831C2F2000100200190C1F84401C1F8EE
:107C50004001099981F82C000999B1F85800A1F860
:107C6000A8000999B1F88200A1F8AA00099A02F1C6
:107C7000580002F18001A83205F008FD099981F849
:107C8000C800099A02F1A80002F1B001983205F08B
:107C9000FDFC01460198099A82F8C8108DF81B0076
:107CA000FFE79DF81B00099AB2F89810B2F89A20E5
:107CB000514388421ADAFFE740F6F830C2F200007A
:107CC00090ED671A0998D0F81C019DF81B1000EB85
:107CD000810090ED000A20EE010A80ED000AFFE726
:107CE0009DF81B0001308DF81B00DAE704208DF8A9
:107CF0001A00FFE79DF81A00052835DCFFE7002091
:107D00008DF81900FFE79DF81900022825DCFFE730
:107D10009DF81A1040F6F830C2F2000000EB810026
:107D200090ED5D0A9FED701A80EE011A0998D0F867
:107D30001C0101EB41019DF81920114400EB810069
:107D400090ED000A20EE010A80ED000AFFE79DF8A1
:107D5000190001308DF81900D5E7FFE79DF81A00EA
:107D600001308DF81A00C5E70999B1F89800A1F81B
:107D7000B80009990120A1F8BA00099A02F1980007
:107D800002F1C001B83205F081FC099981F8C80000
:107D900040F6F830C2F2000090F8380100286BD0AD
:107DA000FFE704208DF81800FFE79DF8180005286C
:107DB00061DCFFE70998D0F8BC009DF8181000EBD3
:107DC000810090ED000A40F6F830C2F2000090ED1C
:107DD0006F1A9FED432A21EE021AB4EE410AF1EE2A
:107DE00010FA14DDFFE740F6F830C2F2000090ED23
:107DF0006F0A9FED3B1A20EE010A0998D0F8BC00EB
:107E00009DF8181000EB810080ED000AFFE709984B
:107E1000D0F8BC009DF8181000EB810090ED000A2E
:107E200040F6F830C2F2000090ED6F1A9FED2D2A57
:107E300021EE021AB4EE410AF1EE10FA14DAFFE76D
:107E400040F6F830C2F2000090ED6F0A9FED251A5F
:107E500020EE010A0998D0F8BC009DF8181000EB3C
:107E6000810080ED000AFFE7FFE79DF81800013070
:107E70008DF8180099E7FFE70998D0F8BC100020AA
:107E80000090C860099A02F1380002F1B80130325E
:107E900005F096F901460098099A82F8C8100590F5
:107EA000FFE70598232814DCFFE740F6F830C2F21C
:107EB0000000D0F8FC00059A50F8220040F664312A
:107EC000C2F2000141F82200FFE705980130059059
:107ED000E7E70AB080BD00BFCDCCCC3D6666663F0B
:107EE0000AD7233C0AD723BCDA0FC93F80B582B03A
:107EF00040F2E440C2F2000090ED070A40F2C400F4
:107F0000C2F20000D0ED000A40F68460C2F2000028
:107F1000019003F0BDF9019890ED080A05F074FF97
:107F200000EE100AB8EEC00ADFED090A9FED091A4B
:107F3000FAF7DEFDBDEEC00A10EE102A41F2342041
:107F4000C2F20000042104F0B1FA02B080BD00BF0B
:107F5000000000000000804F80B540F24861C2F28E
:107F600000014FF07E5048608860C86000200861C2
:107F70004861886101200870B2EE040ADFED0D0A45
:107F80009FED0D1AF7EE001A9FED0C2AFFF794FAF9
:107F900040F23471C2F200014FF07C50886547F224
:107FA000BC40C3F61340C86549F69A10C3F6197071
:107FB000086680BD6F12833A8096184B000000005F
:107FC00080B58AB0099007F055FA08904FF2C35077
:107FD000C4F21C100790002006900590FFE708A847
:107FE000012106F0E9FE41F2B431C2F20001086855
:107FF0000130086040F22870C2F20000FAF7A2FBDC
:1080000040F23070C2F20000029080ED000A40F2AF
:10801000E440C2F200000190F9F76CFA0198D0ED4B
:10802000001A90ED012AD0ED022A90ED030AD0ED5E
:10803000040A90ED051A40F23470C2F20000039079
:1080400002F0DAF901990298039A0B6893624B687F
:10805000D3628B681363CB6813610B6953614B69FF
:10806000936191ED030A92ED042A92ED071A92EDC5
:10807000173A30EE420A90ED002A33EE022A80EEE3
:10808000020A21EE031A81EE021A30EE010A82ED95
:10809000070A91ED040A92ED052A92ED081A92ED75
:1080A000173A30EE420A90ED002A33EE022A80EEB3
:1080B000020A21EE031A81EE021A30EE010A82ED65
:1080C000080A91ED050A92ED062A92ED091A92ED41
:1080D000173A30EE420A90ED002A33EE022A80EE83
:1080E000020A21EE031A81EE021A30EE010A82ED35
:1080F000090A02F1640142F20450C0F60100F9F7E6
:10810000C1FC039A02F1700142F21050C0F6010066
:10811000F9F7B8FC039A02F17C0142F21C50C0F658
:108120000100F9F7AFFC039A40F69471C2F2000126
:1081300005A8FAF71DFC00208DF81300FFE79DF855
:108140001300022833DCFFE79DF8130040F234717E
:10815000C2F2000140F69472C2F2000202EB800209
:1081600092ED002A01EB800090ED0A0A90ED0D1AC5
:1081700030EE420A40F23072C2F2000292ED002A62
:1081800020EE020A91ED163A33EE022A80EE020A40
:1081900021EE031A81EE021A30EE010A80ED0D0A7B
:1081A000FFE79DF8130001308DF81300C7E740F298
:1081B0003472C2F2000202F1340002F14001F9F718
:1081C00061FC41F2B430C2F200000078C00718B977
:1081D000FFE7FFF78BFEFFE701E70000000000006C
:1081E00080B594B040F6BC00C2F20000129090ED51
:1081F000080A90ED0B1A30EE410A05F097FB129831
:108200009FEDCD1A8DED0D1A20EE010A8DED060AB7
:1082100090ED090A90ED0A1A30EE410A05F086FB4E
:108220001298B0EE401A9DED060A20EE010A8DED7F
:10823000070A90ED0A1A90ED0B0A30EE410A05F09C
:1082400075FB1298B0EE401A9DED070A80EE010A08
:1082500080ED230A90ED080A90ED0B1A30EE410AEA
:1082600004F02AFF9DED0D1A129820EE010A8DED03
:10827000080A90ED090A90ED0A1A30EE410A05F05D
:1082800055FB1298B0EE401A9DED080A20EE010A47
:108290008DED0A0A90ED0A1A90ED0B0A90ED192A5D
:1082A0008DED092A30EE410A05F040FB9DED091ADB
:1082B0001298B0EE402A9DED0A0A21EE021A80EED5
:1082C000010A80ED240A90ED113A90ED122A90ED0A
:1082D000241A90ED550A20EE030A21EE021A9FEDB2
:1082E000972A8DED102A21EE021A9FED952A8DED29
:1082F000112A20EE020A30EE010A80ED160A90EDF6
:10830000080A90ED0A1A30EE410A05F00FFB9DEDC8
:108310000D1A129820EE010A8DED0B0A90ED0B0A52
:1083200090ED0C1A30EE410A05F000FB1298B0EE09
:10833000401A9DED0B0A20EE010A8DED0C0A90ED1E
:108340000A1A90ED0B0A30EE410A05F0EFFA129886
:10835000B0EE401A9DED0C0A80EE010A80ED250A70
:1083600090ED080A90ED0A1A30EE410A04F0A4FEDE
:108370009DED0D1A129820EE010A8DED0E0A90ED7A
:108380000B0A90ED0C1A30EE410A05F0CFFA129864
:10839000B0EE401A9DED0E0A20EE010A8DED130A93
:1083A00090ED0A1A90ED0B0A90ED192A8DED0F2A27
:1083B00030EE410A05F0BAFA9DED0F1A9DED103A24
:1083C0009DED112A1299B0EE404A9DED130A21EE5F
:1083D000041A80EE010A81ED260A91ED115A91ED01
:1083E000124A91ED250A91ED261A20EE050A21EE9A
:1083F000041A21EE031A20EE020A30EE010A81ED82
:10840000170AD1F88C00C1F89C00D1F89000C1F88F
:10841000A000D1F89400C1F8A400D1F89800C1F8E8
:10842000A80040F2D440C2F2000040F2C441C2F2BF
:10843000000104F02FFF08B1FFE7FFE740F6BC00A2
:10844000C2F20000059040F20C31C2F2000190ED42
:108450002B0A90ED2C1A91ED022A91ED0F3A21EEA4
:10846000031A20EE020A30EE010A80ED2F0A90ED89
:108470002D0A90ED2E1A91ED022A91ED0F3A21EE80
:10848000031A20EE020A30EE010A80ED300A90ED68
:108490001C0A90ED2F1A8DED041A9FED2A1A8DED0E
:1084A000011A20EE010A04F007FE9DED011A05985D
:1084B0008DED030A90ED1C0A90ED302A8DED022A15
:1084C00020EE010A05F032FA9DED021A9DED032A15
:1084D0000598B0EE403A9DED040A21EE031A90EDA6
:1084E000193A81EE031A20EE020A30EE010A80EDFD
:1084F000310A90ED310A9FED141A20EE010A10EEB8
:10850000100AF8F758F841EC100B51EC100B9FEDE6
:10851000080B53EC102BF7F7C6FE41EC100B51EC97
:10852000100BF8F75BF80599C1F8C40014B080BDD2
:10853000000000786686284000000C43AE47E13D0D
:10854000CDAFE6388010493A00401C4600000000DC
:1085500080B594B040F6BC00C2F20000129090EDDD
:108560003A0A90ED3D1A30EE410A05F0DFF9129813
:108570009FEDCD1A8DED0D1A20EE010A8DED060A44
:1085800090ED3B0A90ED3C1A30EE410A05F0CEF931
:108590001298B0EE401A9DED060A20EE010A8DED0C
:1085A000070A90ED3C1A90ED3D0A30EE410A05F0C5
:1085B000BDF91298B0EE401A9DED070A80EE010A4F
:1085C00080ED550A90ED3A0A90ED3D1A30EE410AE1
:1085D00004F072FD9DED0D1A129820EE010A8DED4A
:1085E000080A90ED3B0A90ED3C1A30EE410A05F086
:1085F0009DF91298B0EE401A9DED080A20EE010A8E
:108600008DED0A0A90ED3C1A90ED3D0A90ED4B2A53
:108610008DED092A30EE410A05F088F99DED091A21
:108620001298B0EE402A9DED0A0A21EE021A80EE61
:10863000010A80ED560A90ED433A90ED442A90ED00
:10864000550A90ED561A20EE030A21EE021A9FED0C
:10865000972A8DED102A21EE021A9FED952A8DEDB5
:10866000112A20EE020A30EE010A80ED480A90ED50
:108670003A0A90ED3C1A30EE410A05F057F99DEDAB
:108680000D1A129820EE010A8DED0B0A90ED3D0AAD
:1086900090ED3E1A30EE410A05F048F91298B0EE1E
:1086A000401A9DED0B0A20EE010A8DED0C0A90EDAB
:1086B0003C1A90ED3D0A30EE410A05F037F9129868
:1086C000B0EE401A9DED0C0A80EE010A80ED570ACB
:1086D00090ED3A0A90ED3C1A30EE410A04F0ECFCC1
:1086E0009DED0D1A129820EE010A8DED0E0A90ED07
:1086F0003D0A90ED3E1A30EE410A05F017F9129846
:10870000B0EE401A9DED0E0A20EE010A8DED130A1F
:1087100090ED3C1A90ED3D0A90ED4B2A8DED0F2A1D
:1087200030EE410A05F002F99DED0F1A9DED103A69
:108730009DED112A1299B0EE404A9DED130A21EEEB
:10874000041A80EE010A81ED580A91ED435A91ED29
:10875000444A91ED570A91ED581A20EE050A21EE90
:10876000041A21EE031A20EE020A30EE010A81ED0E
:10877000490AD1F85401C1F86401D1F85801C1F88F
:108780006801D1F85C01C1F86C01D1F86001C1F851
:10879000700140F2DC40C2F2000040F2CC41C2F273
:1087A000000104F077FD08B1FFE7FFE740F6BC00E9
:1087B000C2F20000059040F20C31C2F2000190EDCF
:1087C0005D0A90ED5E1A91ED1C2A91ED293A21EE99
:1087D000031A20EE020A30EE010A80ED610A90EDE4
:1087E0005F0A90ED601A91ED1C2A91ED293A21EE75
:1087F000031A20EE020A30EE010A80ED620A90EDC3
:108800004E0A90ED611A8DED041A9FED2A1A8DED36
:10881000011A20EE010A04F04FFC9DED011A0598A3
:108820008DED030A90ED4E0A90ED622A8DED022A3D
:1088300020EE010A05F07AF89DED021A9DED032A5B
:108840000598B0EE403A9DED040A21EE031A90ED32
:108850004B3A81EE031A20EE020A30EE010A80ED57
:10886000630A90ED630A9FED141A20EE010A10EEE0
:10887000100AF7F7A0FE41EC100B51EC100B9FED26
:10888000080B53EC102BF7F70EFD41EC100B51ECDD
:10889000100BF7F7A3FE0599C1F88C0114B080BD49
:1088A000000000786686284000000C43AE47E13D9A
:1088B000CDAFE6388010493A00401C4680B59EB0E6
:1088C0008DED1D0A40F6BC00C2F20000139090ED41
:1088D000090A04F0F1FB13989FEDE31A8DED031ADA
:1088E00020EE010A9FEDE11A8DED0C1A30EE010A1F
:1088F0008DED1A0A80ED020A90ED090A05F016F8CE
:108900009DED031A139820EE010A8DED190A80EDF2
:10891000030A90ED090A04F0CFFB13988DED000ACD
:1089200090ED0A0A04F0C8FB9DED032A1398B0EEFF
:10893000401A9DED000A9FEDCE3A8DED013A21EEF1
:10894000031A20EE020A30EE010A8DED150A80EDC1
:10895000040A90ED090A04F0E9FF13988DED020A6C
:1089600090ED0A0A04F0E2FF9DED013A9DED032A25
:108970001398B0EE401A9DED020A21EE031A20EE84
:10898000020A30EE010A8DED140A80ED050A90ED21
:108990000C0A04F091FB9DED031A139820EE010AD6
:1089A0009FEDB41A30EE010A8DED1C0A80ED060A27
:1089B00090ED0C0A04F0BAFF9DED031A139820EE17
:1089C000010A8DED1B0A80ED070A9DED1C0A9DED45
:1089D0001A1A30EE410A9FEDA81A20EE010A8DED19
:1089E000180A9DED1B0A9DED192A30EE420A20EE71
:1089F000010A8DED170A9DED1C0A9DED1A1A30EE45
:108A0000410AF0EE000ACDED0D0A08F019FADDED8D
:108A10000D0A8DED040A9DED1B0A9DED191A30EE2D
:108A2000410A08F00DFADDED0D0AB0EE401A9DED99
:108A3000040A30EE010A8DED160A9DED170A8DED40
:108A4000070A9DED180A08F0FBF9DDED0D0A8DED22
:108A5000050A9DED170A08F0F3F9DDED0D0AB0EEF9
:108A6000401A9DED050A30EE010A8DED060A9DEDD6
:108A7000160A08F0E5F9B0EE401A9DED060A30EE50
:108A8000410A08F04CFDB0EE401A9DED070A30EEA9
:108A9000010A9DED181A9DED162A71EE020A07F0E3
:108AA00047FA139830EE000A80ED0A0A1498F7F797
:108AB00082FD9DED0C1A41EC100B8DED080B9DED28
:108AC000150A30EE010A10EE100AF7F774FD9DED5D
:108AD000080B41EC110B07F02BF951EC100BF7F7D9
:108AE0007DFD139908629DED140A9DED1B1A30EE71
:108AF000410A10EE100AF7F75EFD41EC100B8DED08
:108B00000A0B9DED150A9DED1C1A30EE410A10EE80
:108B1000100AF7F750FD9DED0A0B41EC110B07F021
:108B200007F951EC100BF7F759FD9DED0C1ADDED2F
:108B30000D0A01461398C16240F23471C2F200017D
:108B400091ED252A9FED4D0A30EE420A90ED082A5C
:108B500030EE420A80ED1C0A9DED150A30EE010A46
:108B600008F06EF9DDED0D0A8DED0E0A9DED140A8B
:108B700008F066F9B0EE401A9DED0E0A30EE010ADB
:108B800008F0CDFC139880ED190A90ED190A8DEDCF
:108B90000F0A90ED1C0A04F08FFA1398B0EE401AF9
:108BA0009DED0F0A20EE010A80ED1F0A90ED0A0AE2
:108BB00040F2DC71C2F20001129191ED001A30EE28
:108BC000410A80ED0E0A90ED0E0A3C30F6EE000AE6
:108BD000CDED100A02F02AFBDDED100A139890ED9E
:108BE000190A40F2D871C2F20001119191ED001AF8
:108BF00030EE410A80ED1A0A90ED1A0A6C3002F04C
:108C000015FBDDF844C0129B139890ED1C0A40F24E
:108C1000E071C2F2000191ED001A30EE410A9FEDC1
:108C2000181A80EE010A80ED1D0A40F2D402C2F249
:108C3000000292ED000A90ED1D3A90ED1E2AB7EE6B
:108C4000001A31EE401A21EE031A20EE020A30EE2D
:108C5000010A80ED1E0A426ECCF80020826A1A607A
:108C6000006F08601EB080BD00000C4300005CC2B5
:108C70000000704300005C420000F043F90FC93F60
:108C80006F12833A0000000080B5A8B08DED270A6E
:108C900040F6BC00C2F200001D9090ED3B0A04F0CB
:108CA0000BFA1D989FEDFC1A8DED031A20EE010AB8
:108CB0009FEDFA1A8DED131A30EE010A8DED240A9C
:108CC00080ED020A90ED3B0A04F030FE9DED031AA0
:108CD0001D9820EE010A8DED230A80ED030A90ED28
:108CE0003B0A04F0E9F91D988DED000A90ED3C0A6D
:108CF00004F0E2F99DED032A1D98B0EE401A9DEDB7
:108D0000000A9FEDFD3A8DED013A21EE031A20EEA7
:108D1000020A30EE010A8DED1F0A80ED040A90ED83
:108D20003B0A04F003FE1D988DED020A90ED3C0A0B
:108D300004F0FCFD9DED013A9DED032A1D98B0EE77
:108D4000401A9DED020A21EE031A20EE020A30EECF
:108D5000010A8DED1E0A80ED050A90ED3E0A04F031
:108D6000ABF99DED031A1D9820EE010A9FEDE61A5E
:108D700030EE010A8DED260A80ED060A90ED3E0ADE
:108D800004F0D4FD9DED031A1D9820EE010A8DED2F
:108D9000250A80ED070A9DED260A9DED241A30EE86
:108DA000410A9FEDDA1A20EE010A8DED220A9DEDAF
:108DB000250A9DED232A30EE420A20EE010A8DEDB0
:108DC000210A9DED260A9DED241A30EE410A10EE8F
:108DD000100AF7F7F0FB41EC100B9FEDC91B8DED6E
:108DE000141B07F0FDF98DED040B9DED250A9DED9B
:108DF000231A30EE410A10EE100AF7F7DCFB9DED66
:108E0000141B41EC100B07F0EBF99DED041B51EC2A
:108E1000110B53EC102BF7F746FA41EC100B51EC09
:108E2000100BF7F7DBFB20902198F7F7C4FB41EC20
:108E3000100B8DED0A0B2298F7F7BDFB9DED141B6F
:108E400041EC100B07F0CCF98DED060B2198F7F7EC
:108E5000B2FB9DED141B41EC100B07F0C1F99DED29
:108E6000061B51EC110B53EC102BF7F71CFA41ECDD
:108E7000100B8DED080B2098F7F79DFB9DED141B53
:108E800041EC100B07F0ACF99DED081B51EC110BF8
:108E900053EC102BF7F7A8FA41EC100B08F002FB8B
:108EA000B0EE401AF0EE601A9DED0A0B53EC112B58
:108EB00051EC100BF7F7F7F941EC100B8DED0C0BA3
:108EC0009DED220A9DED201A30EE010A10EE100AE7
:108ED000F7F771FB9DED0C0B41EC110B06F028FF31
:108EE00053EC102B10461946F7F7DDF941EC100B47
:108EF00051EC100BF7F772FB1D99C1F8F0001E98AA
:108F0000F7F759FB9DED131A41EC100B8DED0E0B8D
:108F10009DED1F0A30EE010A10EE100AF7F74BFB29
:108F20009DED0E0B41EC110B06F002FF51EC100B06
:108F3000F7F754FB1D99C1F8E8009DED1E0A9DED61
:108F4000251A30EE410A10EE100AF7F734FB41EC17
:108F5000100B8DED100B9DED1F0A9DED261A30EEC6
:108F6000410A10EE100AF7F726FB9DED100B41ECBD
:108F7000110B06F0DDFE51EC100BF7F72FFB9DED0A
:108F8000131A01461D98C0F8F41040F23471C2F271
:108F9000000191ED252A9FED5E0A30EE420A90ED28
:108FA0003A2A30EE020A80ED4E0A9DED1F0A30EE9D
:108FB000010A10EE100AF7F7FEFA9DED141B41ECC2
:108FC000100B07F00DF98DED160B1E98F7F7F3FA5D
:108FD0009DED141B41EC100B07F002F99DED161BE3
:108FE00051EC110B53EC102BF7F75DF941EC100B22
:108FF00008F058FA51EC100BF7F7F0FA01461D98FB
:10900000C0F82C1190ED4B0A8DED190A90ED4E0A27
:1090100004F052F81D98B0EE401A9DED190A20EEAA
:10902000010A80ED510A90ED3C0A40F2E871C2F26B
:1090300000011C9191ED001A30EE410A80ED400ACA
:1090400090ED400A00F58270F6EE000ACDED1A0AA6
:1090500002F0ECF8DDED1A0A1D9890ED4B0A40F293
:10906000E471C2F200011B9191ED001A30EE410A49
:1090700080ED4C0A90ED4C0A00F59A7002F0D6F89B
:10908000DDF86CC01C9B1D9890ED4E0A40F2EC710F
:10909000C2F2000100F004B800000C4300005CC202
:1090A00091ED001A30EE410A9FED1A1A80EE010A86
:1090B00080ED4F0A40F2D402C2F2000292ED000AA3
:1090C00090ED4F3A90ED502AB7EE001A31EE401A6B
:1090D00021EE031A20EE020A30EE010A80ED500A5A
:1090E000D0F82C21CCF80020D0F8F0201A60D0F86D
:1090F0003801086028B080BD0000704300BF00BF89
:10910000000000000000004000005C420000F0434E
:10911000F90FC9BF6F12833A80B58AB009908DF8F4
:1091200023108DF822208DF8213041F26841C2F2DF
:10913000000106910420088041F26641C2F200015C
:10914000082008809DF82300099908739DF82200E3
:10915000099948739DF8210009998873099900209D
:1091600008749DF8210008F021FB099948610998CD
:1091700040699DF82110F7F78BF8069800889DF854
:109180002110484308F012FB0699099A906109984A
:10919000806909889DF821205143F7F779F80698EE
:1091A00000889DF82110484308F000FB0699099AB1
:1091B000D0610998C06909889DF821205143F7F7CB
:1091C00067F8069800889DF82310484308F0EEFAE7
:1091D0000699099A10620998006A09889DF8232067
:1091E0005143F7F755F89DF8210008F0DFFA099987
:1091F00048620998406A9DF82110F7F749F80698E7
:1092000000889DF82310484308F0D0FA0699099A7F
:1092100010600998006809889DF823205143F7F7EA
:1092200037F8069800889DF82110484308F0BEFAE8
:109230000699099A50600998406809889DF821208C
:109240005143F7F725F8069800889DF82210484307
:1092500008F0ACFA0699099A906009988068098824
:109260009DF822205143F7F713F8069800889DF8DF
:109270002310484308F09AFA0699099AC2F8E800C0
:109280000998D0F8E80009889DF823205143F6F7A3
:10929000FFFF099A02F13000117BD2F8E830012279
:1092A000079203F0E3FF069800889DF823104843D7
:1092B00008F07CFA0699099AC2F8EC000998D0F8EF
:1092C000EC0009889DF823205143F6F7E1FF079A47
:1092D000099B03F13800197BD3F8EC3003F0C6FF8B
:1092E0009DF8220010B3FFE741F26840C2F200008F
:1092F000059000889DF82210484308F057FA059918
:10930000099AC2F8F0000998D0F8F00009889DF891
:1093100022205143F6F7BCFF099A02F14000517B2D
:10932000D2F8F030012203F0A1FFFFE741F26840DC
:10933000C2F20000049000889DF82110484308F014
:1093400035FA0499099AC2F8F4000998D0F8F400A3
:1093500009889DF821205143F6F79AFF099A02F1F6
:109360004800917BD2F8F430012203F07FFF04988B
:1093700000889DF823104843484308F017FA0499E1
:10938000099AC2F8F8000998D0F8F80009889DF801
:10939000232051435143F6F77BFF099901F1500017
:1093A0000A7BD1F8F830114603F060FF049800887A
:1093B0009DF823104843484308F0F8F90499099AA6
:1093C000C2F8FC000998D0F8FC0009889DF8232019
:1093D00051435143F6F75CFF099901F158000A7BAC
:1093E000D1F8FC30114603F041FF049800889DF845
:1093F00023104843484308F0D9F901460498099AD4
:10940000C2F8001100889DF823104843484308F033
:10941000CDF90499099AC2F804010998D0F800011D
:1094200009889DF8232051435143F6F731FF0499F1
:109430000998D0F8040109889DF82320514351432D
:10944000F6F726FF099901F160000A7BD1F8003197
:10945000114603F00BFF099901F168000A7BD1F86E
:109460000431114603F002FF9DF8220040B3FFE7EC
:1094700041F26840C2F20000039000889DF823107A
:1094800048439DF82210484308F090F90399099A3F
:10949000C2F808010998D0F8080109889DF823202E
:1094A00051439DF822205143F6F7F2FE099B03F148
:1094B0007000197B5A7BD3F8083103F0D7FEFFE721
:1094C00041F26840C2F20000019000889DF821102E
:1094D00048439DF82310484308F068F90146019875
:1094E000099AC2F80C1100889DF8231048439DF892
:1094F0002110484308F05AF90199099AC2F810015D
:109500000998D0F80C0109889DF8212051439DF855
:1095100023205143F6F7BCFE01990998D0F81001B9
:1095200009889DF8232051439DF821205143F6F7E7
:10953000AFFE099B03F178001A7B997BD3F80C31BD
:1095400003F094FE099B03F18000197B9A7BD3F80A
:10955000103103F08BFE019800889DF823104843DA
:10956000484308F023F90199099AC2F814010998AF
:10957000D0F8140109889DF8232051435143F6F790
:1095800087FE099901F188000A7BD1F81431114650
:1095900003F06CFE019800889DF821104843484371
:1095A00008F004F90199099AC2F818010998D0F84D
:1095B000180109889DF8212051435143F6F768FEB0
:1095C000099901F190008A7BD1F81831114603F016
:1095D0004DFE019800889DF8231048439DF8211006
:1095E000484308F0E3F80199099AC2F81C01099868
:1095F000D0F81C0109889DF8232051439DF82120B3
:109600005143F6F745FE099B03F19800197B9A7BBD
:10961000D3F81C3103F02AFE019800880999097BD0
:109620004843484308F0C2F801460198099AC2F835
:10963000201100880999097B4843484308F0B6F88F
:1096400001460198099AC2F8241100880999097BFA
:109650004843484308F0AAF801460198099AC2F81D
:10966000281100880999097B484308F09FF80146B2
:109670000198099AC2F82C1100880999097B48437E
:1096800008F094F80999C1F83001099901F1A00096
:109690000A7BD1F82031114603F0E8FD099901F168
:1096A000A8000A7BD1F82431114603F0DFFD0999A7
:1096B00001F1B0000A7BD1F82831114603F0D6FD44
:1096C000099A02F1B800117BD2F82C3101220292E2
:1096D00003F0CCFD029A099B03F1C000197BD3F87B
:1096E000303103F0C3FD0999002081F82800099961
:1096F00081F82900099981F82A00099981F82B003D
:10970000099981F82C000AB080BD000082B0019058
:10971000009100980078A12826D1FFE700984078B2
:10972000019908800098408800EE100AB8EEC00A3F
:10973000019880ED050A00990879497940EA0120ED
:1097400000B200EE100AB8EEC00A9FED081A20EE33
:10975000010A019880ED010A00998879C97940EAE7
:10976000012001998881FFE702B0704735FA8E3CED
:1097700080B586B08DED050ACDED040A9DED050A94
:109780009FED231A8DED001A20EE010A9FED211A9C
:109790008DED011A30EE010A8DED050A9DED050AE9
:1097A000DFED1D0ACDED020A9FED1C1A8DED031AA7
:1097B000F9F79EF98DED050A9DED050ABDEEC00A8B
:1097C00010EE101A40F2411000F050F89DED003AF2
:1097D0009DED012ADDED020A9DED031A9DED040ABF
:1097E00020EE030A30EE020A8DED040A9DED040A14
:1097F000F9F77EF98DED040A9DED040ABDEEC00A6D
:1098000010EE101A4FF4A17000F030F806B080BDD1
:1098100052B8C943E7FB12C20000E1440000E1C4B2
:1098200080B540F2C000C2F2000090F900000128AB
:109830000DD1FFE740F24110002100F017F840F28F
:10984000C001C2F200010878400008700DE04FF43A
:10985000A170002100F00AF840F2C001C2F200013C
:1098600091F9000040080870FFE780BD80B584B022
:109870000390ADF80A10002001900090039A40F682
:10988000C861C2F200010A6008220A61A1228DF8B3
:1098900000208DF801008DF802008DF803009DF87E
:1098A0000A208DF804209DF80B208DF805208DF8F6
:1098B00006008DF8070040F6C470C2F200006A4648
:1098C0000123F9F7D7FAE0B1FFE740F6C470C2F21E
:1098D000000040F6C861C2F200016A460223F9F7AF
:1098E000C9FA68B1FFE740F6C470C2F2000040F662
:1098F000C861C2F200016A460423F9F7BBFAFFE728
:10990000FFE704B080BD000080B582B0019005F093
:10991000B1FD0090FFE76846012105F04DFA40F2E5
:10992000D850C2F20000007B012821D1FFE740F6A9
:10993000BC00C2F2000040F22C51C2F2000191EDD5
:10994000083A90ED130A90ED451A33EE404A40F67E
:10995000E060C2F2000090ED080A90ED192A30EEA6
:10996000040A31EE031A71EE420AFFF701FF0AE022
:1099700040F2D850C2F20000007B18B9FFE7FFF7B1
:109980004FFFFFE7FFE7C6E785B00490039102921F
:10999000039890ED310A9FEDAA1AB4EE410AF1EE58
:1099A00010FA14DCFFE70298007901280FD1FFE7D5
:1099B000039890ED190A9FEDA31AB4EE410AF1EE57
:1099C00010FA04DDFFE703990020C864D9E040F2F3
:1099D000F400C2F200000499019191ED0D7AD1EDED
:1099E0000C0A90ED002A90ED013A90ED020A90EDFC
:1099F000031A23EE203A22EE072A32EE036A91ED93
:109A0000033A91ED074A91ED082A91ED0B5A20EEA9
:109A1000050A30EE060A30EE010A91ED0E1A03989F
:109A200090ED1C6AD0ED1E1A31EE466A40F2041227
:109A3000C2F20002D2ED003AD2ED014A92ED021AD2
:109A4000D2ED032A64EEA04A63EE873A73EEA43A9D
:109A500021EE051A31EE231A31EE221A21EE211AD7
:109A600020EE060A30EE411A40F22412C2F2000241
:109A7000D2ED001AD2ED012A92ED020A92ED036AAC
:109A800062EEA02A61EE871A71EEA21A20EE050A94
:109A900030EE210A30EE060A91ED106A33EE463AB6
:109AA00020EE030A30EE011A40F23412C2F2000234
:109AB00092ED006AD2ED011A92ED020A92ED033A9C
:109AC00061EEA01A26EE076A36EE216A20EE050A3C
:109AD00030EE060A30EE030A91ED113A33EE443AC5
:109AE00020EE030A30EE010A40F24411C2F20001F6
:109AF00091ED004A91ED016A91ED021A91ED033A60
:109B000026EE206A24EE074A34EE064A21EE051AB4
:109B100031EE041A31EE031A21EE021A30EE410A38
:109B200080ED130A40F21411C2F20001049890ED86
:109B3000020A90ED0B4A90ED0C7A90ED0D6A91EDD2
:109B4000003A91ED015A91ED021A91ED032A25EEAA
:109B5000075A23EE063A33EE053A21EE041A31EEA7
:109B6000031A31EE021A90ED0F2A30EE422A0398C2
:109B700090ED130A21EE021A30EE010A80ED130A6D
:109B8000FFE7039890ED310A9FED9D1AB4EE410A6C
:109B9000F1EE10FA58DCFFE7039890ED190A9FEDFB
:109BA000991AB4EE410AF1EE10FA4DDDFFE740F2EA
:109BB0005411C2F20001049891ED002A91ED014A7E
:109BC00091ED020A91ED031A90ED0B5AD0ED0C0ABB
:109BD00090ED0D7A90ED0E3A24EE204A22EE072AFF
:109BE00032EE042A20EE050A30EE020A30EE010AB7
:109BF000039890ED1C2A90ED1E1A32EE432A20EEB7
:109C0000020A40F26411C2F2000191ED004A91EDA6
:109C1000016A91ED022A91ED033A26EE206A24EEC4
:109C2000074A34EE064A22EE052A32EE042A32EEC4
:109C3000032A80EE020A20EE010A80ED140ADDE01C
:109C400000000C420000204340F25410C2F2000019
:109C50000499009191ED0D7AD1ED0C0A90ED002A56
:109C600090ED013A90ED020A90ED031A23EE203AAE
:109C700022EE072A32EE036A91ED033A91ED074A8C
:109C800091ED082A91ED0B5A20EE050A30EE060AF6
:109C900030EE010A91ED0E1A039890ED1C6AD0ED9A
:109CA0001E1A31EE466A40F26412C2F20002D2ED90
:109CB000003AD2ED014A92ED021AD2ED032A64EE87
:109CC000A04A63EE873A73EEA43A21EE051A31EE0C
:109CD000231A31EE221A21EE211A20EE060A30EE66
:109CE000411A40F28412C2F20002D2ED001AD2ED03
:109CF000012A92ED020A92ED036A62EEA02A61EE59
:109D0000871A71EEA21A20EE050A30EE210A30EE13
:109D1000060A91ED106A33EE463A20EE030A30EE61
:109D2000011A40F29412C2F2000292ED006AD2EDE2
:109D3000011A92ED020A92ED033A61EEA01A26EEA4
:109D4000076A36EE216A20EE050A30EE060A30EE8A
:109D5000030A91ED113A33EE443A20EE030A30EE55
:109D6000010A40F2A411C2F2000191ED004A91ED06
:109D7000016A91ED021A91ED033A26EE206A24EE73
:109D8000074A34EE064A21EE051A31EE041A31EE86
:109D9000031A21EE021A30EE410A80ED140A40F255
:109DA0007411C2F20001049890ED020A90ED0B4A82
:109DB00090ED0C7A90ED0D6A91ED003A91ED015A1B
:109DC00091ED021A91ED032A25EE075A23EE063A89
:109DD00033EE053A21EE041A31EE031A31EE021A7F
:109DE00090ED0F2A30EE422A039890ED140A21EEEE
:109DF000021A30EE010A80ED140AFFE705B0704741
:109E000000000C420000204380B584B040F6BC0046
:109E1000C2F20000019090ED190A40F61C60C2F2F7
:109E20000000029090ED151A40F64C20C2F200009E
:109E3000039090ED192A71EE420A40F2F070C2F2DE
:109E40000000009001F024FA0098019B029A039907
:109E500093ED4B0A92ED161A91ED192A71EE020A52
:109E6000443001F015FA019890ED1C0A90ED4E1A5D
:109E700030EE410A40F6D420C2F20000DFED080ABD
:109E800001F006FA0299039840F23472C2F200021D
:109E900092ED240AD1ED130A01F0FAF904B080BD65
:109EA0000000000083B002908DED010ACDED000AA4
:109EB00001980299486400980299886403B0704739
:109EC00080B582B040F6C470C2F20000009046F245
:109ED0000041C4F2000101600221416000210191B2
:109EE0008160C1604FF4602202614FF480024261E0
:109EF000017641768176C17601774177F9F740FCAA
:109F000018B1FFE7F8F7D6FDFFE702B080BD00000B
:109F100080B582B040F6EC70C2F20000019046F6C7
:109F20000001C4F200010160022141600021816052
:109F3000C1604FF4602202614FF4800242610176F9
:109F4000417681760122C27601774177F9F718FCD4
:109F500018B1FFE7F8F7AEFDFFE702B080BD0000E3
:109F600080B588B0FFE70020079043F63000C4F2C8
:109F70000200016841F480010160006800F4800083
:109F800007900798FFE739200190052104910022EE
:109F90000592FAF763FC0198FAF756FC0499059AC2
:109FA0003A200290FAF75AFC0298FAF74DFC04990D
:109FB000059A45200390FAF751FC0398FAF744FC00
:109FC0000499059A46200690FAF748FC0698FAF795
:109FD0003BFC08B080BD000010B588B042F23030C4
:109FE000C0F60100016842688368D0F80CC0D0F860
:109FF00010E044690694CDF814E0CDF810C0039346
:10A00000029201918069079001A8002104F01EF8D6
:10A0100040F67C71C2F20001086008B010BD00007B
:10A0200080B590B000200F900E900D900C900B908A
:10A03000FFE700200A9043F63000C4F202000168F6
:10A0400041F004010160006800F004000A900A98E1
:10A05000FFE7FFE70020099043F63000C4F202005A
:10A06000016841F080010160006800F08000099003
:10A070000998FFE7FFE70020089043F63000C4F29C
:10A080000200016841F002010160006800F0020076
:10A0900008900898FFE7FFE70020079043F630009C
:10A0A000C4F20200016841F001010160006800F0A3
:10A0B000010007900798FFE740F60000C4F2020095
:10A0C000019046F2112101220392FAF7DBFA01987E
:10A0D0004FF4014100220492FAF7D4FA049A40F2B4
:10A0E0000040C4F20200059003210291FAF7CAFA77
:10A0F0000198039A04994EF211330B930C920D912F
:10A100000E910BA90691FAF7EFF80198049A0699B7
:10A110000C230B930C920D92FAF7E6F8DDF808C0C9
:10A12000039B049A05980699CDF82CC00C930D92C8
:10A130000E92FAF7D9F810B080BD000080B582B059
:10A1400041F29410C2F20000019043F60001C4F203
:10A15000000101604FF48271416000218160C160A3
:10A16000016141614FF4007282611822C261016293
:10A17000416281620A21C162FBF764F918B1FFE70D
:10A18000F8F798FCFFE702B080BD000080B58EB004
:10A19000002100910D910C910B910A910991089168
:10A1A000079106910591049103910291019141F269
:10A1B0003420C2F2000040F20042C4F20002026009
:10A1C0004160816041F28732C26001618161FBF7C9
:10A1D00061FC18B1FFE7F8F76DFCFFE74FF4805022
:10A1E0000A9041F23420C2F200000AA9FBF78CFD6C
:10A1F00018B1FFE7F8F75EFCFFE741F23420C2F246
:10A200000000FCF7D5F818B1FFE7F8F753FCFFE7BB
:10A2100000200890099041F23420C2F2000008A901
:10A22000FBF7A6FB18B1FFE7F8F744FCFFE7602057
:10A230000190002002900390059041F23420C2F278
:10A24000000001A90422FCF711F818B1FFE7F8F7A4
:10A2500031FCFFE741F23420C2F20000FBF728FF97
:10A260000EB080BD80B58EB0002100910D910C9193
:10A270000B910A910991089107910691059104911A
:10A2800003910291019141F27C20C2F2000040F65C
:10A290000042C4F20002026053224260816040F238
:10A2A000E732C260016180218161FBF7F3FB18B1E5
:10A2B000FFE7F8F7FFFBFFE74FF480500A9041F209
:10A2C0007C20C2F200000AA9FBF71EFD18B1FFE7CF
:10A2D000F8F7F0FBFFE741F27C20C2F20000FBF749
:10A2E00073FF18B1FFE7F8F7E5FBFFE700200890E0
:10A2F000099041F27C20C2F2000008A9FBF738FB6C
:10A3000018B1FFE7F8F7D6FBFFE7002201920292AF
:10A310000392059241F27C20C2F2000001A9FBF7F2
:10A32000FDFE18B1FFE7F8F7C5FBFFE70EB080BDF3
:10A3300080B582B041F20C30C2F20000019044F6C8
:10A340000041C4F2000101604FF4E131416000219D
:10A350008160C16001610C2242618161C161FCF7D1
:10A360000FFC18B1FFE7F8F7A5FBFFE702B080BDCF
:10A3700080B582B041F2C420C2F20000019041F2E7
:10A380000001C4F20101016043F60061C0F249011D
:10A39000416000218160C16001610C2242618161E4
:10A3A000C161FCF7EDFB18B1FFE7F8F783FBFFE7AE
:10A3B00002B080BD80B582B041F25430C2F20000DC
:10A3C000019041F20041C4F20101016043F60061D5
:10A3D000C0F24901416000218160C16001610C222D
:10A3E00042618161C161FCF7CBFB18B1FFE7F8F76F
:10A3F00061FBFFE702B080BD80B594B013908DED96
:10A40000120ACDED110A8DED101ACDED0F1A8DED5A
:10A410000E2ACDED0D2A9DED0F0AB5EE400AF1EEA4
:10A4200010FA11D1FFE79DED0E0AB5EE400AF1EEEC
:10A4300010FA09D1FFE79DED0D0AB5EE400AF1EEE5
:10A4400010FA00F0AD81FFE79DED0F0A9DED0E1AA9
:10A4500021EE011A20EE000A30EE011A9DED0D0AE0
:10A4600020EE000A30EE010A03F002FD8DED0C0A29
:10A470009DED0C1A9DED0F0A20EE010A8DED0F0ADD
:10A480009DED0C1A9DED0E0A20EE010A8DED0E0ACF
:10A490009DED0C1A9DED0D0A20EE010A8DED0D0AC1
:10A4A00040F2BC12C2F2000292ED000A41F260409A
:10A4B000C2F2000090ED002A40F2B813C2F200038D
:10A4C00093ED001A41F25C41C2F2000191ED003AB5
:10A4D00021EE031A20EE020A30EE410A8DED0B0A3E
:10A4E00093ED000A92ED002A91ED001A90ED003AEA
:10A4F00021EE031A20EE020A30EE010A8DED0A0A5F
:10A5000093ED001A93ED002A92ED000A92ED003AC5
:10A5100020EE030A21EE021A30EE411A91ED000AF4
:10A5200091ED002A20EE020A30EE010A90ED001AA9
:10A5300090ED002A21EE021A30EE410ABEEE001A1A
:10A5400020EE010A8DED090A9DED0E0A9DED092A06
:10A550009DED0D1A9DED0A3A21EE031A20EE020A36
:10A5600030EE410A40F6AC70C2F2000080ED000A05
:10A570009DED0D0A9DED0B2A9DED0F1A9DED093AFB
:10A5800021EE031A20EE020A30EE410A40F6B470C2
:10A59000C2F2000080ED000A9DED0F0A9DED0A2A2F
:10A5A0009DED0E1A9DED0B3A21EE031A20EE020AE4
:10A5B00030EE410A40F6BC70C2F2000080ED000AA5
:10A5C00040F2C010C2F2000090ED000AB5EE400A61
:10A5D000F1EE10FA64DDFFE740F2C010C2F20000B5
:10A5E00090ED000A40F6AC71C2F2000191ED001A44
:10A5F00020EE010A41F29C32C2F2000292ED001AF2
:10A600009FED262A20EE020A30EE010A82ED000AB2
:10A6100090ED000A40F6B471C2F2000191ED001A0B
:10A6200020EE010A41F2A031C2F2000191ED001AC0
:10A6300020EE020A30EE010A81ED000A90ED000AD8
:10A6400040F6BC70C2F2000090ED001A20EE010A44
:10A6500041F2A430C2F2000090ED001A20EE020A8E
:10A6600030EE010A80ED000A92ED001A9DED120A0B
:10A6700030EE010A8DED120A91ED001A9DED110ADE
:10A6800030EE010A8DED110A90ED001A9DED100AD1
:10A6900030EE010A8DED100A13E000BF6F12833A0D
:10A6A00041F29C31C2F200010020086041F2A03169
:10A6B000C2F20001086041F2A431C2F20001086058
:10A6C000FFE740F2C410C2F2000090ED000A40F62D
:10A6D000AC73C2F2000393ED002A9DED121A20EE36
:10A6E000020A30EE010A8DED120A90ED000A40F6E2
:10A6F000B472C2F2000292ED002A9DED111A20EE12
:10A70000020A30EE010A8DED110A90ED000A40F6C2
:10A71000BC71C2F2000191ED002A9DED101A20EEED
:10A72000020A30EE010A8DED100A41F28C40C2F2AD
:10A73000000090ED000A93ED001A93ED012A31EE2E
:10A74000422A9DED121A20EE020A30EE010A8DED2A
:10A75000120A90ED000A92ED001A92ED012A31EEF4
:10A76000422A9DED111A20EE020A30EE010A8DED0B
:10A77000110A90ED000A91ED001A91ED012A31EED7
:10A78000422A9DED101A20EE020A30EE010A8DEDEC
:10A79000100A186858601068506008684860FFE741
:10A7A0009DED120A9FEDBB1A20EE010A8DED120AF3
:10A7B0009DED110A20EE010A8DED110A9DED100AA2
:10A7C00020EE010A8DED100A40F2B813C2F2000328
:10A7D00003931868089040F2BC12C2F20002019282
:10A7E0001068079041F25C41C2F2000102910868D2
:10A7F00006909DED070A9DED122A9DED061A9DED2E
:10A80000113A21EE031A20EE420A30EE410A41F2DB
:10A810006040C2F20000049090ED001A9DED102AF5
:10A8200021EE021A30EE411A93ED000A30EE010AD1
:10A8300083ED000A9DED080A9DED122A9DED061A92
:10A840009DED103A21EE031A20EE020A30EE010AC5
:10A8500090ED001A9DED112A21EE021A30EE411AF8
:10A8600092ED000A30EE010A82ED000A9DED080A21
:10A870009DED112A9DED071A9DED103A21EE031A68
:10A8800020EE020A30EE411A90ED000A9DED122AE8
:10A8900020EE020A30EE011A91ED000A30EE010AB4
:10A8A00081ED000A9DED080A9DED102A9DED071A25
:10A8B0009DED113A21EE031A20EE020A30EE010A54
:10A8C0009DED061A9DED122A21EE021A30EE411A74
:10A8D00090ED000A30EE010A80ED000A93ED000AC7
:10A8E00093ED002A92ED001A92ED003A21EE031A40
:10A8F00020EE020A30EE011A91ED000A91ED002AD5
:10A9000020EE020A30EE011A90ED000A90ED002AC6
:10A9100020EE020A30EE010A03F0AAFA0198029A28
:10A920000399049B8DED0C0A9DED0C1A91ED000A24
:10A9300020EE010A81ED000A9DED0C1A90ED000A4F
:10A9400020EE010A80ED000A9DED0C1A92ED000A3E
:10A9500020EE010A82ED000A9DED0C1A93ED000A2B
:10A9600020EE010A83ED000AD1F800C0DDF84CE0CA
:10A97000CEF800C0D0F800C0DDF84CE0CEF804C03E
:10A98000D2F800C0DDF84CE0CEF808C0D3F800C023
:10A99000DDF84CE0CEF80CC091ED000A93ED002AF2
:10A9A00090ED001A92ED003A21EE031A20EE020A11
:10A9B00030EE010A30EE000A91ED001A91ED003AF6
:10A9C00090ED002A90ED004A22EE042A21EE031AAF
:10A9D00031EE021A31EE011ABFEE002A8DED052A82
:10A9E00071EE020A05F0A4FA019B02980399049AF9
:10A9F000DDF84CC08CED260A93ED001A92ED002A8A
:10AA000091ED000A90ED003A20EE030A21EE021AC1
:10AA100030EE410A30EE000A04F086FF019B029AF4
:10AA2000039904989DED052A9FED1B1A30EE010A4B
:10AA3000DDF84CC08CED240A91ED000A93ED003A4C
:10AA400092ED001A90ED004A21EE041A20EE030A5E
:10AA500030EE010A30EE000A91ED001A91ED004A45
:10AA600090ED003A90ED005A23EE053A21EE041ADB
:10AA700031EE031A31EE011A71EE020A05F058FAAE
:10AA80009FED061A30EE010A139880ED250A14B0E6
:10AA900080BD00BF6F12033A3108ACBCF90FC93F4B
:10AAA000FFE7FEE780B584B0039004F0E3FC02907A
:10AAB000FFE702A8052104F07FF941F2B831C2F2A4
:10AAC0000001086801300860002098BBFFE700F033
:10AAD000ADFD40F2D850C2F20000007B48BBFFE75A
:10AAE00040F61C61C2F20001002001908860C8603D
:10AAF000886108614861C86340F6BC01C2F2000188
:10AB00000865C1F818018864C1F8100140F22C50A2
:10AB1000C2F2000000F0DAFC40F27050C2F2000015
:10AB200000F0D4FC40F6D420C2F2000000F0CEFCCD
:10AB3000FFE7FFE741F2B830C2F20000006849F6D3
:10AB40009811C1F699114CF6CD42CCF6CC4200FBDF
:10AB500002104FEA7000884203D8FFE700F068FE59
:10AB6000FFE741F2B830C2F2000000684BF6500235
:10AB7000C0F21E5245F62941CCF28F2100FB012084
:10AB80004FEAB00045F62841C0F28F21884201D833
:10AB9000FFE7FFE78DE70000FFE7FEE788B00790DB
:10ABA00006910592079800F0070004900498C0F100
:10ABB0000700052803D3FFE70420019004E0049870
:10ABC000C0F107000190FFE701980390049804305A
:10ABD000062803D8FFE70020009003E0049803381C
:10ABE0000090FFE70098029006980399012202FA6C
:10ABF00001F101390840029B984005999A40013AB9
:10AC00001140084308B0704780B5C4B0DDF81CC1DE
:10AC1000DDF818C143904291419240938DED3F0A77
:10AC2000409890ED010A439890ED0E1A30EE410ADB
:10AC3000479991ED041A30EE010A80ED200A4698FA
:10AC400090ED010A429890ED0E1A30EE410A4799B4
:10AC500091ED041A30EE410A80ED200A43980A90E3
:10AC6000D0F88000F5F7A7FC02460A9800920A4641
:10AC7000009942EC101B8DED040B406EF5F79BFC28
:10AC800041EC100B51EC100B9FEDFB0B53EC102B18
:10AC90001D931C92F5F7AEFB02460A9801920A46F4
:10ACA000019942EC101B8DED020B806FF5F783FCD0
:10ACB0009DED021B41EC100B51EC110B53EC102BD2
:10ACC000F5F798FB9DED040B41EC110B8DED061B88
:10ACD00051EC100B9FEDEA0B53EC102B17931692CF
:10ACE000F5F788FB9DED060B41EC110B51EC110BB8
:10ACF00053EC102BF5F7D7FA02460A9809920A4648
:10AD0000099942EC101B8DED0E0BC06EF5F753FC4C
:10AD10001C9A1D9B41EC100B51EC100BF5F76AFBD4
:10AD200002460A980B920A460B9942EC101B8DEDD5
:10AD30000C0B90ED1C0A02F0F9FD10EE100AF5F76D
:10AD40003AFC9DED0C1B41EC100B51EC110B53EC3C
:10AD5000102BF5F74FFB9DED0E0B53EC102B41EC38
:10AD6000100B51EC100BF5F79EFA41EC100B51EC67
:10AD7000100BF5F733FC4399C1F8880042981E90F8
:10AD8000D0F88000F5F717FC41EC100B8DED140B9B
:10AD90004398406EF5F70FFC1C9A1D9B41EC100B7D
:10ADA00051EC100BF5F726FB02461E9811920A464D
:10ADB000119942EC101B8DED120B806FF5F7FBFB28
:10ADC0009DED121B41EC100B51EC110B53EC102BB1
:10ADD000F5F710FB9DED140B169A179B41EC110B28
:10ADE0008DED181B51EC100BF5F704FB9DED180BC6
:10ADF00041EC110B51EC110B53EC102BF5F7F4FA5D
:10AE000002461E981B920A461B9942EC101B8DEDC0
:10AE1000220BC06EF5F7CFFB1C9A1D9B41EC100B6B
:10AE200051EC100BF5F7E6FA02461E981F920A46FF
:10AE30001F9942EC101B8DED200B90ED1C0A02F0C7
:10AE400075FD10EE100AF5F7B6FB9DED201B41ECE9
:10AE5000100B51EC110B53EC102BF5F7CBFA9DEDC9
:10AE6000220B02460B4651EC100B43EC102B53EC1B
:10AE7000102BF5F7B9FA41EC100B51EC100BF5F76C
:10AE8000ADFB4299C1F88800439890ED220A4298A0
:10AE900090ED221A30EE410AF0EE000ACDED3B0AA9
:10AEA00080EE200A419880ED040A479810303E90C9
:10AEB00047981C303D903E9890ED010A05F0C0FF88
:10AEC00010EE100AF5F777FB41EC100B8DED240B1B
:10AED0003D984068F5F76FFB41EC100B9FEDCA1BE6
:10AEE00053EC112B51EC100BF5F784FA9DED240B6C
:10AEF00041EC110B8DED261B51EC100B9FEDC40B9B
:10AF000053EC102B2D932C92F5F774FA9DED260B34
:10AF100041EC110B53EC112B51EC100BF5F764FACB
:10AF200041EC100B51EC100BF5F758FBDDED3B0A33
:10AF300045F2B431C2F20001359108603E9890EDBF
:10AF4000000A05F07DFF10EE100A80F00040F5F7D2
:10AF500032FB41EC100B8DED280B3D980068F5F7A6
:10AF60002AFB41EC100B51EC100B9FEDAB0B53EC9B
:10AF7000102B31933092F5F73DFA9DED280B2C9A6A
:10AF80002D9B41EC110B8DED2A1B51EC100BF5F7AD
:10AF900031FA9DED2A0B41EC110B51EC110B53ECE6
:10AFA000102BF5F721FA41EC100B51EC100BF5F7D3
:10AFB00015FBDDED3B0A45F2B831C2F200013691D6
:10AFC00008603E9890ED000A05F03AFF10EE100A76
:10AFD000F5F7F1FA41EC100B8DED2E0B3D98006862
:10AFE000F5F7E9FA2C9A2D9B41EC100B51EC100B64
:10AFF000F5F700FA9DED2E0B309A319B41EC110BC9
:10B000008DED321B51EC100BF5F7F4F99DED320B81
:10B0100041EC110B53EC112B51EC100BF5F7E4F94B
:10B0200041EC100B51EC100BF5F7D8FA359A369924
:10B03000034641F2BC30C2F200000360479B93ED2F
:10B040000F0A92ED001A30EE410A91ED001A30EE2F
:10B05000410A41F2AC31C2F2000181ED000A479A87
:10B0600092ED0E0A90ED001A30EE410A41F2B03036
:10B07000C2F2000000F008B8FCA9F1D24D62503FC6
:10B080009A9999999999B93F379080ED000A479814
:10B09000D0F8942040F66030C2F200003890026090
:10B0A000419B5A6A9A6291ED000A8DED3C0A90ED3F
:10B0B000000A02F001F8379938988DED3A0A91EDBF
:10B0C000000A8DED390A90ED000A02F02FFC9DED8B
:10B0D000392A9DED3A3A9DED3B1AB0EE404A9DED7E
:10B0E0003C0A22EE042A20EE030A30EE420A41987E
:10B0F00080ED090A419890ED090A90ED0A2A30EE98
:10B10000020A80EE010A41F29040C2F2000080ED96
:10B11000000A419991ED031A9DED3F0A90ED002A36
:10B1200020EE020A30EE010A45F2BC03C2F200032F
:10B1300083ED000A419880ED050A419890ED062ABA
:10B140009DED3F0A9FED361A20EE010A30EE020A0D
:10B1500045F2B400C2F2000080ED000A419909698D
:10B1600045F2B802C2F20002116090ED000A9FEDB4
:10B170002D2A30EE022A80EE020A41F2A831C2F2F4
:10B18000000181ED000A93ED002A91ED000A92ED95
:10B19000003A33EE423A20EE030A30EE020A419AB8
:10B1A00082ED030A91ED002AB7EE000A30EE420A62
:10B1B00090ED002A20EE020A419880ED060A41989F
:10B1C00090ED060ADFED180AF7F792FC40F6D8502A
:10B1D000C2F20000007901280ED1FFE7419890EDFE
:10B1E000021A90ED030A9DED3F2A20EE020A30EE8E
:10B1F000010A80ED020A03E0419900208860FFE720
:10B2000044B080BD00BF00BF05FA449E245DA33F4B
:10B21000F3599E077767AD3F7DE882FA9639BD3FC7
:10B220000000C8420000FA440AD7233C85B08DEDE7
:10B23000030A0290CDED010A9DED010AB7EE001A56
:10B24000B4EE410AF1EE10FA04DBFFE701208DF8BD
:10B25000130018E0039800909DED010A029890ED0C
:10B26000002AB7EE001A31EE401A9DED003A21EEA9
:10B27000031A20EE020A30EE010A80ED000A0020D7
:10B280008DF81300FFE79DF8130005B0704700002C
:10B2900080B586B005908DED040ACDED030A00203F
:10B2A0000290019000909DED030A0598D0ED060AEA
:10B2B000B1EE601AF7F71CFC9DED041A30EE410A5E
:10B2C000059880ED0C0A059840F22C51C2F200015D
:10B2D00088422CD1FFE7059890ED0C0A9FED771A74
:10B2E000B4EE410AF1EE10FA0ADDFFE7059890EDA1
:10B2F0000C0A9FED751A30EE010A80ED0C0A15E07C
:10B30000059890ED0C0A9FED6E1AB4EE410AF1EE2D
:10B3100010FA0ADAFFE7059890ED0C0A9FED691A1A
:10B3200030EE010A80ED0C0AFFE7FFE7FFE7059822
:10B3300090ED0C0AF7F7C2FB059890ED041AB4EEF5
:10B34000410AF1EE10FAC0F2AD80FFE7059890F8DF
:10B35000400001285CD1FFE7059890ED0C0AF7F753
:10B36000ADFB059890ED051AB4EE410AF1EE10FA26
:10B370000EDCFFE7059890ED010A90ED0C2A90EDA8
:10B380000E1A20EE020A30EE010A80ED0E0A03E0EA
:10B39000059900208863FFE70598D0ED090A90ED34
:10B3A0000E0AB1EE601AF7F7A3FB059880ED0E0ABE
:10B3B000059890ED000A90ED0C1A20EE010A8DED33
:10B3C000020A0598806B0190059890ED020A90EDB5
:10B3D0000B2A90ED0C1A31EE421A20EE010A8DED87
:10B3E000000A9DED000A059890ED0D3A90ED0F2AA8
:10B3F000B7EE001A31EE421A21EE031A20EE020ACD
:10B4000030EE010A8DED000A0098059948632FE09F
:10B41000059890F8400050BBFFE7059890ED000AB2
:10B4200090ED0B2A90ED0C1A31EE421A20EE010A33
:10B430008DED020A059890ED010A90ED0C1A20EEB0
:10B44000010A8DED010A059890ED020A90ED0A1AA5
:10B4500090ED0B3A90ED0C2A33EE033A32EE432A8C
:10B4600031EE021A20EE010A8DED000AFFE7FFE738
:10B470009DED020A9DED011A30EE010A9DED001AC4
:10B4800030EE010A059880ED080A0598D0ED030A10
:10B4900090ED080AB1EE601AF7F72AFB059880EDE7
:10B4A000080A03E0059900200862FFE70599C86AC9
:10B4B00088620599086BC86206B080BD00008045AF
:10B4C000000080C500000046000000C681B000906A
:10B4D0000099002088620099C86200990863009969
:10B4E00088630099086201B0704700008CB002AA1E
:10B4F0000092024600980B9280ED080AC0ED070A00
:10B5000080ED061AC0ED051A80ED042AC0ED032A6D
:10B5100080ED023AC0ED013A80ED004A8DF8071047
:10B520000A980B99086009980B99486008980B993C
:10B53000886002980B99C86307980B99C8600398B4
:10B540000B99486206980B99086105980B99486118
:10B5500004980B9988610B990020C8610B990862C7
:10B560000B9988639DF807100B9A82F840100B998D
:10B5700088620B99C8620B9908630B9948630CB0F9
:10B580007047000000000000000000000000000004
:10B59000EFF30980BFF36F8F154B1A681EF0100F81
:10B5A00008BF20ED108A20E9F04F10602DE9090056
:10B5B0004FF0500080F31188BFF34F8FBFF36F8FB0
:10B5C00003F094FD4FF0000080F31188BDE80900FE
:10B5D00019680868B0E8F04F1EF0100F08BFB0EC13
:10B5E000108A80F30988BFF36F8F704700BF00BFD8
:10B5F000C013002080B582B041F2C420C2F2000026
:10B6000040F2DC31C2F200014E220192FBF798FCBD
:10B61000019A41F25430C2F2000040F22A41C2F2D3
:10B620000001FBF78DFC02B080BD000080B584B046
:10B6300040F6D850C2F200000079012840F0838023
:10B64000FFE740F23470C2F2000090ED250A9FED52
:10B65000741AB4EE410AF1EE10FA0EDBFFE740F285
:10B660003470C2F2000090ED250A9FED6E1AB4EE20
:10B67000410AF1EE10FA16DDFFE740F67860C2F2FB
:10B680000000408801280DD0FFE741F27C20C2F283
:10B690000000FAF793FA40F67861C2F20001012047
:10B6A0004880FFE70DE041F27C20C2F20000FAF78B
:10B6B00001FB40F67861C2F200010020088048805A
:10B6C000FFE740F67860C2F200000088C92839DB45
:10B6D000FFE740F6D851C2F200010291002003902A
:10B6E000087140F61C61C2F200018860C860886180
:10B6F00008614861C86340F6BC01C2F200010865F8
:10B70000C1F818018864C1F8100140F22C50C2F24F
:10B710000000FFF7DBFE40F27050C2F20000FFF7BE
:10B72000D5FE40F6D420C2F20000FFF7CFFE029A09
:10B7300003980121917240F67861C2F200010880FD
:10B740004880FFE7FFE740F6D850C2F200000079DA
:10B75000002863D1FFE740F23470C2F2000090EDA0
:10B76000250A9FED311AB4EE410AF1EE10FA24DDFC
:10B77000FFE740F23470C2F2000090ED250A9FED21
:10B780002B1AB4EE410AF1EE10FA16DAFFE740F692
:10B790007860C2F20000408801280DD0FFE741F236
:10B7A0007C20C2F20000FAF709FA40F67861C2F292
:10B7B000000101204880FFE70DE041F27C20C2F249
:10B7C0000000FAF777FA40F67861C2F20001002033
:10B7D00008804880FFE740F67860C2F200000088E9
:10B7E000B0F5967F19DDFFE740F6D851C2F20001AF
:10B7F000009101200190087141F27C20C2F200000A
:10B80000FAF758FA00990198887240F67861C2F206
:10B810000001002008804880FFE7FFE704B080BDFA
:10B82000295C8FBE295C8F3ECDCC4CBDCDCC4C3D30
:10B830007047000080B586B004900391029204988E
:10B84000039B02996A4611600221012200F058F818
:10B8500048B1FFE70499486D40F020004865032097
:10B860008DF8170048E040F2D000C2F200000068F6
:10B870004AF6AB21CAF6AA21A0FB011000094DF639
:10B880008361C4F21B31A0FB0110800C4FF47A716C
:10B890004843019004984068B0F5827F15D1FFE7D6
:10B8A0000498039B02996A4611608021002200F0EF
:10B8B00027F848B1FFE70499486D40F0200048653B
:10B8C00003208DF8170017E012E0FFE7019808B990
:10B8D000FFE70CE0019801380190FFE70498006849
:10B8E0008068C1B20020B0EBD11FEFD1FFE7FFE7C6
:10B8F00000208DF81700FFE79DF8170006B080BD07
:10B9000080B58AB0DDF830C0089007918DF81B2013
:10B91000059305980190F8F7CDFE024601980C9921
:10B92000891A08440390F8F7C5FE0290039840F284
:10B93000D001C2F200010968C1F3CB314843049041
:10B94000FFE708980068806807990840401AB0FA35
:10B9500080F040099DF81B1088425ED0FFE70598F3
:10B960000130002858D0FFE7F8F7A4FE0299401AEA
:10B970000399884204D2FFE70398002842D1FFE7E9
:10B9800008980168486820F0E0004860089840681E
:10B99000B0F5827F13D1FFE708988068B0F5004FBB
:10B9A00006D0FFE708988068B0F5806F07D1FFE701
:10B9B00008980168086820F040000860FFE70898D0
:10B9C000806AB0F5005F0FD1FFE7FFE708980168D4
:10B9D000086820F40050086008980168086840F47E
:10B9E00000500860FFE7FFE70899012081F8510047
:10B9F000FFE70899002081F85000FFE703208DF849
:10BA000027000EE0049818B9FFE700200390FFE735
:10BA1000049801380490FFE793E700208DF8270091
:10BA2000FFE79DF827000AB080BD0000000000007D
:10BA3000074B19680868B0E8F04F80F30988BFF336
:10BA40006F8F4FF0000080F31188704700BF00BF78
:10BA5000C0130020B0B5ACB02B9003F099F842F2BF
:10BA6000D830C0F60100016842688368D0F80CC085
:10BA7000D0F810E044692994CDF8A0E0CDF89CC03E
:10BA800026932592249180692A9024A80021009170
:10BA900002F0DCFA40F65C31C2F20001086003F00B
:10BAA000A3F8FCF759FA03F073F8009942F2A030BA
:10BAB000C0F6010002684368D0F808C0D0F80CE076
:10BAC0000469456922952194CDF880E0CDF87CC0C9
:10BAD0001E931D92806923901DA802F0B7FA009969
:10BAE00040F22C72C2F20002106042F26830C0F6DE
:10BAF000010002684368D0F808C0D0F80CE004697F
:10BB000045691B951A94CDF864E0CDF860C0179391
:10BB1000169280691C9016A802F098FA009940F2DB
:10BB2000D452C2F20002106042F24C30C0F6010062
:10BB300002684368D0F808C0D0F80CE00469456991
:10BB400014951394CDF848E0CDF844C010930F92AB
:10BB5000806915900FA802F079FA009940F2BC4272
:10BB6000C2F20002106042F2BC30C0F6010002686E
:10BB70004368D0F808C0D0F80CE0046945690D9519
:10BB80000C94CDF82CE0CDF828C009930892806978
:10BB90000E9008A802F05AFA009940F6B802C2F2D4
:10BBA0000002106042F28430C0F60100026843686F
:10BBB000D0F808C0D0F80CE00469456906950594F2
:10BBC000CDF810E0CDF80CC0029301928069079087
:10BBD00001A802F03BFA40F2FC51C2F200010860F9
:10BBE00001F0D8F840F67C70C2F20000006803F063
:10BBF0006DF902F0F9FFFFE7012002F0F5F9FBE72C
:10BC000080B586B005908DED040A40F6BC00C2F206
:10BC1000000090ED1C0A90ED4E1A30EE010AF0EE95
:10BC2000000A80EE200A059981ED000A90ED1D0AB8
:10BC300090ED4F1A30EE010A80EE200A059981ED51
:10BC4000010A40F23471C2F20001D1F89420059B40
:10BC5000DA610969059A116290ED190A90ED4B1AA3
:10BC600030EE010A9FED541A20EE010A059880ED8E
:10BC70000B0A059890ED0B0A05F0E2F8059880EDA7
:10BC80000C0A41F28440C2F2000000680599886302
:10BC900040F68470C2F20000006805994864059976
:10BCA0000020886440F2D850C2F20000807C014637
:10BCB000039120B1FFE70398012804D007E005991C
:10BCC0000020C86407E005990020C86403E00599D6
:10BCD0000020C864FFE740F6D850C2F200000079A7
:10BCE00001282CD1FFE740F2D850C2F20000007CBE
:10BCF00001460291012808D0FFE7029802280CD0E3
:10BD0000FFE70298032810D017E005990020C4F23D
:10BD1000163048650599886510E005990020C4F241
:10BD20003E3048650599886508E005990020C4F211
:10BD3000873048650599886500E0FFE703E00599CD
:10BD400000200865FFE740F2D851C2F200010191DE
:10BD500008884242C0EB8200400000B20231022259
:10BD6000F6F7F6FE0198B0F9020000EE100AB8EE00
:10BD7000C00A9FED121A20EE010A059880ED100A04
:10BD800040F6D850C2F20000007901280ED1FFE73A
:10BD9000059890ED0F1A90ED100A9DED042A20EE03
:10BDA000020A30EE010A80ED0F0A03E00599002037
:10BDB000C863FFE706B080BD6F12033A6F12833A83
:10BDC00080B582B04FF0500080F31188BFF36F8FC1
:10BDD000BFF34F8F009003F057FB40B1FFE74EF6E3
:10BDE0000451CEF200014FF080500860FFE70020C0
:10BDF0000190019880F3118802B080BD80B594B0A5
:10BE000007A83421F4F744FA002006900590049026
:10BE100003900290FFE70020019043F64000C4F237
:10BE20000200016841F080510160006800F080501C
:10BE300001900198FFE7FFE70020009047F2000023
:10BE4000C4F20000016841F440410160006800F460
:10BE5000404000900098FFE7012007904FF48030A9
:10BE6000089002200D904FF480010E9106210F9151
:10BE7000A821109111901290139007A8F8F74EFF87
:10BE800018B1FFE7F6F716FEFFE70F200290022039
:10BE90000390002004904FF4A05005904FF4805080
:10BEA000069002A80521F8F7FBFC18B1FFE7F6F7AA
:10BEB00001FEFFE714B080BD4EF68851CEF20001BE
:10BEC000086840F4700008607047000080B541F2D7
:10BED000EC10C2F20000F9F7DDFF80BD80B541F241
:10BEE0007C20C2F20000F9F7D5FF80BD83B002903C
:10BEF000019102980068009002980021C4F20101AB
:10BF0000884225D0FFE70298B0F1804F20D0FFE7AC
:10BF1000029840F20041C4F20001884218D0FFE7C5
:10BF2000029840F60001C4F20001884210D0FFE7F9
:10BF3000029840F60041C4F20001884208D0FFE7B1
:10BF4000029840F20041C4F2010188420AD1FFE7A1
:10BF5000009820F070000090019841680098084314
:10BF60000090FFE702980021C4F20101884255D0F9
:10BF7000FFE70298B0F1804F50D0FFE7029840F2FF
:10BF80000041C4F20001884248D0FFE7029840F621
:10BF90000001C4F20001884240D0FFE7029840F659
:10BFA0000041C4F20001884238D0FFE7029840F215
:10BFB0000041C4F20101884230D0FFE7029844F208
:10BFC0000001C4F20101884228D0FFE7029844F240
:10BFD0000041C4F20101884220D0FFE7029844F6F4
:10BFE0000001C4F20101884218D0FFE7029841F62F
:10BFF0000001C4F20001884210D0FFE7029841F628
:10C000000041C4F20001884208D0FFE7029842F2E2
:10C010000001C4F2000188420AD1FFE7009820F431
:10C02000407000900198C168009808430090FFE7B5
:10C03000009820F080000199496908430090009819
:10C0400002990860019880680299C86201980068A6
:10C050000299886202980021C4F20101884208D046
:10C06000FFE7029840F20041C4F20101884205D185
:10C07000FFE70198006902990863FFE70299012030
:10C08000486102980069C00730B1FFE7029908696A
:10C0900020F001000861FFE703B0704784B003900F
:10C0A00002910192029800F01F0101208840009047
:10C0B000009A0399086A904308620198029901F076
:10C0C0001F0100FA01F20399086A1043086204B0E4
:10C0D0007047000085B00490039102920193049888
:10C0E00080680090009820F47F40009003980299A7
:10C0F000019A41EA02210143009808430090009808
:10C100000499886005B0704783B00290019102984D
:10C1100080680090009820F07000009001980099CD
:10C12000084340F00700009000980299886003B02F
:10C130007047000085B0049003910498006A019054
:10C140000499086A20F00100086204984068009091
:10C15000049880690290029820F070000290029882
:10C1600020F00300029003980168029808430290AF
:10C17000019820F00200019003988168019808431B
:10C18000019004980021C4F20101884208D0FFE721
:10C19000049840F20041C4F2010188420ED1FFE749
:10C1A000019820F0080001900398C16801980843A5
:10C1B0000190019820F004000190FFE7049800210D
:10C1C000C4F20101884208D0FFE7049840F2004120
:10C1D000C4F20101884213D1FFE7009820F4807077
:10C1E0000090009820F40070009003984169009836
:10C1F0000843009003988169009808430090FFE786
:10C2000000980499486002980499886103984068EE
:10C210000499486301980499086205B070470000CA
:10C2200085B0049003910498006A01900499086A0B
:10C2300020F010000862049840680090049880691B
:10C240000290029820F4E0400290029820F440709E
:10C25000029003980168029840EA01200290019838
:10C2600020F02000019003988168019840EA0110B5
:10C27000019004980021C4F20101884208D0FFE730
:10C28000049840F20041C4F2010188420FD1FFE757
:10C29000019820F0800001900398C168019840EA5D
:10C2A00001100190019820F040000190FFE70498F0
:10C2B0000021C4F20101884208D0FFE7049840F24F
:10C2C0000041C4F20101884215D1FFE7009820F433
:10C2D00080600090009820F400600090039841690D
:10C2E000009840EA8100009003988169009840EA34
:10C2F00081000090FFE70098049948600298049933
:10C3000088610398406804998863019804990862D9
:10C3100005B0704785B0049003910498006A0190BD
:10C320000499086A20F480700862049840680090BC
:10C330000498C0690290029820F070000290029860
:10C3400020F00300029003980168029808430290CD
:10C35000019820F40070019003988168019840EAE8
:10C360000120019004980021C4F20101884208D004
:10C37000FFE7049840F20041C4F2010188420FD166
:10C38000FFE7019820F4006001900398C1680198CC
:10C3900040EA01200190019820F480600190FFE7BD
:10C3A00004980021C4F20101884208D0FFE70498F4
:10C3B00040F20041C4F20101884215D1FFE7009824
:10C3C00020F480500090009820F4005000900398D2
:10C3D0004169009840EA0110009003988169009833
:10C3E00040EA01100090FFE7009804994860029825
:10C3F0000499C861039840680499C8630198049936
:10C40000086205B07047000085B00490039104985D
:10C41000006A01900499086A20F480500862049828
:10C42000406800900498C0690290029820F4E040AF
:10C430000290029820F440700290039801680298DC
:10C4400040EA01200290019820F4005001900398E6
:10C450008168019840EA0130019004980021C4F2FB
:10C460000101884208D0FFE7049840F20041C4F27D
:10C47000010188420BD1FFE7009820F48040009032
:10C4800003984169009840EA81100090FFE7009806
:10C490000499486002980499C86103984068049917
:10C4A000086401980499086205B0704783B002904F
:10C4B0008DF80710ADF80420BDF804000299096852
:10C4C000C96A884206D9FFE702980068C06AADF8D9
:10C4D0000400FFE79DF80700014600910C2821D8D1
:10C4E0000099DFE801F0071F1F1F0D1F1F1F131FFB
:10C4F0001F1F1900BDF8040002990968486311E084
:10C50000BDF804000299096888630BE0BDF80400D7
:10C5100002990968C86305E0BDF80400029909683A
:10C520000864FFE703B0704785B00490039102925E
:10C530000498006A00900499086A20F001000862DB
:10C54000049880690190019820F0F0000190029910
:10C55000019840EA01100190009820F00A00009034
:10C560000399009808430090019804998861009805
:10C570000499086205B0704785B004900391029257
:10C580000498006A00900499086A20F0100008627C
:10C59000049880690190019820F4704001900299FC
:10C5A000019840EA01300190009820F0A00000902E
:10C5B0000399009840EA011000900198049988615D
:10C5C00000980499086205B07047000080B541F2F8
:10C5D0000C30C2F20000FAF7BDF880BD80B582B021
:10C5E00001900198806B009000990020C885009907
:10C5F000C8840098FAF7AAF802B080BD80B584B06C
:10C600000390002002900398806B019001980068CD
:10C610004069C0B2C0090290019890F841002128F9
:10C620000AD1FFE7029838B1FFE701990020C884DA
:10C63000019800F05DF9FFE7019800684069C0F3D8
:10C6400080100290019890F8420022280AD1FFE75A
:10C65000029838B1FFE701990020C885019800F0E1
:10C66000E9F8FFE70199486C40F010004864019830
:10C67000FAF76CF804B080BD80B586B005900598D7
:10C68000806B0490059800680068C00500285AD4A3
:10C69000FFE704990020C885FFE7FFE704980068DA
:10C6A00050E8030F20F480700390FFE7039904988B
:10C6B000026842E803100028F0D1FFE7FFE7FFE738
:10C6C000FFE70498006850E8050F20F00100029091
:10C6D000FFE702990498026842E805100028F0D1AB
:10C6E000FFE7FFE7FFE7FFE70498006850E8050F62
:10C6F00020F040000190FFE701990498026842E8A9
:10C7000005100028F0D1FFE7FFE70499202081F809
:10C7100042000498006B012814D1FFE7FFE7FFE710
:10C720000498006850E8030F20F010000090FFE725
:10C7300000990498026842E803100028F0D1FFE74E
:10C74000FFE7FFE7FFE70499002048630498006BC8
:10C75000012805D1FFE70498818DF9F78BFF03E0ED
:10C760000498FAF719FCFFE706B080BD80B582B0E7
:10C7700001900198806B0090009901204863009817
:10C78000006B012806D1FFE70098818D4908F9F771
:10C7900071FF03E00098FAF71DFCFFE702B080BDCF
:10C7A00080B584B003900398806B02900398006872
:10C7B0000068C00500282AD4FFE702990020C88439
:10C7C000FFE7FFE70298006850E8050F20F08000BF
:10C7D0000190FFE701990298026842E805100028DD
:10C7E000F0D1FFE7FFE7FFE7FFE70298006850E8B6
:10C7F000030F40F040000090FFE7009902980268A4
:10C8000042E803100028F0D1FFE7FFE703E00298B9
:10C81000FAF790FCFFE704B080BD000080B582B05D
:10C8200001900198806B00900098FAF79BFC02B091
:10C8300080BD000084B00390FFE7FFE70398006825
:10C8400050E8030F20F490700290FFE702990398DC
:10C85000026842E803100028F0D1FFE7FFE7FFE796
:10C86000FFE70398006850E8050F20F001000190F1
:10C87000FFE701990398026842E805100028F0D10B
:10C88000FFE7FFE70398006B012814D1FFE7FFE7FC
:10C89000FFE70398006850E8030F20F010000090B5
:10C8A000FFE700990398026842E803100028F0D1DE
:10C8B000FFE7FFE7FFE70399202081F84200039993
:10C8C0000020086304B0704780B582B001900198E1
:10C8D0000168C86820F04000C8600199202081F8F4
:10C8E00041000198FAF726FC002002B080BD00004C
:10C8F00082B00190FFE7FFE70198006850E8030F5E
:10C9000020F0C0000090FFE700990198026842E81B
:10C9100003100028F0D1FFE7FFE70199202081F8FC
:10C92000410002B07047000080B586B004900498C2
:10C9300090F84200222840F0A480FFE70498806825
:10C94000B0F5805F15D1FFE70498006988B9FFE76B
:10C95000002003900498806A029004980068406860
:10C960006FF35F20029908800499886A0230886218
:10C9700025E00498806A0390002002900498806863
:10C98000B0F5805F08D0FFE70498806850B9FFE7F2
:10C990000498006930B9FFE704980068406803997B
:10C9A000087007E004980068406800F07F00039971
:10C9B0000870FFE70499886A01308862FFE70499EC
:10C9C000C88D0138C8850004002856D1FFE70498B7
:10C9D0000168C86820F02000C86004980168C86831
:10C9E00020F48070C86004980168486920F0010054
:10C9F00048610499202081F842000499002048638E
:10CA00000498006B012830D1FFE7049900200863E7
:10CA1000FFE7FFE70498006850E8030F20F01000DC
:10CA20000190FFE701990498026842E8031000288A
:10CA3000F0D1FFE7FFE7049800680068C00600280F
:10CA40000ED5FFE7FFE7002000900498006800681B
:10CA5000009004980068406800900098FFE7FFE7A6
:10CA60000498818DF9F706FE03E00498FAF794FA2A
:10CA7000FFE700208DF8170007E000208DF8170071
:10CA800003E002208DF81700FFE79DF8170006B0BD
:10CA900080BD000080B586B00590059800680069EB
:10CAA00020F44050059A1168D26810430861059936
:10CAB00088680B694A69C9691843104308430490A0
:10CAC00005980068C06849F20C61884304990843DE
:10CAD00005990968C86005980068406920F44070AD
:10CAE000059A11689269104348610598006841F2FF
:10CAF0000001C4F20101884209D0FFE705980068EF
:10CB000041F20041C4F20101884204D1FFE7F8F785
:10CB10003BF8039003E0F8F725F80390FFE705984A
:10CB2000C069B0F5004F29D1FFE703981921A0FB98
:10CB30000101059A1368029353685A00DB0FF3F75B
:10CB40005DFB0299864648F21F53C5F2EB13AEFB1C
:10CB50000320420910014FF0640C02FB1CEC32224E
:10CB600002EBCC02A2FB0332F82303EA521300EBE0
:10CB70004300C2F342121044886026E00398192152
:10CB8000A0FB0101059A1368019353689A009B0F5B
:10CB9000F3F734FB0199844648F21F52C5F2EB12B9
:10CBA000ACFB02304309642003FB10CC322000EBC5
:10CBB0000C10A0FB0202F02000EA521000EB031060
:10CBC000C2F3431210448860FFE706B080BD000046
:10CBD00080B588B007900691ADF8162006980799A1
:10CBE0008862BDF816000799888507990020486477
:10CBF000079A222182F842100799CA6B4CF2796198
:10CC0000C0F60001D1630799CA6B4CF26D71C0F692
:10CC1000000111640799CA6B4CF2FD51C0F6000186
:10CC2000D1640799C96B086506A804900798016844
:10CC3000C06B0431049A1268BDF81630F7F7D0FAC9
:10CC4000FFE70020039007980068006803900798AA
:10CC50000068406803900398FFE707980069A0B157
:10CC6000FFE7FFE7FFE70798006850E8030F40F48D
:10CC700080700290FFE702990798026842E803106B
:10CC80000028F0D1FFE7FFE7FFE7FFE7FFE707989E
:10CC9000006850E8050F40F001000190FFE701999E
:10CCA0000798026842E805100028F0D1FFE7FFE787
:10CCB000FFE7FFE70798006850E8050F40F04000E5
:10CCC0000090FFE700990798026842E805100028E5
:10CCD000F0D1FFE7FFE7002008B080BD83B00190EE
:10CCE000019890F8410021283AD1FFE70198806827
:10CCF000B0F5805F13D1FFE70198006978B9FFE7CD
:10CD00000198006A0090009800886FF35F200199F5
:10CD1000096848600199086A0230086208E0019ACF
:10CD2000106A411C11620078019909684860FFE7A8
:10CD30000199C88C0138C884000468B9FFE70198DC
:10CD40000168C86820F08000C86001980168C86860
:10CD500040F04000C860FFE700208DF80B0003E0C2
:10CD600002208DF80B00FFE79DF80B0003B0704721
:10CD700080B541F2C420C2F20000F9F7EBFC80BD9F
:10CD800080B541F25430C2F20000F9F7E3FC80BDF7
:10CD9000FFE7FEE780B592B0F3F7E6FFF4F714F88B
:10CDA00040F6D851C2F20001002008714871887025
:10CDB000C87088710870487040F22C50C2F20000B0
:10CDC0009FED7B0AB3EE041AF0EE001ACDED011AC6
:10CDD0009FED782A8DED0F2ADFED772ACDED042A1D
:10CDE0009FED763ADFED763ACDED023A9FED754A4A
:10CDF0008DED104A01211191F0EE420AFEF776FB0B
:10CE00009DED013A9DED040A9DED0F2ADDED102AFE
:10CE1000119940F6D420C2F20000B2EE041A8DED52
:10CE20000D1AF0EE041AF7EE003ACDED0B3A9FED35
:10CE3000664AF0EE420AFEF759FB9DED020ADDED6F
:10CE40000F3A9DED104A119940F64C20C2F20000B5
:10CE500003909FED5E1ADFED5E1A9FED5E3A8DED59
:10CE6000053AF0EE630AB0EE632AF0EE632AFEF7AD
:10CE70003DFB03989DED040A9DED053A9DED0F2ABB
:10CE80009DED104A11994430DFED530A9FED531A7E
:10CE9000F3EE0E1AF2EE0E3AF0EE442AFEF726FBFF
:10CEA0009DED0F2A9DED104A119940F2F070C2F2EB
:10CEB00000000690B7EE080A8DED070ADFED481A6C
:10CEC000CDED081AF0EE082ACDED0C2A9FED453A7B
:10CED0008DED093AF1EE043ACDED0E3AF0EE420A4C
:10CEE000B0EE611AFEF702FB06989DED070ADDED34
:10CEF000081A9DED093ADDED0C2ADDED0E3A9DEDA7
:10CF00000F2A9DED104A11994430F0EE420AB0EE1E
:10CF1000611AFEF7EBFA9DED0B0ADDED0C1A9DEDA3
:10CF20000D3ADDED0F3A9DED104A119940F6E060A3
:10CF3000C2F200000A90F0EE630AB0EE631AB0EE9F
:10CF4000632AF0EE632AFEF7D1FA0A989DED0B0AE8
:10CF5000DDED0C1A9DED0D3ADDED0F3A9DED104A19
:10CF600011994430F0EE630AB0EE631AB0EE632A12
:10CF7000F0EE632AFEF7BAFA9DED0E1ADDED0F2AE8
:10CF80009DED104A119940F68460C2F200009FEDB9
:10CF9000160ADFED160A9FED163ADFED163AF0EEAF
:10CFA000631AB0EE622AFEF7A1FA12B080BD00BF8C
:10CFB000CDCCCC3D000000000000484200401C46A3
:10CFC00000004843CDCC4C3D6F12833A00007A43B9
:10CFD0000000A042C3F54840CDCC4C3E00001643B3
:10CFE000000020420000B443000048440AD7A33C9C
:10CFF0000000C8420000164481B08DF803009DF97E
:10D00000030000280ED4FFE79DF9031001F01F0272
:10D01000012090404A094EF20011CEF2000141F881
:10D020002200FFE701B070474EF60C50CEF2000030
:10D030000068C0F30220704782B08DF807000091AD
:10D040009DF9070000280AD4FFE7009800019DF928
:10D0500007104EF20042CEF2000288540BE0009816
:10D0600000019DF8071001F00F014EF61452CEF2A8
:10D0700000028854FFE702B07047000083B00290BE
:10D08000029800F0070000904EF60C51CEF200011D
:10D090000868019001984FF6FF0210400190019836
:10D0A000009A40EA02200022C0F2FA521043019096
:10D0B0000198086003B0704789B08DED080A9DEDB6
:10D0C000080A9FED3C1A20EE010AB5EE001A30EE78
:10D0D000010A8DED050A9DED050ABDEEC00A8DED34
:10D0E000010A9DED050AB5EE400AF1EE10FA04DAE8
:10D0F000FFE7019801380190FFE79DED050A9DEDDE
:10D10000011AB8EEC11A30EE410A8DED050A9DED07
:10D11000050A9FED291A20EE010A8DED000A9DED0A
:10D12000000ABDEEC00A10EE100AADF81200BDF8FC
:10D130001200B0F5007F0CDBFFE70020ADF8120015
:10D140009DED000A9FED1D1A30EE010A8DED000ADB
:10D15000FFE79DED000ABDF8120001EE100AB8EEDF
:10D16000411A30EE410A8DED060ABDF8121041F663
:10D17000C400C0F6010050F821100391BDF8121050
:10D1800000EB8100406802909DED061AB7EE000AA0
:10D1900030EE410A9DED032A9DED023A21EE031A7D
:10D1A00020EE020A30EE010A8DED070A9DED070A16
:10D1B00009B0704783F9223E00000044000000C41B
:10D1C00089B00890079106920898406805900798E2
:10D1D0004068049006984068039008980088079972
:10D1E0000988884215D1FFE708984088079949883F
:10D1F00088420ED1FFE7089800880699098888427E
:10D2000007D1FFE70898408806994988884204D0EA
:10D21000FFE7FD208DF8030023E00899088849887E
:10D220004843029002980190FFE70198A8B1FFE7F8
:10D230000598011D059190ED000A0498011D0491C7
:10D2400090ED001A30EE010A0398011D039180ED64
:10D25000000A019801380190E7E700208DF80300EB
:10D26000FFE79DF9030009B07047000083B002900A
:10D27000ADF80610ADF804200093BDF80600029941
:10D280000880BDF80400029948800098029948601F
:10D2900003B070479BB009AA009219901891199891
:10D2A00040681790189840681690199800880D905B
:10D2B000199840880C9000200A90069019990888C7
:10D2C000498888420DD1FFE7189908884988884223
:10D2D00007D1FFE71998008818990988884204D077
:10D2E000FFE7FD208DF80700C7E1169813900D9811
:10D2F0000790FFE7079858B3FFE70D980799401A82
:10D300000590FFE7059848B1FFE71399081D1390B2
:10D3100000200860059801380590F3E71399081D6F
:10D3200013904FF07E500860079801380590FFE792
:10D33000059848B1FFE71399081D13900020086075
:10D34000059801380590F3E7079801380790D1E771
:10D350000C98049000200290FFE70498002800F049
:10D360005081FFE7179802990C9A514300EB810016
:10D370001590169802990C9A514300EB8100139076
:10D38000159800680A90159890ED000AB5EE400ACD
:10D39000F1EE10FA5CD1FFE701200890FFE7089852
:10D3A0000D99029A891A884251D2FFE715980C9973
:10D3B000089A514300EB8100149013980C99089A35
:10D3C000514300EB81001290149890ED000AB5EEE5
:10D3D000400AF1EE10FA35D0FFE70C980299401A96
:10D3E0000590FFE7059890B1FFE7149800680B904F
:10D3F0001598006814990A1D149208600B981599E5
:10D400000A1D15920860059801380590EAE70C9806
:10D410000590FFE7059890B1FFE7129800680B9020
:10D420001398006812990A1D129208600B981399BC
:10D430000A1D13920860059801380590EAE701205B
:10D44000069004E0FFE7089801300890A7E7FFE79F
:10D45000069801280DD0FFE7009890ED010AB5EE7F
:10D46000400AF1EE10FA04D1FFE7FB208DF86B00C3
:10D4700008E1179802990C9A514300EB8100119032
:10D48000169802990C9A514300EB81000F90119865
:10D4900015900F981490119800680A900C980299B2
:10D4A000401A0590FFE7059898B1FFE70098159995
:10D4B0000968099190ED000A90ED011A80EE010AC9
:10D4C0001598011D159180ED000A05980138059009
:10D4D000E9E70C980590FFE7059898B1FFE70098F9
:10D4E00014990968099190ED000A90ED011A80EEF7
:10D4F000010A1498011D149180ED000A0598013865
:10D500000590E9E717981590169814900020089058
:10D510000D980390FFE70398002868D0FFE708986C
:10D52000029988420DD1FFE70C980299411A15988B
:10D5300000EB810015900C99149800EB8100149079
:10D5400049E0159800680A90119810900F980E9075
:10D550000C980299401A0590FFE70598D0B1FFE7B3
:10D56000009815990968099190ED000A90ED011A4B
:10D570001098011D109190ED002A21EE021A30EE54
:10D58000410A1598011D159180ED000A0598013892
:10D590000590E2E70C980590FFE70598D0B1FFE70A
:10D5A000009814990968099190ED000A90ED011A0C
:10D5B0000E98011D0E9190ED002A21EE021A30EE18
:10D5C000410A1498011D149180ED000A0598013854
:10D5D0000590E2E7FFE71598029900EB81001590AE
:10D5E00003980138039008980130089093E7179842
:10D5F000043017900498013804900298013002908A
:10D60000ABE600208DF807000698012834D0FFE72C
:10D61000009890ED010AB5EE400AF1EE10FA2BD118
:10D62000FFE719984068179000200890FFE70898D6
:10D630000D990C9A5143884212D2FFE71798089926
:10D6400000EB810090ED000AB5EE400AF1EE10FA11
:10D6500001D0FFE704E0FFE7089801300890E6E713
:10D6600008980D990C9A5143884204D1FFE7FB209A
:10D670008DF80700FFE7FFE7FFE79DF807008DF84B
:10D680006B00FFE79DF96B001BB0704792B008ABD1
:10D690000093119010910F92119840680E9010987D
:10D6A00040680D90119840680C90109840680B905D
:10D6B0000F9840680A9011980088ADF81E001098E5
:10D6C0004088ADF81C0011984088ADF81A00002081
:10D6D0000490BDF81E0003901198408810990988A5
:10D6E00088420ED1FFE7119800880F990988884277
:10D6F00007D1FFE7109840880F994988884204D0E5
:10D70000FFE7FD208DF807005EE0FFE70A98049927
:10D7100000EB81000990BDF81C000590109840684E
:10D720000D90FFE7002008900C980E90BDF81A00AD
:10D730000290FFE70298D8B1FFE700980E990A1D02
:10D740000E9291ED000A0D9991ED002A90ED001ACC
:10D7500020EE020A30EE010A80ED000ABDF81C102E
:10D760000D9800EB81000D90029801380290E1E7DE
:10D77000089809990A1D09920860059801380590D2
:10D780000B98BDF81C10059A891A00EB81000D90CA
:10D79000FFE705980028C5D1FFE70498BDF81C10E5
:10D7A000084404900C98BDF81A1000EB81000C900E
:10D7B000039801380390FFE703980028A6D1FFE7FC
:10D7C00000208DF80700FFE79DF9070012B07047B1
:10D7D00089B00890079106920898406805900798CC
:10D7E000406804900698406803900898008807995C
:10D7F0000988884215D1FFE7089840880799498829
:10D8000088420ED1FFE70898008806990988884267
:10D8100007D1FFE70898408806994988884204D0D4
:10D82000FFE7FD208DF8030023E008990888498868
:10D830004843029002980190FFE70198A8B1FFE7E2
:10D840000598011D059190ED000A0498011D0491B1
:10D8500090ED001A30EE410A0398011D039180ED0E
:10D86000000A019801380190E7E700208DF80300D5
:10D87000FFE79DF9030009B0704700008AB00990E6
:10D8800008910998406807900898406806900998A0
:10D890000088ADF8120009984088ADF81000BDF876
:10D8A0001200029000200190099800880899498888
:10D8B000884207D1FFE7099840880899098888427B
:10D8C00004D0FFE7FD208DF803002BE0FFE706986A
:10D8D000019900EB81000590BDF810000390FFE76F
:10D8E000039880B1FFE70798011D0791006805992B
:10D8F0000860BDF81210059800EB810005900398B0
:10D9000001380390ECE7019801300190029801384A
:10D910000290FFE702980028D9D1FFE700208DF898
:10D920000300FFE79DF903000AB0704789B08DED51
:10D93000080A9DED080A9FED3A1A20EE010A8DEDC6
:10D94000050A9DED050ABDEEC00A8DED010A9DEDAB
:10D95000050AB5EE400AF1EE10FA04DAFFE7019885
:10D9600001380190FFE79DED050A9DED011AB8EE23
:10D97000C11A30EE410A8DED050A9DED050A9FEDB5
:10D98000291A20EE010A8DED000A9DED000ABDEE78
:10D99000C00A10EE100AADF81200BDF81200B0F582
:10D9A000007F0CDBFFE70020ADF812009DED000AC0
:10D9B0009FED1D1A30EE010A8DED000AFFE79DED87
:10D9C000000ABDF8120001EE100AB8EE411A30EE5E
:10D9D000410A8DED060ABDF8121041F6C400C0F6EA
:10D9E000010050F821100391BDF8121000EB8100E6
:10D9F000406802909DED061AB7EE000A30EE410A2B
:10DA00009DED032A9DED023A21EE031A20EE020A53
:10DA100030EE010A8DED070A9DED070A09B0704747
:10DA200083F9223E00000044000000C480B58AB0A3
:10DA3000F3F742FD80200590F3F736FF552006905E
:10DA4000F3F732FF0698F3F72FFF41F26441C2F279
:10DA5000000108910870F3F725FD01200790F6F703
:10DA600021FCF3F729FD0598F3F71EFF0698F3F75D
:10DA70001BFF0698F3F718FF08990870F3F712FDDB
:10DA80000798F6F70FFCF3F717FD7E20B621F3F7A2
:10DA900023FFF3F707FD5020F6F704FCF3F70CFD26
:10DAA0000598F3F701FF0698F3F7FEFE0698F3F7E3
:10DAB000FBFE08990870F3F7F5FC0798F6F7F2FB00
:10DAC000F3F7FAFC0598F3F7EFFE0698F3F7ECFE90
:10DAD0000698F3F7E9FE08990870F3F7E3FC079856
:10DAE000F6F7E0FB089800781E2804D0FFE7FF2037
:10DAF0008DF8270074E045F2C001C2F20001002059
:10DB00000870FFE745F2C000C2F200000078052867
:10DB100062DCFFE7F3F7D0FC45F2C000C2F2000080
:10DB20000390007800EB400240F2D410C2F20000F3
:10DB300004908118805C4978F3F7CEFEF3F7B2FCCD
:10DB400001200190F6F7AEFBF3F7B6FC03990498B9
:10DB5000097801EB4101405C40F08000F3F7A4FE3E
:10DB600055200090F3F7A0FE0098F3F79DFE41F2D8
:10DB70006441C2F2000102910870F3F793FC01982E
:10DB8000F6F790FB0298039A04990078127802EB5A
:10DB9000420211444978884215D0FFE745F2C0009F
:10DBA000C2F20000007800EB400140F2D410C2F253
:10DBB00000000844827840F68071C2F200010878C3
:10DBC00010430870FFE7FFE745F2C001C2F2000111
:10DBD00008780130087095E700208DF82700FFE7EE
:10DBE0009DF827000AB080BD80B588B0F3F778FCB7
:10DBF00041F26441C2F20001069100200490F3F763
:10DC000041FEF3F763FC01200590F6F74BFBF3F7B9
:10DC100067FC04980699F3F735FEF3F757FC05986F
:10DC2000F6F740FBF3F75CFC1420B621F3F754FE43
:10DC3000F3F74CFC5020F6F735FBF3F751FC049852
:10DC40000699F3F71FFEF3F741FC0598F6F72AFB58
:10DC5000F3F746FC04980699F3F714FEF3F736FC45
:10DC60000598F6F71FFB069800780F2804D0FFE709
:10DC7000FF208DF81F006DE045F2C001C2F20001E7
:10DC800000200870FFE745F2C000C2F200000078F3
:10DC900005285BDCFFE7F3F723FC45F2C000C2F286
:10DCA00000000290007800EB400240F2E610C2F261
:10DCB000000003908118805C4978F3F70DFEF3F7BC
:10DCC00005FC01200090F6F7EDFAF3F709FC029944
:10DCD0000398097801EB4101405C41F26441C2F2D2
:10DCE00000010191F3F7CEFDF3F7F0FB0098F6F792
:10DCF000D9FA0198029A03990078127802EB42024D
:10DD000011444978884218D0FFE745F2C000C2F2BA
:10DD10000000017801390170007800EB400140F209
:10DD2000D410C2F200000844827840F68071C2F23A
:10DD30000001087810430870FFE7FFE745F2C001D3
:10DD4000C2F200010878013008709CE700208DF8CD
:10DD50001F00FFE79DF81F0008B080BD88B0079046
:10DD600006910020059004904FF0FF31039141F699
:10DD7000B751C0F2C14102910190FFE701980699A5
:10DD800088423ED2FFE74FF0004005900798019986
:10DD900050F82100049000200090FFE700981F2811
:10DDA0002AD8FFE79DF80F00000600280BD5FFE7F3
:10DDB000039840000390039841F6B751C0F2C14167
:10DDC0004840039003E0039840000390FFE7049865
:10DDD0000599084208D0FFE7039841F6B751C0F211
:10DDE000C14148400390FFE7059840080590FFE7D0
:10DDF000009801300090D1E7FFE7019801300190D1
:10DE0000BCE7039808B0704781B08DED000A9DED26
:10DE1000000ABDEEC00A40F68C70C2F2000080ED30
:10DE2000000A9DED000A90ED001AB8EEC11A30EE1E
:10DE3000410A40F68870C2F2000080ED000A90EDC1
:10DE4000000AB6EE001AB4EE410AF1EE10FA08DD4F
:10DE5000FFE740F68C71C2F20001086801300860EB
:10DE6000FFE740F68C70C2F20000006801B0704716
:10DE700084B08DED030A9DED030AB6EE001A20EE84
:10DE8000010A8DED020A0398019001980090009913
:10DE900045F6DF10C5F63770A0EB610000900098E2
:10DEA00001909DED010A9DED021A21EE001A21EE6E
:10DEB000002AB7EE081A31EE421A20EE010A8DED63
:10DEC000010A9DED010A04B07047000084B08DED99
:10DED000030A9DED030AB6EE001A20EE010A8DED4D
:10DEE000020A0398019001980090009945F6862057
:10DEF000C5F63770A0EB61000090009801909DED91
:10DF0000010A9DED021A21EE001A21EE002AB7EE59
:10DF1000081A31EE421A20EE010A8DED010A9DED3C
:10DF2000010A04B07047000080B582B00020019063
:10DF3000F6F7D4FBFDF762FFFCF772F8FCF710F878
:10DF4000FCF7FCF8FCF722F9FBF7BAFFFCF710FA34
:10DF5000FBF7DEFFFCF7ECF9FCF72CFAFCF782F993
:10DF6000A820F4F741FC32200090F6F79BF9F3F774
:10DF7000DDFE0098F6F796F9FDF73CFB41F2342000
:10DF8000C2F200000421F8F769FAFFE741F29410A9
:10DF9000C2F200000121F3F7F9FB08B1FFE7F5E752
:10DFA00040F6D851C2F20001012008703220F6F785
:10DFB00079F9FCF711F800F043F8FFE7FEE70000FD
:10DFC00082B0ADF8060000200090BDF9060084285C
:10DFD00007D0FFE7BDF90600009908440330009020
:10DFE000FFE7009802B0704780B584B003900398B3
:10DFF0000290029818B1FFE70298019002E0012018
:10E000000190FFE7019800F09FFE002004B080BD62
:10E0100080B586B00590049104980390059802900D
:10E02000039818B1FFE70398019002E001200190E6
:10E03000FFE70298019900F0BFFE002006B080BD06
:10E0400080B500F0E3FF002080BD0000B0B590B0C7
:10E050000E900D910E98406938B3FFE70E988069D5
:10E0600018B3FFE70E980168089141680B910169A8
:10E0700009910D990A91B0F90800FFF7A1FF0899DD
:10E08000099A0A9B84460B98DDF838E0DEF81440C4
:10E09000DEF81850EE46CEF80850CEF80440CEF820
:10E0A00000C001F07FF90C9020E00E980168049107
:10E0B00041680791018A05910D990691B0F9080010
:10E0C000FFF77EFF0499059A069B84460798EE4663
:10E0D0000CACCEF80440CEF800C001F013F90128D2
:10E0E00003D0FFE700200F9003E0FFE70C980F90AC
:10E0F000FFE70F9810B0B0BD80B584B003900291D7
:10E1000045F2AC30C2F200000068009041F2C0302D
:10E11000C2F200000068043000F082FC88B9FFE71A
:10E1200041F2C030C2F200000068C16A012000FA6A
:10E1300001F245F2B001C2F20001086890430860A4
:10E1400000E0FFE70398013080B9FFE7029868B16B
:10E15000FFE741F2C030C2F200000068011D45F245
:10E160008430C2F2000000F0EBFC3DE0009803991F
:10E1700008440190019841F2C031C2F200010968DF
:10E1800048600198009988420ED2FFE741F2CC30F6
:10E19000C2F20000006841F2C031C2F20001096819
:10E1A000043100F097FC1EE041F2C430C2F20000DE
:10E1B000006841F2C031C2F200010968043100F088
:10E1C00089FC019845F25031C2F200010968884289
:10E1D00007D2FFE7019845F25031C2F20001086012
:10E1E00000E0FFE7FFE7FFE704B080BD80B582B045
:10E1F000019000F0CDFC45F2A001C2F200010868D8
:10E200000130086041F2C030C2F20000006898B9E5
:10E21000FFE7019841F2C031C2F20001086045F207
:10E22000A000C2F200000068012803D1FFE700F05F
:10E23000C7F900E0FFE71CE045F27830C2F20000C9
:10E240000068A0B9FFE741F2C030C2F200000068E8
:10E25000C06A0199C96A884207D8FFE7019841F26C
:10E26000C031C2F20001086000E0FFE700E0FFE714
:10E27000FFE745F2AC01C2F2000108680130086016
:10E280000198C16A012000FA01F245F2B001C2F220
:10E2900000010868104308600199C86A00EB800219
:10E2A00041F2D030C2F2000000EB8200043100F0F5
:10E2B00047FC00F099FC45F27830C2F2000000689B
:10E2C000C8B1FFE741F2C030C2F200000068C06A86
:10E2D0000199C96A88420CD2FFE74EF60451CEF28A
:10E2E00000014FF080500860BFF34F8FBFF36F8F76
:10E2F00000E0FFE700E0FFE702B080BD80B582B03C
:10E30000FFE745F2A400C2F20000006808B3FFE78F
:10E3100000F03EFC45F29830C2F20000C068C068D0
:10E3200001900198043000F07BFB45F2A001C2F29D
:10E33000000108680138086045F2A401C2F200013A
:10E3400008680138086000F04FFC019800F004F8FC
:10E35000D7E702B080BD000080B582B00090009881
:10E3600090F8510040B9FFE70098006B00F062FCA4
:10E37000009800F05FFC1CE0009890F85100012824
:10E3800004D1FFE7009800F055FC11E0009890F8E8
:10E39000510002280BD0FFE74FF0500080F31188A6
:10E3A000BFF36F8FBFF34F8F0190FFE7FEE7FFE7EB
:10E3B000FFE702B080BD000084B04FF470500090C1
:10E3C00041F29440C2F2000001909DF80400400721
:10E3D00088B1FFE7019807300190019820F007000D
:10E3E0000190019A41F29441C2F200010098891A09
:10E3F00008440090FFE701980290029945F27C30B2
:10E40000C2F200000160002141600298009A1044AD
:10E410000190019808380190019820F007000190C0
:10E42000019A41F2C830C2F20000026002685160F5
:10E4300002681160029903910199039A891A516047
:10E440000068039908600398406845F24C31C2F2B5
:10E45000000108600398406845F2F001C2F2000133
:10E46000086045F2C401C2F200014FF000400860AC
:10E4700004B0704780B582B00190FFE7FFF73EFF20
:10E4800041F2D030C2F20000006802280CD3FFE74E
:10E490004EF60451CEF200014FF080500860BFF3F9
:10E4A0004F8FBFF36F8F00E0FFE7E7E780B588B0DD
:10E4B000DDF834C0DDF830C0DDF82CC0DDF828C050
:10E4C00006900591049203930C98006B049900EB5D
:10E4D000810004380290029820F0070002909DF815
:10E4E0000800400758B1FFE74FF0500080F3118853
:10E4F000BFF36F8FBFF34F8F0790FFE7FEE70598DD
:10E50000F8B1FFE700200190FFE701980F2813D82A
:10E51000FFE70598019A805C0C99114481F834005A
:10E5200005980199405C08B9FFE705E0FFE7FFE7C0
:10E53000019801300190E8E70C99002081F8430030
:10E5400004E00C99002081F83400FFE70A980728BE
:10E5500003D3FFE706200A9000E0FFE70A980C9932
:10E56000C8620A980C9948640C990020009088644D
:10E570000C98043000F0A6FA0C98183000F0A2FABB
:10E5800000980C9909610A99C1F107010C9A9161EF
:10E590000C9949620C99C8640C9981F85000029852
:10E5A0000699039A00F00CFA0C9908600B9820B1B8
:10E5B000FFE70C980B99086000E0FFE708B080BD0A
:10E5C00080B584B000200390FFE70398062810D898
:10E5D000FFE7039800EB800141F2D030C2F2000067
:10E5E00000EB810000F056FAFFE70398013003903A
:10E5F000EBE745F2C800C2F20000019000F04AFAD1
:10E6000045F2DC00C2F20000029000F043FA45F24D
:10E610006430C2F2000000F03DFA45F29830C2F2D8
:10E62000000000F037FA45F28430C2F2000000F03A
:10E6300031FA0199029841F2C432C2F2000211602B
:10E6400041F2CC31C2F20001086004B080BD00008C
:10E6500083B0029045F27C30C2F200000190FFE7E7
:10E66000019800680299884205D2FFE7FFE7019808
:10E6700000680190F4E701980090009801994968BA
:10E6800008440299884209D1FFE70298426801993B
:10E690004868104448600198029000E0FFE7029843
:10E6A00000900098029949680844019909688842D5
:10E6B00020D1FFE70198006841F2C831C2F20001A1
:10E6C000096888420DD0FFE7019800684268029906
:10E6D0004868104448600198006800680299086022
:10E6E00007E041F2C830C2F20000006802990860F9
:10E6F000FFE704E00198006802990860FFE70198CD
:10E700000299884204D0FFE702980199086000E06E
:10E71000FFE703B07047000008480068006880F316
:10E7200008884FF0000080F3148862B661B6BFF32A
:10E730004F8FBFF36F8F00DF00BF000008ED00E0D8
:10E7400081B041F2C430C2F200000068006840B9F4
:10E75000FFE745F25031C2F200014FF0FF30086090
:10E760000FE041F2C430C2F200000068C068C06827
:10E7700000900098406845F25031C2F200010860F4
:10E78000FFE701B07047000083B00020009040F226
:10E79000D010C2F200000068013058B1FFE74FF01E
:10E7A000500080F31188BFF36F8FBFF34F8F02903B
:10E7B000FFE7FEE74FF0500080F31188BFF36F8F43
:10E7C000BFF34F8F0190FFE7009808B9FFE7FBE721
:10E7D00003B0704780B58AB006900020029000F028
:10E7E0007DFC41F2C830C2F20000006818B9FFE7B2
:10E7F000FFF7E2FD00E0FFE7069845F2C401C2F230
:10E8000000010968084240F0C580FFE7069800B3A0
:10E81000FFE70698083006909DF818004007B0B151
:10E82000FFE7069820F00700083006909DF81800D2
:10E83000400758B1FFE74FF0500080F31188BFF355
:10E840006F8FBFF34F8F0990FFE7FEE700E0FFE710
:10E8500000E0FFE70698002800F09A80FFE706989E
:10E8600045F2F001C2F200010968884200F290808E
:10E87000FFE745F27C30C2F200000490006805908A
:10E88000FFE705984168069A00209142019007D25F
:10E89000FFE705980068002818BF01200190FFE7F6
:10E8A0000198C00730B1FFE705980490059800680B
:10E8B0000590E6E7059841F2C831C2F20001096807
:10E8C000884263D0FFE704980068083002900598FA
:10E8D000006804990860059840680699401A112854
:10E8E00021D3FFE705980699084403909DF80C0092
:10E8F000400758B1FFE74FF0500080F31188BFF395
:10E900006F8FBFF34F8F0890FFE7FEE705984068D1
:10E910000699401A0399486006980599486003983B
:10E92000FFF796FE00E0FFE70598426845F2F00029
:10E93000C2F200000168891A0160006845F24C319A
:10E94000C2F20001096888420BD2FFE745F2F000ED
:10E95000C2F20000006845F24C31C2F200010860CA
:10E9600000E0FFE745F2C400C2F20000026805992A
:10E9700048681043486005990020086045F2583106
:10E98000C2F2000108680130086000E0FFE700E023
:10E99000FFE700E0FFE700F053FE9DF808004007A6
:10E9A00058B1FFE74FF0500080F31188BFF36F8F2D
:10E9B000BFF34F8F0790FFE7FEE702980AB080BDD4
:10E9C00083B002900191009202980438029002995B
:10E9D0004FF080700860029804380290019820F08F
:10E9E00001000299086002980438029002994EF2E0
:10E9F0008970C0F6000008600298143802900098F0
:10EA00000299086002980438029002996FF002009F
:10EA10000860029820380290029803B07047000006
:10EA200082B0019001980069009001984168806867
:10EA30008860019948688968486000984068019931
:10EA4000884205D1FFE7019880680099486000E09E
:10EA5000FFE7019900200861009908680138086003
:10EA60000098006802B0704783B002900191009254
:10EA7000029945F2F820C2F200000860019945F2BF
:10EA8000F400C2F20000086000998020086003B022
:10EA90007047000081B00090009901F108004860C3
:10EAA00000994FF0FF308860009901F10800C860BC
:10EAB000009901F10800086100990020086001B088
:10EAC0007047000081B0009000990020086101B0FB
:10EAD0007047000084B00390029102980068009093
:10EAE0000098013020B9FFE703980069019010E019
:10EAF000039808300190FFE701984068006800998A
:10EB0000884205D8FFE7FFE7019840680190F3E7E6
:10EB1000FFE7019840680299486002984168886060
:10EB200001980299886002980199486003980299B7
:10EB30000861039908680130086004B0704700005C
:10EB400083B002900191029840680090009801996A
:10EB500048600098806801998860019800998968E8
:10EB600048600198009988600298019908610299AB
:10EB700008680130086003B070470000DFF80C003F
:10EB8000016841F4700101607047000088ED00E009
:10EB900082B04FF0500080F31188BFF36F8FBFF346
:10EBA0004F8F019040F2D010C2F200000168013195
:10EBB00001600068012814D1FFE74EF60450CEF240
:10EBC00000000068000658B1FFE74FF0500080F3E6
:10EBD0001188BFF36F8FBFF34F8F0090FFE7FEE701
:10EBE000FFE702B07047000082B040F2D010C2F2DE
:10EBF0000000006858B9FFE74FF0500080F311881B
:10EC0000BFF36F8FBFF34F8F0090FFE7FEE740F237
:10EC1000D010C2F20000016801390160006830B90B
:10EC2000FFE700200190019880F31188FFE702B010
:10EC30007047000080B586B0039003980290039857
:10EC400000285CD0FFE702980838029002980190F3
:10EC50000198406845F2C401C2F200010968084207
:10EC60000BD1FFE74FF0500080F31188BFF36F8F97
:10EC7000BFF34F8F0590FFE7FEE70198006858B19A
:10EC8000FFE74FF0500080F31188BFF36F8FBFF3A1
:10EC90004F8F0490FFE7FEE70198406845F2C401FA
:10ECA000C2F200010968084227D0FFE70198006816
:10ECB00008BBFFE745F2C400C2F2000002680199F8
:10ECC00048689043486000F009FA0198426845F2AC
:10ECD000F001C2F200010868104408600198FFF7D3
:10ECE000B7FC45F25C31C2F20001086801300860EF
:10ECF00000F0A6FC00E0FFE700E0FFE7FFE706B05A
:10ED000080BD00004EF21001CEF20001002008602C
:10ED10004EF21802CEF20002106040F2D000C2F2B1
:10ED20000000006844F6D352C1F26202A0FB020266
:10ED30004FF0FF3000EB92104EF21402CEF20002C0
:10ED4000106007200860704780B584B002900020F2
:10ED500001900298E0B1FFE745F2A800C2F200007E
:10ED6000006858B1FFE74FF0500080F31188BFF3FF
:10ED70006F8FBFF34F8F0390FFE7FEE700F0AEF910
:10ED800002980021FFF7B8F900F05AFC019000E06A
:10ED9000FFE7019860B9FFE74EF60451CEF200019B
:10EDA0004FF080500860BFF34F8FBFF36F8F00E0CC
:10EDB000FFE704B080BD000080B58AB006900591E1
:10EDC00000200290069858B9FFE74FF0500080F3FA
:10EDD0001188BFF36F8FBFF34F8F0990FFE7FEE7F6
:10EDE000059858B9FFE74FF0500080F31188BFF342
:10EDF0006F8FBFF34F8F0890FFE7FEE745F2A80043
:10EE0000C2F20000006858B1FFE74FF0500080F3F5
:10EE10001188BFF36F8FBFF34F8F0790FFE7FEE7B7
:10EE200000F05CF945F2AC30C2F2000000680190DD
:10EE300006980068059908440490019806990968A5
:10EE4000884210D2FFE7049806990968884208D2E0
:10EE5000FFE704980199884203D9FFE70120029057
:10EE600000E0FFE70FE0049806990968884205D39F
:10EE7000FFE704980199884203D9FFE70120029037
:10EE800000E0FFE7FFE7049806990860029838B1B0
:10EE9000FFE704980199401A0021FFF72DF900E0DF
:10EEA000FFE700F0CDFB0390039860B9FFE74EF653
:10EEB0000451CEF200014FF080500860BFF34F8F35
:10EEC000BFF36F8F00E0FFE70AB080BD80B584B06C
:10EED0000290FFF75DFE029838B9FFE741F2C030BB
:10EEE000C2F200000068009002E002980090FFE784
:10EEF0000098019001980430FFF792FDD0B9FFE728
:10EF00000198C06A00EB800141F2D030C2F20000EB
:10EF100050F8210068B9FFE70198C16A012000FAA2
:10EF200001F245F2B001C2F20001086890430860A6
:10EF3000FFE700E0FFE70198806A28B1FFE701984A
:10EF40001830FFF76DFD00E0FFE745F2AC01C2F2BB
:10EF50000001086801300860019841F2C031C2F236
:10EF600000010968884210D1FFE70198011D45F2B0
:10EF70009830C2F20000FFF7E3FD45F2A401C2F2AF
:10EF800000010868013008600CE045F2A001C2F2FF
:10EF900000010868013808600198FFF7DDF9FFF704
:10EFA000CFFBFFE7FFF720FE45F27830C2F200000A
:10EFB000006848B3FFE7019841F2C031C2F2000196
:10EFC000096888421ED1FFE745F2A800C2F200009E
:10EFD000006858B1FFE74FF0500080F31188BFF38D
:10EFE0006F8FBFF34F8F0390FFE7FEE74EF604519C
:10EFF000CEF200014FF080500860BFF34F8FBFF397
:10F000006F8F00E0FFE7FFE704B080BD80B58AB0F6
:10F01000002003900690059006A805A904AAFFF712
:10F0200023FD039B049A0599DDF818C06846C0F8D3
:10F0300008C0416003604EF27540C0F6000042F225
:10F04000FE41C0F6010100F0ADF9014645F2F420A1
:10F05000C2F200000160006818B1FFE701200790CC
:10F0600002E000200790FFE70798012823D1FFE77F
:10F070004FF0500080F31188BFF36F8FBFF34F8FB5
:10F08000099045F25031C2F200014FF0FF300860A4
:10F0900045F27831C2F200010120086045F2AC313E
:10F0A000C2F200010020086000F080F808B1FFE71C
:10F0B00000E0FFE70FE00798013058B9FFE74FF095
:10F0C000500080F31188BFF36F8FBFF34F8F08900C
:10F0D000FFE7FEE7FFE70AB080BD000045F2A801A8
:10F0E000C2F20001086801300860704785B045F23F
:10F0F000A800C2F20000006838B1FFE745F2B03165
:10F10000C2F20001012008604DE045F2B031C2F2C8
:10F1100000010020086045F2B000C2F20000006863
:10F1200004900498B0FA80F08DF80F009DF80F005D
:10F13000C0F11F000190019800EB800141F2D03036
:10F14000C2F2000050F8210058B9FFE74FF050001C
:10F1500080F31188BFF36F8FBFF34F8F0290FFE7EB
:10F16000FEE7019800EB800141F2D030C2F20000CE
:10F1700000EB810000900099486840684860009961
:10F1800048680831884205D1FFE70099486840681F
:10F190004860FFE700984068C06841F2C031C2F2A1
:10F1A00000010860FFE705B07047000080B588B037
:10F1B0004EF60050CEF2000000684CF27121C4F20D
:10F1C0000F1188420BD1FFE74FF0500080F31188F8
:10F1D000BFF36F8FBFF34F8F0790FFE7FEE74EF649
:10F1E0000050CEF2000000684CF27021C4F20F1102
:10F1F00088420BD1FFE74FF0500080F31188BFF336
:10F200006F8FBFF34F8F0690FFE7FEE74EF200408F
:10F21000CEF20000039001780491FF210170007884
:10F220008DF80B009DF80B0000F0500045F29401A2
:10F23000C2F20001087045F29801C2F200010720F5
:10F240000860FFE79DF80B00000600280DD5FFE7DA
:10F2500045F29801C2F200010868013808609DF883
:10F260000B0040008DF80B00ECE745F29800C2F26D
:10F270000000006803280BD0FFE74FF0500080F338
:10F280001188BFF36F8FBFF34F8F0590FFE7FEE745
:10F2900045F29801C2F2000108680002086008689F
:10F2A00000F4E060086004984EF20041CEF20001E4
:10F2B00008704EF62051CEF20001086840F470004C
:10F2C0000860086840F070400860FFF71BFD40F2DE
:10F2D000D011C2F20001002001900860FFF74EFC3F
:10F2E0004EF63471CEF20001086840F040400860EC
:10F2F000FFF712FAFFF7FAFEFFF746FA019808B097
:10F3000080BD000070B58CB0DDF844C0DDF840C0B1
:10F310000B900A91ADF826200893BDF826008000D6
:10F32000FFF758FA0590059880B1FFE75420FFF7E2
:10F3300051FA0790079820B1FFE7059807990863ED
:10F3400003E00598FFF776FCFFE702E00020079056
:10F35000FFE70798F0B1FFE70798002680F85160B3
:10F360000B980A99BDF82620089BDDF840C0119C37
:10F37000079DEE46CEF80C60CEF80850CEF804405B
:10F38000CEF800C0FFF792F80798FEF72FFF012094
:10F39000069003E04FF0FF300690FFE706980CB0B0
:10F3A00070BD0000B0B58EB0DDF850C0DDF84CC0C7
:10F3B000DDF848C00A90099108920793139858B94C
:10F3C000FFE74FF0500080F31188BFF36F8FBFF35A
:10F3D0004F8F0D90FFE7FEE7149858B9FFE74FF005
:10F3E000500080F31188BFF36F8FBFF34F8F0C90E5
:10F3F000FFE7FEE754200490049854280BD0FFE761
:10F400004FF0500080F31188BFF36F8FBFF34F8F21
:10F410000B90FFE7FEE70498149820B3FFE71398DA
:10F4200008B3FFE7149806901398069908630699A5
:10F43000022081F851000A980999089A079BDDF883
:10F4400048C0069CEE460025CEF80C50CEF8084089
:10F4500005ACCEF80440CEF800C0FFF727F80698B8
:10F46000FEF7C4FE02E000200590FFE705980EB00D
:10F47000B0BD000081B045F2AC30C2F200000068BF
:10F480000090009801B0704780B586B000200290CF
:10F4900045F2A800C2F200000068002840F0C580D4
:10F4A000FFE745F2AC31C2F200010868013001907B
:10F4B00001980860019858BBFFE741F2C430C2F2DE
:10F4C00000000068006858B1FFE74FF0500080F37B
:10F4D0001188BFF36F8FBFF34F8F0590FFE7FEE7F3
:10F4E00041F2C432C2F200021068009041F2CC3105
:10F4F000C2F20001086810600098086045F25431BB
:10F50000C2F20001086801300860FFF719F900E055
:10F51000FFE7019845F25031C2F2000109688842C4
:10F5200062D3FFE7FFE741F2C430C2F20000006897
:10F53000006840B9FFE745F25031C2F200014FF0D8
:10F54000FF3008604FE041F2C430C2F200000068B2
:10F55000C068C068049004984068039001980399BB
:10F56000884207D2FFE7039845F25031C2F200010A
:10F57000086038E0FFE704980430FFF751FA049878
:10F58000806A28B1FFE704981830FFF749FA00E0D5
:10F59000FFE70498C16A012000FA01F245F2B001C8
:10F5A000C2F200010868104308600499C86A00EBC1
:10F5B000800241F2D030C2F2000000EB8200043140
:10F5C000FFF7BEFA0498C06A41F2C031C2F20001EE
:10F5D0000968C96A884203D3FFE70120029000E06E
:10F5E000FFE7FFE79FE7FFE741F2C030C2F200000C
:10F5F0000068C06A00EB800141F2D030C2F2000026
:10F6000050F82100022803D3FFE70120029000E018
:10F61000FFE745F2B030C2F20000006818B1FFE722
:10F620000120029000E0FFE707E045F26031C2F2FE
:10F630000001086801300860FFE7029806B080BD4D
:10F6400080B584B000200290019045F2A800C2F27B
:10F650000000006858B9FFE74FF0500080F31188B0
:10F66000BFF36F8FBFF34F8F0390FFE7FEE7FFF706
:10F670008FFA45F2A800C2F200000168013901606A
:10F680000068002840F09280FFE745F2A000C2F237
:10F6900000000068002800F08880FFE7FFE745F2DF
:10F6A0006430C2F200000068E0B3FFE745F2643066
:10F6B000C2F20000C068C068029002981830FFF7DC
:10F6C000AFF902980430FFF7ABF90298C16A012044
:10F6D00000FA01F245F2B001C2F2000108681043DD
:10F6E00008600299C86A00EB800241F2D030C2F291
:10F6F000000000EB82000431FFF722FA0298C06A92
:10F7000041F2C031C2F200010968C96A884207D3D8
:10F71000FFE745F2B031C2F200010120086000E0CD
:10F72000FFE7BCE7029818B1FFE7FFF709F8FFE72A
:10F7300045F26030C2F20000006800900098E0B12D
:10F74000FFE7FFE7FFF7A0FE38B1FFE745F2B03172
:10F75000C2F200010120086000E0FFE700980138D4
:10F760000090FFE700980028ECD1FFE745F26031F8
:10F77000C2F200010020086000E0FFE745F2B0306F
:10F78000C2F20000006870B1FFE7012001904EF660
:10F790000451CEF200014FF080500860BFF34F8F4C
:10F7A000BFF36F8F00E0FFE7FFE700E0FFE7FFF741
:10F7B0001BFA019804B080BD03B401984100009881
:10F7C00050EAC12018BF04204A0D18BF40F00100C4
:10F7D00040F2FF72B2EB515F08BF40F00200012817
:10F7E00008BF052002B070474100080218BF04207E
:10F7F0000A0E18BF40F001004FF07F4232EA0101CB
:10F8000008BF40F00200012808BF05207047000033
:10F8100010B510EE104A4FF01A402DED028B00EBA0
:10F820004400B0F1C85F4AD84FF0FC40B0EB440F41
:10F8300022D2B0EEC00AF7EE000A30EEC00AF6EEB1
:10F84000000A20EE208A18EE100A02F01CF800EEE2
:10F85000100A14F0004F1DBF9FED281ADFED280A93
:10F86000B1EE400A9FED271A08BFF0EE410AF8EE0C
:10F87000001A20EE210A05E020EE008A9FED221AF0
:10F88000DFED220ADFED221A9FED222A70EEC00A78
:10F8900020EE080A08EE212ADFED1F1A48EE021AB0
:10F8A0009FED1E2A08EE212ADFED1D1A48EE021AEE
:10F8B000BDEC028B40EE610A30EE810A10BD4FF0C4
:10F8C000CC40B0EB440F82BF9FED160ABDEC028B1B
:10F8D00010BD4FF07F40B0EB440F05D2BDEC028B62
:10F8E000BDE8104001F01ABF012001F045FFBDEC5A
:10F8F000028BBDE8104001F017BF00000000494036
:10F9000022AA7D3A000000000000C93F22AAFD396A
:10F9100024FE1C3DC78AD83C1E67383D1B93993D89
:10F92000AFAA2A3EDB0FC93F10B54FF00E402DEDB8
:10F93000028BB0EE408A18EE104A00EB4400B0F1A2
:10F94000506F4AD84FF0FC40B0EB440F22D2B0EEDB
:10F95000C80AF7EE000A30EEC00AF6EE000A60EEC2
:10F96000208A18EE900A01F08EFF01EE100A14F0C2
:10F97000004F1DBFDFED2D0A9FED2D0AB1EE411A9C
:10F98000DFED2C0A08BF9FED2C0AF8EE001A21EEDD
:10F99000218A05E0DFED290A68EE088AB0EE600AE8
:10F9A0009FED271ADFED271A30EE080A48EE811A7C
:10F9B0009FED251A08EEA11ADFED241A48EE811AF0
:10F9C0009FED231A08EEA11A68EE281ABDEC028BEF
:10F9D00001EE810A30EE200A10BD4FF0E440B0EB9A
:10F9E000440F0CD918EE100AFFF7FEFE042808BFDA
:10F9F00001F0AAFEB0EE480ABDEC028B10BD4FF03C
:10FA00007F40B0EB440F07D2B0EE480ABDEC028B4A
:10FA1000BDE8104001F082BE012001F0ADFEBDEC5A
:10FA2000028BBDE8104001F07FBE00000000C9BF9E
:10FA300022AAFDB90000C93F22AAFD39000000003A
:10FA400024FE1C3DC78AD83C1E67383D1B93993D58
:10FA5000AFAA2A3E0000000070B59B482DED020BB6
:10FA60002DED068B079D25F00044A04218DC974839
:10FA7000844202DC0AD1069840B19DED060BBDEC34
:10FA8000068B02B0BDE8704001F0FABD002DCCBF7E
:10FA90009FED8F0B9FED900BBDEC068B02B070BD00
:10FAA0008F48A04215DD8F48A042D8BF4FF0FF34E9
:10FAB00058DD9DED060B51EC100BFFF77DFE042881
:10FAC00008BF01F011FE9DED060BBDEC068B02B0E8
:10FAD00070BD9DED060B51EC100B01F05BFECDE906
:10FAE000060181489FED828BA0423CDD8248A04206
:10FAF0001FDD00249FED82AB9DED060B53EC1A2B0E
:10FB000051EC100BF0F7CFFB9DED060B41EC190B00
:10FB100053EC1A2B51EC100BF0F76CFC53EC182B38
:10FB2000F0F762FC53EC192BF0F7D6FCCDE9060197
:10FB300049E09DED060B012453EC182B51EC100B02
:10FB4000F0F7B1FB9DED060B41EC190B53EC182BB4
:10FB500051EC100BF0F748FC53EC192BF0F7BCFC00
:10FB6000CDE906012FE06848A0421FDD02249FED89
:10FB7000689B9DED060B53EC192B51EC100BF0F725
:10FB800039FC53EC182BF0F78EFB9DED060B41EC86
:10FB9000180B53EC192B51EC100BF0F725FC53EC20
:10FBA000182BF0F799FCCDE906010CE09DED060B52
:10FBB000032453EC102B9FED580B51EC100BF0F776
:10FBC0008BFCCDE906019DED060B53EC102B51EC9F
:10FBD000100BF0F70FFC41EC180B53EC182BF0F75F
:10FBE00009FC41EC190B4E480621B0EE490AF0EE33
:10FBF000690A784401F0B0FC53EC182B51EC100B5F
:10FC0000F0F7F8FB41EC180B4648B0EE490AF0EE6D
:10FC1000690A0521784401F09FFC53EC192B51EC43
:10FC2000100BF0F7E7FB41EC100B51EC180B53EC09
:10FC3000102B002C0EDAF0F736FB9DED061B53EC73
:10FC4000112BF0F7D7FB9DED061B53EC112BF0F7B2
:10FC5000CEFB35E0F0F727FB9DED061B53EC112B97
:10FC6000F0F7C8FB41EC100B2F48784400EBC400C0
:10FC700090ED001B51EC100B53EC112BF0F7B4FB83
:10FC80009DED061B53EC112BF0F7AEFB41EC100B76
:10FC90002648784400EBC40090ED001B51EC100B9B
:10FCA00053EC112BF0F7A3FB41EC100B002DA2BF7E
:10FCB000BDEC068B02B070BD51EC100B81F0004121
:10FCC00041EC100B01E70000000010440000F07F41
:10FCD000182D4454FB21F93F182D4454FB21F9BF42
:10FCE0000000DC3F0000203E0000F33F0000000069
:10FCF000000000000000F03F0000E63F00000000B0
:10FD000000000000000000400080034000000000F0
:10FD1000000000000000F83F000000000000F0BFFD
:10FD200002270000B826000042260000FA25000045
:10FD300070B56F4E2DED040B2DED048B82B0DDF808
:10FD400024C0DDE907235C422CF000411C4341EA5A
:10FD5000D474069D22F00040B44205D86C422C4376
:10FD600040EAD474B4420BD99DED081B9DED060BFF
:10FD700002B0BDEC048B04B0BDE8704001F08ABC59
:10FD8000ACF14054A4F17F641C430BD0022404EA7C
:10FD9000AC7444EAD27405439FED578B9FED582B0A
:10FDA00007D015E09DED060B51EC100B01F0EAFCBD
:10FDB00042E0002C11BF012C9DED060B02B0BDEC02
:10FDC000048B04BF04B070BD022C38D0032C3BD090
:10FDD0000B439FED4D1B9FED4E0B0AD0B14218D146
:10FDE000B04209D121F0804120F080400991079074
:10FDF0000FE0002A15DA10E0474B7B44002C08BFC7
:10FE000093ED000B0DD0012C10D0022C17D0032C39
:10FE10001AD0B0421DD1002A03DAB0EE410AF0EE4A
:10FE2000610A02B0BDEC048B04B070BD93ED000B11
:10FE300051EC100B81F0004141EC100BF1E7B0EEFA
:10FE4000480AF0EE680AECE7B0EE420AF0EE620A09
:10FE5000E7E7401A00159FED329B3C28C8BF8DEDA7
:10FE6000000B17DCBCF1000FBCBF10F13C0F8DED97
:10FE7000009B0FDB9DED080B53EC102B9DED060B4B
:10FE800051EC100BF0F728FB01F084FC01F07AFC38
:10FE9000CDE90001B4B1012C10D0022C9FED220B52
:10FEA00053EC102B9DED000B51EC100B19D0F0F71B
:10FEB0009BFA53EC182BF0F797FABDE7019880F006
:10FEC000004001909DED000B53EC192B51EC100BF1
:10FED000F0F7DEFC04BF022001F04EFC9DED000BAC
:10FEE0009FE7F0F781FA53EC182BF0F780FAA3E7BD
:10FEF0000000F07F00000000182D4454FB21094051
:10FF0000182D4454FB2109C0182D4454FB21F9BF7E
:10FF1000182D4454FB21F93F2A2500000000000061
:10FF20000000000000000000075C143326A6A13C7E
:10FF300070B54FF068422DED048BF0EE408A18EE5C
:10FF4000900AB0EE608A18EE101A02EB4003B3F18B
:10FF5000654F3CBF02EB4102B2F1654F7DD200BF5D
:10FF6000C0F3C753C1F3C7529A1A1B2A09DD10F018
:10FF7000004F14BF9FED830A9FED830ABDEC048BF5
:10FF800070BD12F11A0F36DA11F0004F09D010F0DF
:10FF9000004F0CBF9FED7D0A9FED7D0ABDEC048BE9
:10FFA00070BD88EE889A19EE100AFFF71DFC042830
:10FFB00008BF01F0C9FB18EE900AFFF715FC0546D3
:10FFC00018EE100AFFF710FC044619EE100AFFF7AE
:10FFD0000BFC042D18BF052D08D1042C18BF052CCF
:10FFE00004D1002804BF022001F0C6FBB0EE490A8C
:10FFF000BDEC048B70BD4200B2EB410F3AD910F05A
:020000040801F1
:10000000004F19BFDFED630A9FED630ADFED630A5E
:100010009FED630AB0EE481A0A46B1EE688A80F096
:100020000041F0EE418A10460A1A5200B2F1807F78
:1000300034D2484010F0004FDFED5A1A9FED5A2A93
:100040001DBFBEEE001A70EEE10A30EE420AB6EEB7
:10005000001A08BF70EEA10A00E040E008BF30EED1
:10006000020AB0EE682A01EE482A08EE818AC2EE42
:10007000081A15E011F0004F04BF9FED4C0AF0EE96
:10008000400AD1D010F0004F19BFDFED490A9FEDB3
:10009000490ADFED490A9FED490AC5E7C8EE881A0B
:1000A00021EEA11A9FED462ADFED462A41EE022AF3
:1000B0009FED452A01EE222ADFED442A41EE022A75
:1000C0009FED432ABDEC048B01EE222A21EE811A1A
:1000D00001EE020A30EE210A30EE200A70BD4FF028
:1000E0007F42B2EB400F28BFB2EB410F09D2F0EED6
:1000F000480AB0EE680ABDEC048BBDE8704001F020
:1001000010BB40EA01035B0008BF41F0FF410BD088
:10011000B2EB400F08BFB2EB410F08D120F0804096
:1001200008EE900A21F0804108EE101A18E7B2EBB1
:10013000400F12BF5FEA410340F0FF4001F0004171
:100140003FF40EAFB2EB410F12BF5FEA400200F086
:10015000004041F0FF413FF403AF4A0092EA400300
:100160003FF5FEAE002AACBF9FED1A0A9FED1A0ABA
:1001700068EE808A28EE008A18EE900A18EE101AAF
:10018000EEE60000DB0FC9BFDB0FC93FDB0F4940C4
:10019000DB0F49C00000C9BF22AAFDB90000C93F5A
:1001A00022AAFD390060ED3EC30ACE3700000000F0
:1001B000000049C022AA7DBA0000494022AA7D3A27
:1001C0002DAD65BD8FB8D53D0FB511BE61C84C3E94
:1001D000A8AAAABE0000804F0000802F00000000E7
:1001E0002DE9F04D2DED040B2DED0E8B94B0DDE9D6
:1001F0002350259CDDF888A025F0004624F0004817
:10020000BAF1000F14BF0121002101EB4502FC49A6
:1002100053184A1093422AD3002814BF0123002305
:1002200003EB44030B44F7498B4220D358EA000107
:100230009FEDF5AB76D0DFF8D8B35D4503D1BAF1C9
:10024000000F05D188E0BAF1000F08BF002100D0EF
:10025000012101EB450111F5001F08D8002814BF4A
:100260000121002101EB440111F5001F0BD99DED87
:10027000241B9DED220B14B0BDEC0E8B04B0BDE829
:10028000F04D01F007BA0027002DBCBFE1498845B9
:1002900021DAE1498845A8BF02271CDAC3451ADCE8
:1002A000DE4901EB2851142908DDC1F1340220FA9E
:1002B00002F101FA02F282420DD108E058B9C1F10F
:1002C000140228FA02F101FA02F2424503D101F0C8
:1002D0000101C1F1020756EA0A0124D1002C22DAF9
:1002E000002D18BF022F01D0012F0AD0022001F0EB
:1002F00043FA14B0BDEC0E8B04B0BDE8F04D01F034
:10030000A7B9022001F038FA01F0A2F951EC100B64
:1003100081F0004141EC100B14B0BDEC0E8B04B029
:10032000BDE8F08D18E09FEDBE9B9FEDBF8B0028D0
:1003300071D1B848804522D105F1804010F5801078
:1003400008BFBAF1000F07D0B3450ADC002CA8BFE4
:100350009DED240BE0DA0DE0B0EE4A0AF0EE6A0AF9
:10036000DAE7002C06DA9DED240B51EC100B81F03E
:1003700000416FE0AE48784490ED000BCCE7D845E3
:100380004DD1002C48DA2EB186423AD1BAF1000F95
:1003900042D126E0BAF1000F13D0022001F0ECF9AF
:1003A00001F092F98DED020B9DED220B8DED000B0E
:1003B00010EE900A039961F31E0003909DED020B6D
:1003C000AAE78DED029B9DED220B19EE901A10EE1F
:1003D000900A8DED000B61F31E0003909DED020B62
:1003E0009AE78DED028B9DED220B18EE901A10EE20
:1003F000900A8DED000B61F31E0003909DED020B42
:100400008AE709DA9DED220B51EC1A0B53EC102B05
:10041000F0F762F81EE020E09DED220B7CE78642BB
:100420001BDAB4F1804F0DD0A4F10050B0F1FF50B1
:1004300013D1002D11DB9DED220B51EC100B01F0BF
:10044000EBF907E09DED220B53EC102B51EC100B58
:1004500000F0CABC41EC100B5EE79DED220B51ECA5
:10046000100B01F097F9BAF1000FCDE90A0142D162
:100470009FED710B46B3A6F1E040B0F17F600CD068
:100480005E4538D1002D00DAA7B3022F0CBF012042
:100490004FF0FF30F0F7EBF9DCE7002D01DD002C29
:1004A0000DDA002D01DD002C1FDB002D16DA002CEB
:1004B00014DB012F08BF9FED620B3FF42DAFB0EEB0
:1004C000490AF0EE690A27E7022F18BF002D0CD069
:1004D000012F0AD1002DFFF61FAF06E0002DB8BF97
:1004E000002C08DA012F3FF417AFB0EE480AF0EE07
:1004F000680A11E71BE0012000EBE57050EA0701F4
:1005000015D0791EB0EE4A8AF0EE6A8A084308BF19
:100510009FED4D8B4E480025804570DD4D494E487E
:10052000884514DDB0420DDB002C19DB2FE00120E3
:1005300001F022F914B0BDEC0E8B04B0BDE8F04D13
:1005400001F0B2B8B34502DC002C09DC1FE08642A2
:1005500002DA002C1BDA03E05E452BDD002C16DDF1
:10056000022001F009F901F0AFF88DED020B53EC18
:10057000192B51EC180BEFF73DFFCDE90001039962
:10058000019861F31E0003909DED020BC4E602206A
:1005900001F0F2F801F0A8F810EE901A18EE900AA7
:1005A0008DED020B8DED008B61F31E0003909DED30
:1005B000020BB1E69DED0A0B53EC1A2B51EC100B1C
:1005C000EFF712FF9FED260BCDE90A0153EC102B3C
:1005D0009DED0A0B51EC100BEFF70CFF9FED221B6A
:1005E00053EC112BEFF703FF9DED0A1B53EC112B7E
:1005F000EFF700FF9FED1E1B53EC112B3CE08CE04E
:10060000FFFF1F00FFFF0F00000000000000F03F91
:100610000000F03F0000F07F0000404301FCFFFFBE
:10062000000000000000F07F00000000000000005B
:10063000AE1F00000000000000000000000000806D
:10064000000000000000F0FF000000000000F0BF0C
:100650000000E0410000F043FFFFEF3F000000001A
:10066000000000000000D03F555555555555D53F69
:10067000000000000000E03FEFF7B9FE9DED0A0B1F
:1006800041EC190B53EC102B51EC100BEFF7B2FEB1
:1006900053EC192BEFF7AEFE9DED0A0B41EC1B0B53
:1006A00053EC102B9FEDFE0B51EC100BEFF7A2FE5D
:1006B00041EC190B9FEDFC0B51EC1B0B53EC102B79
:1006C000EFF798FE41EC1B0B9FEDF90B53EC102B51
:1006D0009DED0A0B51EC100BEFF78CFE53EC1B2B2E
:1006E000EFF782FE41EC1B0B51EC190B53EC1B2B6B
:1006F000EFF7D9FD0490CDE904519DED040B53ECC7
:10070000192B51EC100BEFF76FFE53EC1B2BEFF78F
:100710006EFE41EC100B00F0A9B90020B6F5801F69
:100720000EDA9FEDE50B53EC102B9DED0A0B51EC0F
:10073000100BEFF75FFECDE90A016FF034000E46B3
:1007400000EB2650A0F2FF37C6F31300DC4940F05F
:100750007F6646F040568842D8BF002408DDD9495C
:100760008142C8BF012403DC0024A6F580167F1C4B
:10077000D548784400EBC4080B9698ED000B53EC79
:10078000102B9DED0A0B51EC100BEFF72DFE98EDA1
:10079000000B41EC1B0B53EC102B9DED0A0B51ECA5
:1007A000100BEFF780FD41EC100B51EC1A0B53ECE2
:1007B000102BEFF791FE41EC1C0B51EC1B0B53EC93
:1007C0001C2BEFF717FE41EC190BC0488DED0E9B6B
:1007D00078440E9590ED000B4FF0005040EA660013
:1007E00000EB84408DED120B00F50020139098ED86
:1007F000000B53EC102B9DED120B51EC100BEFF78F
:10080000F3FD9DED0A1B53EC112BEFF7F0FD41ECCE
:10081000100B53EC102B9DED0E0B51EC100BEFF762
:10082000E9FD9DED120B41EC1D0B53EC102B9DEDE2
:100830000E0B51EC100BEFF7DDFD53EC1B2BEFF71C
:10084000D6FD53EC1D2BEFF7CFFD53EC1C2BEFF730
:10085000D1FD41EC1C0B53EC192B51EC190BEFF7AC
:10086000C9FD41EC1B0B9A480621B0EE4B0AF0EE95
:100870006B0A784400F070FEB0EE401AF0EE601A99
:10088000B0EE41DAF0EE61DA53EC1B2B51EC1B0BAE
:10089000EFF7B0FD53EC1D2BEFF7ACFD9DED0E0B0C
:1008A00041EC1B0B53EC192B51EC100BEFF7FBFC3D
:1008B00053EC1C2BEFF79EFD53EC1B2BEFF7F3FCD7
:1008C0009DED0E0B41EC1B0B53EC102B51EC100B60
:1008D000EFF790FD41EC1D0B53EC1D2B9FED7EEBD4
:1008E00051EC1E0BEFF7DFFC53EC1B2BEFF7DBFC9F
:1008F0001290CDE912519DED120B53EC1E2B51ECD1
:10090000100BEFF771FD53EC1D2BEFF76DFD53EC62
:100910001B2BEFF76CFD9DED120B41EC1D0B53EC07
:10092000102B9DED0E0B51EC100BEFF763FD41EC1E
:100930001B0B53EC192B51EC1D0BEFF75BFD9DEDE1
:10094000120B41EC190B53EC102B51EC1C0BEFF775
:1009500051FD53EC192BEFF7A6FC41EC190B51ECB0
:100960001B0B53EC192BEFF79EFC0490CDE90451BF
:100970009DED040B53EC1B2B51EC100BEFF734FDEA
:1009800053EC192BEFF733FD9DED040B41EC190BE4
:1009900053EC102B9FED520B51EC100BEFF72AFD8F
:1009A00041EC1B0B9FED500B51EC190B53EC102B32
:1009B000EFF720FD9DED040B41EC190B53EC102BD0
:1009C0009FED4B0B51EC100BEFF714FD53EC192B73
:1009D000EFF769FC41EC100B4748784400EBC4008A
:1009E00090ED001B51EC100B53EC112BEFF75BFC5F
:1009F00041EC190B3846EFF73AFFCDE90A0153EC09
:100A0000192B51EC1B0BEFF74EFC41EC100B3B4844
:100A1000784400EBC40451EC100B94ED001B53EC34
:100A2000112BEFF740FC9DED0A1B53EC112BEFF758
:100A30003AFC0490CDE904519DED0A0B53EC102BC8
:100A40009DED040B51EC100BEFF7CEFC94ED001B69
:100A500053EC112BEFF7C8FC53EC1B2BEFF7C4FC46
:100A600053EC192BEFF7C3FC41EC100B9DED241B4D
:100A700053EC102B8DED001B00959DED240B51ECDC
:100A8000100BEFF7B7FC9DED000B41EC190B53EC8D
:100A9000102B9DED240B51EC100BEFF7A5FC2FE074
:100AA000000000604715F73FFE822B654715F73FB2
:100AB00044DF5DF80BAE543E0000000000004043F0
:100AC0008E9803007AB60B0052190000541B0000E8
:100AD0008218000000000000000000000000084034
:100AE000000000E009C7EE3FFD033ADC09C7EE3F16
:100AF000F5015B14E02F3EBE0A170000C41600008B
:100B00009DED041B53EC112BEFF774FC53EC192BE8
:100B1000EFF7C9FB9DED040B41EC190B53EC102BC7
:100B20009DED000B51EC100BEFF764FCCDE90401D7
:100B30009DED040B51EC190B53EC102BEFF7B3FBAD
:100B4000CDE902010C46AA498C422FDB611A084309
:100B500018D19DED040B53EC102B9DED020B51ECC5
:100B6000100BEFF741FC41EC1B0B9FEDA30B51EC7D
:100B7000190B53EC102BEFF796FB53EC1B2BEFF7F5
:100B80009FFE2DD2022000F0F7FD00F09DFD10EE3B
:100B9000901A18EE900A8DED020B8DED008B61F32B
:100BA0001E0003909DED020BFFF7B6BB944A24F0A4
:100BB0000041914214D39349214408437FF4E7ACA8
:100BC0009DED040B53EC102B9DED020B51EC100B23
:100BD000EFF70AFC53EC192BEFF772FE7FF6D7AC58
:100BE00024F000408849894A002601EB20518242C6
:100BF0002BDA481C4FF4801121FA00F02044844A7B
:100C0000C0F30A517A44A1F2FF3192ED000B814A00
:100C10008DED0A0BCA4020EA0202C0F3130040F433
:100C20008010C1F1140120FA01F60B92002CB8BF1C
:100C300076429DED0A0B53EC102B9DED040B51EC0D
:100C4000100BEFF7D1FBCDE904019DED040B51EC46
:100C5000190B53EC102BEFF726FB9FED6F0B0A904F
:100C6000CDE90A5153EC102B9DED0A0B51EC100B02
:100C7000EFF7C0FB41EC1B0B9FED690B53EC102B06
:100C80009DED0A0B51EC100BEFF7B4FB9DED040B3F
:100C900041EC1C0B53EC102B9DED0A0B51EC100B8F
:100CA000EFF7A2FB53EC192BEFF7A1FB9FED5E1BB7
:100CB00053EC112BEFF79EFB53EC1C2BEFF7F3FAE1
:100CC00041EC190B51EC1B0B53EC192BEFF7EBFA22
:100CD000CDE902019DED020B53EC1B2B51EC100BE7
:100CE000EFF782FB53EC192BEFF781FB9DED020B25
:100CF00041EC190B53EC102B51EC100BEFF77AFB76
:100D0000CDE90A014A489DED0A0B0521784400F01F
:100D100023FC9DED0A1B51EC100B53EC112BEFF74C
:100D200069FB9DED021B53EC112BEFF760FBCDE946
:100D300004019DED020B53EC192B51EC100BEFF756
:100D400059FB53EC192BEFF7AEFA9FED3B0B41EC3F
:100D5000190B53EC102B9DED040B51EC100BEFF71E
:100D600043FB9DED040B41EC1B0B53EC102B9DED55
:100D7000020B51EC100BEFF73DFB53EC1B2BEFF785
:100D8000ABFB53EC192BEFF72FFB9DED021B53EC44
:100D9000112BEFF729FB53EC1A2BEFF728FBCDE9CA
:100DA000020101EB065001150029C8BF039015DCB4
:100DB0009DED020B324651EC100BEFF7F0FCFEF705
:100DC000FBFC042808BF00F08FFC32469DED020BAF
:100DD00051EC100BEFF7E3FCCDE902019DED020BA6
:100DE00051EC180B53EC102BEFF704FBFFF732BB61
:100DF0000000904000000000FE822B654715973CE4
:100E000000CC904000346F3F01FCFFFF0000E03F4A
:100E100020170000FFFF0F0000000000432EE63FF8
:100E2000396CA80C615C20BEEF39FAFE422EE63F19
:100E30001814000000000000000000000000004046
:100E400010B510EE100A2DED068BB7EE001A10EE5D
:100E5000901AB0EE418A0022A0F5000CDFEDFE9A58
:100E60004FF00073BCF1FE4F4FF07F4403EB410C99
:100E700080F0B481BCF1804FC0F02082F74901447A
:100E80009FEDF73AB1F5005F40F2D48200F5802182
:100E9000CB0C03F00F0101EE901AC3F307137F3B55
:100EA000A0EBC350B8EEE12A00EE100A1A44DFEDC1
:100EB000ED2AF0EE411A42EE221AF0EE613A70EE9F
:100EC000232A30EE632A12EE900A00F500606FF3D9
:100ED0000B0001EE900A73EEE13A33EE804AC1EE68
:100EE000223A22EE230A10EE100A00F500606FF39A
:100EF0000B0000EE100A00EE612A00EE442A62EEBA
:100F0000232A70EE221A21EEA12ADFEDD73A02EE53
:100F1000233A23EE023A20EE012A22EE811A03EE52
:100F2000211A32EE010A10EE100A00F500606FF38C
:100F30000B0000EE100A72EE401A31EE812A9FED8E
:100F4000CB1A60EE011A9FEDCA1A20EE011A9FED2E
:100F5000C90A02EE001A31EE810A10EE100A00F5FD
:100F600000606FF30B0000EE100AC34871EEC01A68
:100F700031EE812A784400EBC10090ED003AD0EDCB
:100F8000011A100101EE100AF8EEC12A32EE211A00
:100F900031EE001A31EE031A31EE221A11EE100A68
:100FA00000F500606FF30B0009EE100A39EE621ACB
:100FB00031EE431A31EE400A30EE610A32EE40AAB9
:100FC00010EE900A002100F500606FF30B0008EEB0
:100FD000900A084670EEE8AAEFF78AFC29EE280A84
:100FE00000F00C01F0EEC00A10EE900AB0F18B4F49
:100FF0000DDD10EE900AB4EB400F08D310EE100A8E
:101000004FF08B4262F31E0008EE900A13E069EE87
:101010002A0A38EEAA1A4AEE010A30EE201A11EE18
:10102000100A00F500606FF30B0008EE900A30EE36
:10103000680A70EE209A0C20EFF75AFC38EEA90AE5
:10104000B5EEC00AF1EE10FA34BFFEEE000AF6EE7D
:10105000000A30EE800ABDEEC00A10EE100A01113F
:1010600000EE101AF8EEC00A00EE100AB8EEC00A40
:1010700038EEC00A30EE290ADFED801A9FED801AA3
:1010800000EE211ADFED7F1A7F4900F00F0040EEDD
:10109000011A21EE800A794401EB800191ED001ADA
:1010A0007A49794401EB8001D1ED001A784901EECB
:1010B000801A794401EB8000764990ED000A31EE08
:1010C000001AB0EEE00A10EE100A884215DA10EEAF
:1010D000100AB4EB400F10D39FED6F0A30EE800A78
:1010E000DFED6E0A20EE200A68EE010ABDEC068BE9
:1010F000BCEEC00A20EE200A10BD10EE100A6849AE
:10110000884243DA10EE100AB4EB400F3ED3BDEE36
:10111000E00A68EE010A10EE100A00EBD0725110DE
:10112000C90501F17E5100EE101AA0EB6200C00566
:1011300060EE200A00F17E5000EE100A60EE808A18
:1011400018EE900AB4EB400F0FD1022000F014FB10
:1011500000F0F2FA10EE101A18EE100ABDEC068B31
:1011600061F31E0000EE100A10BD18EE900A400058
:1011700011D018EE900AFEF737FB042808BF00F0E4
:10118000E3FAB0EE680ABDEC068B10BDF5EEC00ABE
:10119000F1EE10FA0FD2022000F0EEFA00F0D4FACD
:1011A00010EE101A18EE100ABDEC068B61F31E004B
:1011B00000EE100A10BD022000F0DEFA00F0BCFACA
:1011C00010EE101AB0EE480A10EE100ABDEC068BB5
:1011D00061F31E0000EE100A10BD00BFBCF1804F8D
:1011E0006CD300BF00F1FF43B3F1FE4F24D200BF28
:1011F000B0EEC00A10EE100AC1F3C7537F2B0DDB0F
:10120000972BBFF63BAEC3F196034FF0010C0CFADF
:1012100003F3A3F1010C1CEA010F08D0012000F038
:10122000ABFABDEC068BBDE8104000F07DBA0B4276
:1012300018BFBFEE008A21E643001CBF4FF0807349
:10124000B3EB400F34D96FF01A02DFED161A20EE1F
:10125000210A10EE100A27E000000000001080C0F4
:10126000ABAAAA3E0000803D7EE24C3E00B0384270
:10127000D49AB8BB3BAA3842D8110000FC59633756
:10128000C9FF753A1872313D76110000AA110000AD
:101290001A1100000000FC420000FE420000004B5A
:1012A000000040430000004D10F0004FA0D1E5E5E4
:1012B000A0F50003B3F1FE4F21D2DFE503EB4103BC
:1012C000B3F1007F11D3F5EEC00AF1EE10FA05D1AB
:1012D000430018BFB4EB400F76D883E701F000411C
:1012E00041F0FC5100EE901A7CE7B3F1807F06D20A
:1012F00010EE903AA3F5000300EE903A72E720F06A
:1013000000426FF0FF4C604C02EB0C03A34210D381
:1013100021F000439C44A4450BD3B0F17E5F18BF7D
:101320005FEA410C50D0B2F1FF4F98BFB3F1FF4FCD
:1013300005D9BDEC068BBDE8104000F0F2B9B0F164
:10134000FF4F0FD0C1F3C7527F2A09DB972A11DA6A
:10135000C2F19602012303FA02F2531E0B4205D09A
:10136000002208E011F0004F55D128E00A4218BFD2
:10137000012200D1022210F5000F13D028B3B0F1E2
:10138000004F26D010F1814F4FD04FF0FE42B2EB0C
:10139000400F94BF01200020012202EBE17188423E
:1013A00039D10CE011F0004F02D0012A38D032E0E0
:1013B000012A02BF9FED350ABDEC068B10BD9FEDE3
:1013C000340ABDEC068B10BD2FE011F0004F0CD19C
:1013D00021E0B1F1FF4F1ED011F5000F05D011F043
:1013E000004F15D00AB1012A08D0022000F0C4F93C
:1013F000BDEC068BBDE8104000F086B9022000F07D
:10140000BBF900F081F9BDEC068BB1EE400A10BDCE
:101410000AB1012A04D0B0EE690ABDEC068B10BDFA
:10142000BDEC068B9FED1B0A10BDBDEC068BB7EE25
:10143000000A10BD30EE410AB5EE001A9FED172AE2
:1014400000EE413AB6EE001A60EE001A00EE431AC2
:1014500061EEC11A9FED101A20EE011A20EE020A69
:101460009FED0F2A01EE820A71EE001A11EE900A2A
:1014700000F500606FF30B0009EE100A31EE491A17
:1014800031EE00AA9CE50000FFFF3F00000080FF56
:101490000000807F0000008000B0B841D49A38BBC3
:1014A0003BAAB84100B52DED048BB0EE409AF0EEAA
:1014B000609A83B051EC190BEFF788F941EC180BE7
:1014C00018EE100A18EE901A8DED008B002818BF48
:1014D0000120084320F00040C0F17F6000F1E040AF
:1014E000C00F14D019EE101A19EE900A8DED009B62
:1014F000002918BF0121084320F00040C0F17F609F
:1015000000F1E040C00F04BF012000F035F9B0EE5B
:10151000480A03B0F0EE680ABDEC048B00BD10B5BC
:101520002DED028BB1EEC08A18EE100A20F00040BB
:10153000C0F1FF40C00F0AD010EE100A20F00040AA
:10154000C0F1FF40C00F04BF012000F015F9B0EE5C
:10155000480ABDEC028B10BD70B504462DED028B20
:101560004D1E00EBC500B0EE408AF0EE608A90EDB3
:10157000000B35F0060017D053EC182B51EC100B74
:10158000EEF738FF41EC100B6D1E04EBC50090ED3B
:10159000001B51EC100B53EC112BEEF784FE41ECC9
:1015A000100B35F00600E7D1022D36D0042D1CD0EB
:1015B000062D1CBFBDEC028B70BD53EC182B51ECFB
:1015C000100BEEF717FF94ED0A1B53EC112BEEF7FF
:1015D0006AFE53EC182BEEF70DFF94ED081B53EC4D
:1015E000112BEEF760FE41EC100B53EC182B51EC75
:1015F000100BEEF7FFFE94ED061B53EC112BEEF7EC
:1016000052FE53EC182BEEF7F5FE94ED040B53EC61
:10161000102BEEF748FE41EC100B53EC182B51EC5D
:10162000100BEEF7E7FE94ED021B53EC112BEEF7D7
:101630003AFE53EC182BEEF7DDFE94ED001B53EC55
:10164000112BEEF730FEBDEC028B41EC100B70BDA0
:101650009FED070B10B553EC102B9FED070B51ECD2
:10166000100BEEF739FF41EC100B10BD000000002D
:101670000000000000000000000000000000F03F3B
:1016800010B553EC102B51EC100BEEF70CFE41ECA7
:10169000100B10BD10B553EC112B51EC100BEEF7E5
:1016A00002FE41EC100B10BD9FED050B10B553EC85
:1016B000102B51EC100BEEF70FFF41EC100B10BD8F
:1016C00000000000000000009FED050B10B553EC7A
:1016D000102B51EC100BEEF78DFE41EC100B10BDF2
:1016E00000000000000000709FED050B10B553ECEA
:1016F000102B51EC100BEEF77DFE41EC100B10BDE2
:101700000000000000000010DFED030AB7EE001A31
:1017100081EE200A704700000000000030EE000A51
:10172000704730EE200A7047DFED020A80EEA00A13
:1017300070470000000000009FED020A20EE000A42
:1017400070470000000000709FED020A20EE000AC2
:10175000704700000000001002E008C8121F08C116
:10176000002AFAD170477047002001E001C1121F22
:10177000002AFBD170470000014908607047000053
:101780000800002010B541EC100BFEF765F951EC94
:10179000100B10BD82B0CDE9000121F00040019096
:1017A0009DED000B02B051EC100B7047F0B50B3003
:1017B000154D20F007010024144A0FE003688B4206
:1017C0000BD38B4205D95E1A43184768C3E90067FB
:1017D00000E04368136002C004E0021D10680028A6
:1017E000ECD12046002802D1286808B10020F0BDC5
:1017F000064A07481060074A121A22F00702C0E999
:10180000002401202860D7E7040000200000002009
:10181000C4530020C055002000B52DED048B83B0CB
:1018200041EC190BEEF7D2FF41EC180B18EE100A41
:1018300018EE901A8DED008B002818BF0120084388
:1018400020F00040C0F17F6000F1E040C00F14D0F4
:1018500019EE101A19EE900A8DED009B002918BFA1
:101860000121084320F00040C0F17F6000F1E0401A
:10187000C00F04BF0120FFF77FFF51EC180B03B02E
:10188000BDEC048B00BD10B500EE100A2DED028BEF
:10189000B1EEC08A18EE100A20F00040C0F1FF40FF
:1018A000C00F0AD010EE100A20F00040C0F1FF4037
:1018B000C00F04BF0120FFF75FFF18EE100ABDEC58
:1018C000028B10BD00000000920E493CB10AC93CD9
:1018D0002BC3163D2EFB483D752B7B3D04A9963D41
:1018E00080B6AF3D36BDC83D2FBCE13D73B2FA3D79
:1018F00087CF093E8340163EB5AB223EA2102F3E55
:10190000CF6E3B3EC2C5473E0115543E135C603E60
:101910007F9A6C3ECCCF783EC07D823E938E883ECF
:10192000229A8E3E32A0943E86A09A3EE59AA03E30
:10193000128FA63ED47CAC3EEF63B23E2A44B83E42
:10194000491DBE3E15EFC33E53B9C93ECA7BCF3ECB
:101950004136D53E80E8DA3E4F92E03E7533E63EB2
:10196000BBCBEB3EEA5AF13ECBE0F63E275DFC3EB8
:10197000E4E7003F3D9C033F824B063F9BF5083F59
:101980006B9A0B3FDA390E3FCDD3103F2A68133FD5
:10199000D9F6153FC07F183FC6021B3FD17F1D3FC0
:1019A000CBF61F3F9967223F25D2243F5636273F6B
:1019B0001594293F4AEB2B3FDE3B2E3FBB85303F42
:1019C000C9C8323FF304353F233A373F4268393FB5
:1019D0003B8F3B3FF9AE3D3F67C73F3F70D8413F2C
:1019E00001E2433F03E4453F65DE473F12D1493FF3
:1019F000F8BB4B3F029F4D3F207A4F3F3D4D513F3B
:101A00004918533F31DB543FE595563F5348583F03
:101A10006AF2593F1A945B3F532D5D3F05BE5E3F0E
:101A20002146603F97C5613F5A3C633F59AA643FD6
:101A3000880F663FD86B673F3CBF683FA7096A3F86
:101A40000C4B6B3F5E836C3F93B26D3F9ED86E3FF5
:101A500073F56F3F0809713F5213723F4714733F8C
:101A6000DD0B743F0BFA743FC6DE753F07BA763F55
:101A7000C58B773FF853783F9812793F9DC7793FE0
:101A800002737A3FBE147B3FCDAC7B3F283B7C3F4B
:101A9000C9BF7C3FAC3A7D3FCCAB7D3F23137E3F3B
:101AA000B0707E3F6DC47E3F580E7F3F6D4E7F3FCE
:101AB000AB847F3F0FB17F3F97D37F3F43EC7F3FA6
:101AC00011FB7F3F0000803F11FB7F3F43EC7F3FD6
:101AD00097D37F3F0FB17F3FAB847F3F6D4E7F3FFA
:101AE000580E7F3F6DC47E3FB0707E3F23137E3F14
:101AF000CCAB7D3FAC3A7D3FC9BF7C3F283B7C3FB0
:101B0000CDAC7B3FBE147B3F02737A3F9DC7793FCC
:101B10009812793FF853783FC58B773F07BA763FE5
:101B2000C6DE753F0BFA743FDD0B743F4714733FFD
:101B30005213723F0809713F73F56F3F9ED86E3F95
:101B400093B26D3F5E836C3F0C4B6B3FA7096A3FBE
:101B50003CBF683FD86B673F880F663F59AA643F18
:101B60005A3C633F97C5613F2146603F05BE5E3FDB
:101B7000532D5D3F1A945B3F6AF2593F5348583FDB
:101B8000E595563F31DB543F4918533F3D4D513F9A
:101B9000207A4F3F029F4D3FF8BB4B3F12D1493F48
:101BA00065DE473F03E4453F01E2433F70D8413FD4
:101BB00067C73F3FF9AE3D3F3B8F3B3F4268393FF0
:101BC000233A373FF304353FC9C8323FBB85303F26
:101BD000DE3B2E3F4AEB2B3F1594293F5636273FDD
:101BE00025D2243F9967223FCBF61F3FD17F1D3F6F
:101BF000C6021B3FC07F183FD9F6153F2A68133F26
:101C0000CDD3103FDA390E3F6B9A0B3F9BF5083F5F
:101C1000824B063F3D9C033FE4E7003F275DFC3ECF
:101C2000CBE0F63EEA5AF13EBBCBEB3E7533E63EE7
:101C30004F92E03E80E8DA3E4136D53ECA7BCF3E49
:101C400053B9C93E15EFC33E491DBE3E2A44B83EB6
:101C5000EF63B23ED47CAC3E128FA63EE59AA03E26
:101C600086A09A3E32A0943E229A8E3E938E883E63
:101C7000C07D823ECCCF783E7F9A6C3E135C603E46
:101C80000115543EC2C5473ECF6E3B3EA2102F3ECB
:101C9000B5AB223E8340163E87CF093E73B2FA3D74
:101CA0002FBCE13D36BDC83D80B6AF3D04A9963D91
:101CB000752B7B3D2EFB483D2BC3163DB10AC93C1D
:101CC000920E493C00000000920E49BCB10AC9BC0A
:101CD0002BC316BD2EFB48BD752B7BBD04A996BD3D
:101CE00080B6AFBD36BDC8BD2FBCE1BD73B2FABD75
:101CF00087CF09BE834016BEB5AB22BEA2102FBE51
:101D0000CF6E3BBEC2C547BE011554BE135C60BE5C
:101D10007F9A6CBECCCF78BEC07D82BE938E88BECB
:101D2000229A8EBE32A094BE86A09ABEE59AA0BE2C
:101D3000128FA6BED47CACBEEF63B2BE2A44B8BE3E
:101D4000491DBEBE15EFC3BE53B9C9BECA7BCFBEC7
:101D50004136D5BE80E8DABE4F92E0BE7533E6BEAE
:101D6000BBCBEBBEEA5AF1BECBE0F6BE275DFCBEB4
:101D7000E4E700BF3D9C03BF824B06BF9BF508BF55
:101D80006B9A0BBFDA390EBFCDD310BF2A6813BFD1
:101D9000D9F615BFC07F18BFC6021BBFD17F1DBFBC
:101DA000CBF61FBF996722BF25D224BF563627BF67
:101DB000159429BF4AEB2BBFDE3B2EBFBB8530BF3E
:101DC000C9C832BFF30435BF233A37BF426839BFB1
:101DD0003B8F3BBFF9AE3DBF67C73FBF70D841BF28
:101DE00001E243BF03E445BF65DE47BF12D149BFEF
:101DF000F8BB4BBF029F4DBF207A4FBF3D4D51BF37
:101E0000491853BF31DB54BFE59556BF534858BFFF
:101E10006AF259BF1A945BBF532D5DBF05BE5EBF0A
:101E2000214660BF97C561BF5A3C63BF59AA64BFD2
:101E3000880F66BFD86B67BF3CBF68BFA7096ABF82
:101E40000C4B6BBF5E836CBF93B26DBF9ED86EBFF1
:101E500073F56FBF080971BF521372BF471473BF88
:101E6000DD0B74BF0BFA74BFC6DE75BF07BA76BF51
:101E7000C58B77BFF85378BF981279BF9DC779BFDC
:101E800002737ABFBE147BBFCDAC7BBF283B7CBF47
:101E9000C9BF7CBFAC3A7DBFCCAB7DBF23137EBF37
:101EA000B0707EBF6DC47EBF580E7FBF6D4E7FBFCA
:101EB000AB847FBF0FB17FBF97D37FBF43EC7FBFA2
:101EC00011FB7FBF000080BF11FB7FBF43EC7FBFD2
:101ED00097D37FBF0FB17FBFAB847FBF6D4E7FBFF6
:101EE000580E7FBF6DC47EBFB0707EBF23137EBF10
:101EF000CCAB7DBFAC3A7DBFC9BF7CBF283B7CBFAC
:101F0000CDAC7BBFBE147BBF02737ABF9DC779BFC8
:101F1000981279BFF85378BFC58B77BF07BA76BFE1
:101F2000C6DE75BF0BFA74BFDD0B74BF471473BFF9
:101F3000521372BF080971BF73F56FBF9ED86EBF91
:101F400093B26DBF5E836CBF0C4B6BBFA7096ABFBA
:101F50003CBF68BFD86B67BF880F66BF59AA64BF14
:101F60005A3C63BF97C561BF214660BF05BE5EBFD7
:101F7000532D5DBF1A945BBF6AF259BF534858BFD7
:101F8000E59556BF31DB54BF491853BF3D4D51BF96
:101F9000207A4FBF029F4DBFF8BB4BBF12D149BF44
:101FA00065DE47BF03E445BF01E243BF70D841BFD0
:101FB00067C73FBFF9AE3DBF3B8F3BBF426839BFEC
:101FC000233A37BFF30435BFC9C832BFBB8530BF22
:101FD000DE3B2EBF4AEB2BBF159429BF563627BFD9
:101FE00025D224BF996722BFCBF61FBFD17F1DBF6B
:101FF000C6021BBFC07F18BFD9F615BF2A6813BF22
:10200000CDD310BFDA390EBF6B9A0BBF9BF508BF5B
:10201000824B06BF3D9C03BFE4E700BF275DFCBECB
:10202000CBE0F6BEEA5AF1BEBBCBEBBE7533E6BEE3
:102030004F92E0BE80E8DABE4136D5BECA7BCFBE45
:1020400053B9C9BE15EFC3BE491DBEBE2A44B8BEB2
:10205000EF63B2BED47CACBE128FA6BEE59AA0BE22
:1020600086A09ABE32A094BE229A8EBE938E88BE5F
:10207000C07D82BECCCF78BE7F9A6CBE135C60BE42
:10208000011554BEC2C547BECF6E3BBEA2102FBEC7
:10209000B5AB22BE834016BE87CF09BE73B2FABD70
:1020A0002FBCE1BD36BDC8BD80B6AFBD04A996BD8D
:1020B000752B7BBD2EFB48BD2BC316BDB10AC9BC19
:1020C000920E49BC00000080000000000000F03FBC
:1020D000000000000000F83F0000000000000000C9
:1020E0000000004003B8E23F0000000000000000D4
:1020F00006D0CF43EBFD4C3E033333333333E33F62
:10210000FFAB6FDBB66DDB3F4D268F515555D53F8D
:1021100001411DA96074D13F65DBC9934A86CD3F5B
:10212000EF4E454A287ECA3F3E5555555555C53F49
:1021300093BDBE166CC166BF2CDE25AF6A56113F3B
:10214000F16BD2C541BDBBBED0A4BE726937663E3D
:1021500000000000000000000000B33FB2BE7D3A66
:1021600000002E40DFCF513800007E40BF51FABA48
:1021700000E0A44019DAC3BA00E0C840C2ED8AB951
:102180000040EB40CD1F2CBA001006412AFFFABADE
:1021900000C01541DFCFD13700D024419A97703A63
:1021A0000050334189478E3600404141E75B9D38FE
:1021B00000B04E41C00A98B900A05B41558F943AD7
:1021C00000306841DA92C0BA0040744162B3C63A46
:1021D0000000803F00A0853F00908B3F00C0913FF2
:1021E0000030983F00F09E3F00F0A53F0050AD3F0B
:1021F0000000B53F0000BD3F0060C53F0020CE3F5E
:102200000040D73F00C0E03F00C0EA3F0020F53F5C
:10221000000000007D36AC397D3C3839EBDCF43809
:10222000320A7E39124C26399B6AED39A4EE833985
:102230007F661E39F6398A392B426539A4821139F5
:102240005B991F39C3EECD39DDE7C637A5A22F391B
:102250000000803FC3AA853FC2958B3FD3C3913F07
:10226000F037983F32F59E3FD7FEA53F3F58AD3F30
:10227000F304B53FA408BD3F2A67C53F8C24CE3F79
:10228000FD44D73FDFCCE03FC7C0EA3F7D25F53FA7
:102290004FBB610567ACDD3F182D4454FB21E93F7E
:1022A0009BF681D20B73EF3F182D4454FB21F93F6D
:1022B000E2652F227F2B7A3C075C143326A6813CF3
:1022C000BDCBF07A8807703C075C143326A6913C9E
:1022D000C4EB98999999C9BF711623FEC671BCBF0A
:1022E0006D9A74AFF2B0B3BF9AFDDE522DDEADBF72
:1022F0002F6C6A2C44B4A2BF0D5555555555D53F8A
:10230000FF8300922449C23F6E204CC5CD45B73FA4
:10231000513DD0A0660DB13FEB0D76244B7BA93F1C
:1023200011DA22E33AAD903F000000000000000007
:10233000F224010855BA0008000000000000000067
:10234000800000000000000000000000D824010808
:10235000C91000080000000000000000000100009B
:102360000000000000000000AD240108F91800087A
:102370000100000000000000000400000000000058
:1023800000000000BA24010809240008FFFF000033
:1023900000000000800000000000000000000000BD
:1023A000A4240108C17F0008030000000000000011
:1023B000000200000000000000000000E32401080B
:1023C0000999000800000000000000000001000062
:1023D0000000000000000000CB240108A5AA0008AE
:1023E000000000000000000080000000000000006D
:1023F00000000000000000000000000001020304D3
:102400000607080900000000010203040006101678
:10241000000610160000803F0000000000000000D1
:1024200000000000000000000000000000000000AC
:102430000000803F000000000000000000000000DD
:102440000000000000000000000000000000803FCD
:10245000000000000000000000000000000000007C
:1024600000000000000000000000803F00000000AD
:10247000000000000000000000000000000000005C
:10248000000000000000803F00000000000000008D
:10249000000000000000000000000000000000003C
:1024A0000000803F494E535F5461736B0042616C82
:1024B000616E63655F5461736B00436F6D6D756E24
:1024C00069636174655F5461736B004D6F6E69740D
:1024D0006F725F5461736B0041315F54785F546178
:1024E000736B004C4B393032355F54785F546173F5
:1024F0006B0064656661756C745461736B0049446C
:102500004C4500000000803F00000000000000007B
:10251000000000000000803F0000000000000000FC
:10252000000000000000803F482501080000002056
:10253000F80100001809000890260108F8010020A1
:10254000C857000068170108C1301B411DB8C1FA07
:102550008DF8C1198203C0793641C23333EB3A5842
:10256000A08B3AB80B08081250C347CDCCCC3D0421
:1025700009531C110B1AC8421C213A700452011A4B
:10258000200C4A78041324F4051AA4707D3F107DB2
:10259000807F037193C39059C843DF1F90C3DCD77A
:1025A000D1BF226C0D42A61BDCC15316EDC15249AE
:1025B000FD3E4F401AC16E34144181264EC00EBEFE
:1025C00090BE6D9762C33C1E5A43D2AF98C2257528
:1025D000D8C085CCE7C38B6418443D5AA0C380D7CC
:1025E000A94216FBA5C1B7620E42FFA1BBC1098A71
:1025F000034140B70844DD1DEBC340C4E942BEB00F
:102600009F417998AB423255ACC252C9484642E527
:1026100061513FC286D1C0F54A0A413F5791C0C0BF
:10262000EC963F56DD1DC3D0E44E43C04CD8C2A447
:102630005FE0414BCCE2440769D9C4BE0D17440F9B
:102640000B3242228C1543700E16C3A8355F4258D8
:10265000CA92BEF41A80E42780BF6F12033B2BC0DE
:10266000401432101AAA01157D04017C100F02409B
:10267000AB034101055308065804070F16081081E3
:102680000911160A15800B1605000C18010D000023
:04000005080001C529
:00000001FF
