:020000040800F2
:10000000E0AE00205D02000819910008B96F0008F9
:1000100015900008EF200008BDBF00080000000098
:100020000000000000000000000000009D0100082A
:100030003D2D000800000000F90100083D9D00086A
:1000400077020008770200087702000877020008AC
:10005000770200087702000877020008770200089C
:100060007702000877020008872E00087702000850
:100070007D2B00087702000877020008770200084D
:10008000770200087702000877020008770200086C
:10009000F120000877020008770200088D2E000882
:1000A000770200087702000877020008770200084C
:1000B000770200087702000877020008770200083C
:1000C0007702000877020008770200081D990008EF
:1000D00077020008A5A4000877020008770200084C
:1000E000770200087702000877020008770200080C
:1000F00077020008770200087702000877020008FC
:1001000077020008770200087702000877020008EB
:1001100077020008770200080D9E000877020008A9
:10012000892B0008952B0008A12B0008AD2B000897
:1001300077020008770200087702000845210008CE
:100140007702000839210008770200086993000847
:1001500077020008B92B000877020008B1A4000854
:10016000770200087702000877020008770200088B
:1001700077020008770200087702000800000000FC
:100180007702000877020008DFF80CD000F018F9B9
:100190000048004711DA0008E0AE00202C4B196837
:1001A0000868B0E8F04F80F30988BFF36F8F4FF015
:1001B000000080F3118870470000000008480068C4
:1001C000006880F308884FF0000080F3148862B65E
:1001D00061B6BFF34F8FBFF36F8F00DF00BF00BF6B
:1001E00008ED00E0DFF80C00016841F470010160E7
:1001F000704700BF88ED00E0EFF30980BFF36F8F19
:10020000134B1A681EF0100F08BF20ED108A20E96A
:10021000F04F106009B44FF0500080F31188BFF325
:100220004F8FBFF36F8F0EF025FA4FF0000080F371
:10023000118809BC19680868B0E8F04F1EF0100F6B
:1002400008BFB0EC108A80F30988BFF36F8F704746
:1002500010010020EFF3058070470000064880473A
:1002600006480047FEE7FEE7FEE7FEE7FEE7FEE79B
:10027000FEE7FEE7FEE7FEE7FD9D000889010008B6
:100280002DE9F05F0546002092469B4688460646CB
:10029000814640241BE0284641464746224600F05E
:1002A00053F853465A46C01A914110D31146184686
:1002B000224600F03AF82D1A67EB01084F46224615
:1002C0000120002100F031F817EB00094E41201EFB
:1002D000A4F10104DFDC484631462A464346BDE826
:1002E000F09F40EA01039B0703D009E008C9121FF1
:1002F00008C0042AFAD203E011F8013B00F8013BE0
:10030000521EF9D27047D2B201E000F8012B491E0B
:10031000FBD270470022F6E710B513460A460446A2
:100320001946FFF7F0FF204610BD202A04DB203AD3
:1003300000FA02F1002070479140C2F1200320FA38
:1003400003F3194390407047202A04DB203A21FA36
:1003500002F00021704721FA02F3D040C2F12002DE
:100360009140084319467047F0B400F0004221F074
:10037000004120F00040CE0DC30DC1F3160141F441
:100380000001C0F316004C42154640F40000761EF2
:1003900009E010EB440002D582F00042404288425E
:1003A000F7D840005B1EB342F9DA18B1F0BC002167
:1003B00000F021B82846F0BC7047002070470000CC
:1003C000064C074D06E0E06840F0010394E80700A2
:1003D00098471034AC42F6D3FFF7DAFE68CB020838
:1003E00088CB02080029A8BF7047401C490008BFFD
:1003F00020F00100704710B4B0FA80FC00FA0CF055
:1004000050EA010404BF10BC704749B1CCF120048C
:1004100021FA04F411FA0CF118BF01212143084319
:10042000A3EB0C01CB1D4FEA00614FEA102042BF45
:10043000002010BC704700EBC35010440029A4BF3B
:1004400010BC7047401C490008BF20F0010010BCE0
:10045000704770B58C1810F8015B15F0070301D1D7
:1004600010F8013B2A1106D110F8012B03E010F817
:10047000016B01F8016B5B1EF9D12B0705D400233A
:10048000521E0DD401F8013BFAE710F8013BCB1ADC
:10049000921C03E013F8015B01F8015B521EF9D5D1
:1004A000A142D8D3002070BDB0B5E1B14FF0000C2F
:1004B00002EB4C0432F81C300CF1020C64888C45C1
:1004C00023F0030324F0030450F803E00559C5505A
:1004D00040F804E003440444D3F804E065685D6038
:1004E000C4F804E0E4D3B0BD2DE9F0410588984696
:1004F00016460C460746012A0CD1E5B3201D2946B5
:1005000090ED000A0139B1EE400A80ED000A00F1D9
:100510000800F5D1FF2D0CDDB5F5806F10DBB5F5CA
:10052000805F22D0B5F5006F11D0B5F5806F17D080
:1005300021E03F2D10DC102D12D0202D07D01AE025
:10054000B5F5807F03D0B5F5007F0ED013E03846B7
:10055000214600F007F90EE0402D06D0802D0AD18B
:100560003846214600F030F805E07A6820462946F2
:10057000012300F0D1FFB8F1000F04D0BA68B989A7
:100580002046FFF791FF012E1CD100EE105A002DDE
:10059000B8EE400A08BFBDE8F081B7EE001A81EE60
:1005A000000A00BF94ED001A94ED012A013D20EEEF
:1005B000011A20EE422A84ED001A84ED012A04F18A
:1005C0000804EFD1BDE8F0812DE9F0472DED088B4F
:1005D000804600880023D8F8042001EB800A4FEA07
:1005E0005009B3EBD00F00F0AD80C70801EB890CC8
:1005F0000AEB890E7C420027C8190AEB07060CEBB0
:1006000007030EEB0705013496ED000A90ED004A52
:1006100096ED011A90ED015A96ED022A90ED026ACC
:1006200096ED033A90ED037AD5ED000AD5ED011A67
:10063000D5ED022AD5ED033AD3ED004AD3ED015AA8
:10064000D3ED026AD3ED037A34EE00BA37EE038AB3
:1006500036EE029A35EE01AA34EE400A35EE411A22
:1006600036EE422A37EE433A33EEE76A32EEE67A66
:1006700080ED00BA80ED01AA80ED029A80ED038A38
:1006800034EEA0BA35EEA1AA37EEA38A36EEA29ACE
:1006900002EB070071EEE51A70EEE40A07F11007AD
:1006A00083ED00BA83ED01AA83ED029A83ED038AFC
:1006B00090ED008A90ED019A20EE094A21EE085A49
:1006C00021EE091A20EE080A35EE444A30EE010AFE
:1006D00021EE891A20EE885A61EE881A60EE890AA6
:1006E00086ED014A86ED000A35EE010A30EEE11A88
:1006F00085ED010A85ED001A90ED020A90ED031ACE
:1007000022EE014A23EE005A23EE013A22EE002A9D
:1007100035EE444A32EE032A26EE013A27EE005A1D
:1007200026EE000A27EE011A86ED034A86ED022A1C
:1007300035EE032A31EE400A85ED032A85ED020AE3
:100740007FF45AAF08464946022300F0E5FED8F888
:100750000420504649460223BDEC088BBDE8F04713
:1007600000F0DABE2DE9F04F81B02DED088B92B08C
:10077000B0F800C00590406891ED000A91ED011AB3
:100780004FF000094FF0000B4FEA5C0206906FF04B
:1007900001000F9101EB820300EB9C0703EB820544
:1007A000A9EB57006FF0030793ED004A93ED015A50
:1007B00095ED002A95ED013A05EB8204119007EBC7
:1007C000820007EBC20E6FF0070794ED007AD4EDBC
:1007D000010A07EB0216109031EE036A70EE021A5E
:1007E00031EE431A30EE420A0E9602EB420676EEE6
:1007F000052A71EE843A31EE442A30EE053A31EEA4
:10080000041A30EE450A36EE456A71EEC41A07EB5B
:1008100086004FEA9C074FEA860A73EE873A72EE2B
:10082000A02A32EE072A33EE603A31EE471A30EE54
:10083000200A0D9001970293049597000394C1ED4F
:10084000003AC1ED012A83ED003A83ED012A31EE31
:10085000C73A36EE602AD10085ED003A85ED012ACF
:1008600084ED000A84ED011A0024E0E00F9808945A
:1008700007920B915A46CB46109900EB0E0400EB01
:1008800001090D990A97CDF830E0CDF824A0D4EDF8
:10089000002A14ED015ADDF838A0D9ED001A59EDFF
:1008A000017A47180839D7ED010A00EB0A0ED7ED97
:1008B000006A0798AAF1080ADEED014A9EED004A97
:1008C00071EEA03A37EEA69A73EEA25A75EEA45ACC
:1008D000C9ED005A54ED015A9EED008A79EE255A71
:1008E00075EE885A49ED015AD9469346D3ED035A1D
:1008F00093ED028A09F1080902F1180B26EE25AAE8
:1009000027EE08BA27EE257A26EE086A3BEE0AAAF9
:1009100036EE476A32EEE47A85ED02AA85ED036A87
:1009200031EEE06A77EEE60A76EE451A70EE876AF7
:1009300071EE841A66EE887A21EEA5AA66EEA55AB3
:1009400061EE881A7AEE677A71EEA51AC4ED007A24
:1009500044ED011A089CD6ED051AD6ED045A103460
:1009600062EE216A63EE257A23EE213A22EE252AF1
:1009700077EEA66A32EE432A33EEE23ACCED026A13
:100980008CED032A39EE452A33EE643A32EE442ADE
:1009900063EE653A23EE213A62EE212A22EE252A01
:1009A00073EEE22A33EE422AC7ED012A87ED002AD0
:1009B0000A9F90ED072A90ED063A1098083760EEEE
:1009C000021A61EE032A21EE021A20EE030A083809
:1009D00072EEA11A30EE410A37EE601AC8ED021A23
:1009E00088ED030A34EE450A21EE034A21EE021A8D
:1009F00030EE460A20EE025A20EE030A35EE444A53
:100A000030EE010A8EED014A8EED000ADDF830E08D
:100A100010901198AEF1080E013011900D910B99C4
:100A2000CDF838A0DDF824A008310AF1080A0F9BA0
:100A3000119803EB090203EB010CDD1903EB0A0823
:100A4000069B00289CED020A92ED022A95ED024ACF
:100A500098ED026A9CED031A92ED033A95ED035A64
:100A600098ED037A03EB040672EE000A73EE013A86
:100A700033EE411A32EE400A70EE841A31EE042A47
:100A800070EEC40A30EE453A31EE444A71EE861AF1
:100A900033EE071A30EEC63AC2ED021AD5ED031A4C
:100AA000D8ED032A73EEA11A71EEA21AC2ED031A51
:100AB00073EEC51A30EE055A32EE460A03EB0B020E
:100AC0004B4434EE066A31EEC72A35EE477A7FF49E
:100AD000CDAE93ED024A93ED035A0F98042367EECF
:100AE000050A66EE041A26EE055A27EE044A34EE8D
:100AF000054A31EEE06A85ED024A85ED036A019D03
:100B000096ED044A96ED055A294623EE056A22EE33
:100B1000047A23EE043A22EE052A33EE022A37EE57
:100B2000464A8CED022A8CED034A92ED062A92ED9C
:100B3000073A069A21EE034A20EE025A21EE021AE3
:100B400020EE030A31EE000A35EE442A88ED020A4F
:100B500088ED032A00F0E0FC059C02982946042356
:100B6000626800F0D9FC626804982946042300F00A
:100B7000D3FC626803982946042312B0BDEC088BAD
:100B800001B0BDE8F04F00F0C7BC00002DE9F04116
:100B90002DED028B0446002090460D46B0EB920FDF
:100BA0006DD04FEA9800474294ED000A94ED011A87
:100BB00021EE011A20EE000A30EE018AB0EE480A5A
:100BC0000CF0A8FBB4EEC00AF1EE10FA03D7B0EEB9
:100BD000480A0CF09FFB85ED000A94ED020A94EDA3
:100BE000031A21EE011A20EE000A30EE018AB0EE5F
:100BF000480A0CF08FFBB4EEC00AF1EE10FA03D7EE
:100C0000B0EE480A0CF086FB85ED010A94ED040A6B
:100C100094ED051A21EE011A20EE000A30EE018A49
:100C2000B0EE480A0CF076FBB4EEC00AF1EE10FA12
:100C300003D7B0EE480A0CF06DFB85ED020A94ED87
:100C4000060A94ED071A21EE011A20EE000A30EE92
:100C5000018AB0EE480A0CF05DFBB4EEC00A05F163
:100C600010062034F1EE10FA03D7B0EE480A0CF06B
:100C700051FB85ED030A0137354695D100E02E463C
:100C800018F003001ED0454294ED000A94ED011ABD
:100C900021EE011A20EE000A30EE018AB0EE480A79
:100CA0000CF038FBB4EEC00A371DF1EE10FA03D792
:100CB000B0EE480A0CF02EFB86ED000A0834013530
:100CC0003E46E1D1BDEC028BBDE8F0819FED241AD8
:100CD000B5EE002A44F264430021B7EE004AC0F6A4
:100CE000010320EE010A30EE020ABDEEC01AB5EE95
:100CF000C00A11EE100AF1EE10FA9FED1A1AB8BFF1
:100D0000013802EE100AB8EEC22A30EE420A9FED18
:100D1000162A20EE010ABDEEC01A11EE100A30EEBE
:100D2000021A0246B1EB502F18BF002202EE102A21
:100D300003EB8203B1EB502F18BFB0EE410AB8EEBF
:100D4000421A93ED002A93ED013A30EE410A34EE57
:100D5000401A20EE030A21EE021A31EE000A704713
:100D600083F9223E00000044000000C480B5B0F8C2
:100D700000E00B889E4555D1B0F802C04B889C45D9
:100D800050D113889E454DD153889C454AD1526815
:100D9000496840680CFB0EFC0023B3EB9C0F2BD082
:100DA0004FEA9C035B4200BF91ED000A90ED001AF0
:100DB000013331EE000A82ED000A91ED010A90ED57
:100DC000011A31EE000A82ED010A91ED020A90ED5E
:100DD000021A31EE000A82ED020A91ED030A90ED4B
:100DE000031A01F1100100F1100031EE000A82ED4A
:100DF000030A02F11002D7D11CF0030310D05B42AA
:100E000091ED000A90ED001A013301F1040100F1A7
:100E1000040031EE000A82ED000A02F10402EFD173
:100E2000002000E0FD2040B280BD43604280018090
:100E3000704700002DE9F04F8BB0B0F802E0B0F839
:100E400000B0F34540F052810B88FD229B4540F0F5
:100E50004E814F88BB4240F04A814768BBF1000F8A
:100E600000F02C814C686FF00300009700274FF0D2
:100E70007E595E46CDF81CE000EB8B0820460694B8
:100E8000BBEB060008D0B9002046FFF743FA00206C
:100E9000013004348742FBD104F1040A751EC4F802
:100EA00000900FD0A8EB87015046FFF733FA0120DE
:100EB000544600BF013004348642FBD10137002D77
:100EC0002E46DDD1009FDDF81CE0BBF1000F00F0E5
:100ED000F580042039469FED8A0A07EB8E0C3B1DF6
:100EE0004FEA8E05ABF101047746CDF814B000EB64
:100EF0008E0089460190CEF100000890002000BFCE
:100F0000584580F0F880069A00FB0EF16646B0EE78
:100F1000403A02EB810209EB810191ED001A09913F
:100F200021460A92B0EE414A07E000BF96ED004A22
:100F300072190139B0EE423A1646B5EEC04AF1EEEA
:100F400010FA09DDB4EEC34AB0EE442AF1EE10FA0D
:100F5000D8BFB0EE432A08E0B1EE442AB4EEC23A5C
:100F6000F1EE10FA01DBB0EE432A0029DED1B5EE36
:100F7000402AF1EE10FA00F0BE80B0EEC13AB4EEB5
:100F8000423AF1EE10FA1CBFC14311EB0B0104D041
:100F9000002100BF01318C42FCD1B5EE401AF1EEC8
:100FA00010FA00F0A880CDE9034CAEEB000C4FF036
:100FB0007E51099ABCF1010F11600AD001211A4635
:100FC00092ED002A01318F4282EE012AA2EC012A21
:100FD000F6D108990A9A00BF92ED002A013182EEFB
:100FE000012A82ED002A02F10402F5D10599DDF80B
:100FF00018A0ACF1010B4FF000084E46CDF8089058
:10100000804505D10AEB8E0A06EB8C0638E000BF5E
:10101000099A96ED001ABBF1000F92ED002A21EE1D
:10102000022A31EE422AA6EC012A16D0012200241F
:1010300003EB040906EB040E0132043499ED002A97
:101040009EED003A974221EE022A33EE422A8EEDBF
:10105000002AEDD1DDF81CE02644089A0A9C00BF66
:1010600094ED002A9AED003A013204F1040421EED5
:10107000022A33EE422A8AED002A0AF1040AEFD14D
:1010800006EB800608F101080139B9D1039CDDF8AF
:1010900008900199DDF810C0DDF814B00130013F6F
:1010A0000B448C44A4F1010409F104097FF428AF36
:1010B000B5EE401A009FF1EE10FA1ED10EFB0BF1B7
:1010C0000020002259B100BF97ED000AB5EE400A9A
:1010D000F1EE10FA03D1013204378A42F4D38A4286
:1010E00008BF6FF004000BB0BDE8F08FFD2250B2D6
:1010F0000BB0BDE8F08FFB22F9E70022F7E700BF55
:10110000000000002DE9F04F89B046880B889E4210
:1011100040F08E80058813889D4240F08980B1F8A8
:1011200002E053889E4540F0838000234468526863
:101130004968B7089FED410AA3EB9600089026F096
:101140000300029206F00302019104EB800B07FBFF
:101150000EF001EB00104FEA8E0100905042079014
:10116000CDE903E6029806950593DDE900AC00EBB6
:10117000830800BF002FB0EE401AE14620462FD072
:10118000089D63462046B0EE401A00BF5E1893EDFE
:10119000002A90ED003A90ED014A90ED025A90ED50
:1011A000036A1030013596ED007A06EB010323EE59
:1011B000022A93ED003A0B4431EE021A93ED002A15
:1011C00024EE074A0B4431EE041A25EE033A31EEC1
:1011D000031A26EE022A31EE021AD7D1D14658461A
:1011E0006AB1079D99ED002A90ED003A89440135D6
:1011F00000F1040023EE022A31EE021AF2D188ED4A
:10120000001A0AF1040A0CF1040CBEF1010E08F1F7
:101210000408AFD1049E069DDDF80CE0059B0BEBA6
:10122000860B04EB86047344013D9BD1002000E053
:10123000FD2040B209B0BDE8F08F00BF0000000003
:1012400080B5B0F800E00B889E4555D1B0F802C0DB
:101250004B889C4550D113889E454DD153889C4561
:101260004AD15268496840680CFB0EFC0023B3EB7E
:101270009C0F2BD04FEA9C035B4200BF91ED000A0C
:1012800090ED001A013331EE400A82ED000A91ED33
:10129000010A90ED011A31EE400A82ED010A91ED4A
:1012A000020A90ED021A31EE400A82ED020A91ED37
:1012B000030A90ED031A01F1100100F1100031EE64
:1012C000400A82ED030A02F11002D7D11CF0030399
:1012D00010D05B4291ED000A90ED001A013301F14C
:1012E000040100F1040031EE400A82ED000A02F12F
:1012F0000402EFD1002000E0FD2040B280BD0000DC
:101300002DE9F04F82B0B0F800E04B889E454BD1FC
:1013100044880B889C4247D100234E6804F0030B9D
:1013200040684FEA0E184FEA940AA3EB9401CBF100
:10133000000901914FEA8E0132460096BAF1000F82
:101340001CD0019F344600BF2546046801372C603D
:1013500044686C5005EB0104D0F808C044F801C0A3
:101360000C44C26800F11000625004EB010202EB71
:101370000104E9D105EB080703E000BF009A02EB86
:101380008307BBF1000F07D04D4600BF50F8042B78
:1013900001353A600F44F9D10436BEF1010E03F174
:1013A0000103CBD1002000E0FD2040B202B0BDE837
:1013B000F08F0000F0B54C1E4FF0000C90ED000ACD
:1013C00000F1040EBCEB940F40D0A708012625467F
:1013D0004FF0000C66F301057E4204279EED001AD3
:1013E0009EED012A9EED023A9EED034A01360EF172
:1013F000100EB4EEC10AF1EE10FABCBFA7F1030C57
:10140000B0EE410AB4EEC20AF1EE10FABCBFA7F189
:10141000020CB0EE420AB4EEC30AF1EE10FABCBF01
:10142000A7F1010CB0EE430AB4EEC40AF1EE10FAD3
:10143000B4EEC40AB8BFBC460437F1EE10FAB8BF28
:10144000B0EE440A002EC9D100EB850E14F0030063
:1014500012D040429EED001A0EF1040EB4EEC10A05
:10146000F1EE10FAB8BF01EB000C00F10100B8BFBB
:10147000B0EE410A0028EDD182ED000AC3F800C0A9
:10148000F0BD00004FF0000CBCEB930F2DD04FEAE5
:10149000930CCCF1000C00BF91ED000A90ED001A06
:1014A0001CF1010C21EE000A82ED000A91ED010A07
:1014B00090ED011A21EE000A82ED010A91ED020A77
:1014C00090ED021A21EE000A82ED020A91ED030A64
:1014D00090ED031A01F1100100F1100021EE000A55
:1014E00082ED030A02F11002D6D113F0030308BF04
:1014F00070475B4291ED000A90ED001A013301F153
:10150000040100F1040021EE000A82ED000A02F15C
:101510000402EFD1704700002DE9F04F81B02DEDAE
:10152000108BA0B09FED050ACDE903328C460190E7
:1015300004301B910290084602E000BFF304353FDF
:101540004FEADC064FEACC074FF0000BF30006EB46
:10155000860235010896A3EBDC00D100C0001A908A
:1015600006EB46007601C40000012246029CCDE94C
:101570001E7CCDE90C01CDE91C6500BF0C9804EB85
:1015800003091F461A9B04EB01082644254404EB7B
:10159000020E14ED017ADDF87CC0114656ED010A09
:1015A0001EED012A18ED013A19ED014A15ED016A07
:1015B00004EB030A20443B46E3441AED011A10ED04
:1015C000015A77EE204A74EE032A37EE607A72EE03
:1015D000011A76EE053A32EE411A34EE432A36EE1F
:1015E000455A72EEA15A74EEA36A34EEE33A72EEF3
:1015F000E11A76EEA57A76EEE55A44ED017A46EDEB
:10160000015ADAED005ADEED006AD8ED007A99ED64
:10161000008A90ED009A95ED00AA96ED00BA94ED3F
:1016200000CA36EEA5DA38EE27EA3AEE09FA7CEE81
:101630000B8A36EEE54A78EE673A72EE415A32EEA0
:10164000011A3CEE4B6A7EEE0D9A78EE8FAA3EEEC2
:101650004DDA73EE842A78EECF6A65EE800A33EEB7
:10166000C42A21EE001A7AEEA9BA73EE0D4A7AEE78
:10167000E99A33EE4D3A62EE802A76EEE15A71EE47
:10168000A61A22EE002A37EE604AC4ED00BAC6ED73
:10169000009A45ED014A7AEE494A00ED013A37EEEB
:1016A000203AC5ED005AC0ED001A76EE021A36EE69
:1016B000422A74EEA27A34EEE27A73EE275A33EEBF
:1016C000673A74EE070A34EE474A49ED015A0AEDCB
:1016D000013A35EE013A48ED010A0EED014A35EEC8
:1016E000411A31EEC37A33EE213A32EE414A31EEFD
:1016F000021A89ED007A8AED003ADDE91C651E9F29
:101700001B980D9988ED004A8EED001A3C448345E4
:10171000FFF434AFBCF1400FC0F0C9810398DDF88D
:1017200004800025012707920E9380B20690089846
:10173000C0EBC000C00005900698049CCDF8248042
:101740000A97DFEDDE2A054405EB850305EB45022C
:101750000B95D900D00004EBC3030431043004EB33
:10176000010E04EB451104EB000CC5EBC50091ED37
:10177000000A04EB0511DCED006AC446DEED005AF8
:10178000DDF81C808DED1A0A91ED000A04EBC5010D
:101790008DED190A91ED000A04EBC001C000043080
:1017A0008DED180A91ED000A04EB021120448DED35
:1017B000170A91ED000A110104EBC20204318DED0C
:1017C000160A93ED000AEB0004EB010969010433EA
:1017D00004318DED150A92ED000A2A0123440432EA
:1017E00022440C448DED140A94ED000A8DED130A89
:1017F00092ED000A8DED120A93ED000A3B468DED45
:10180000110A90ED000A8DED100A99ED000A8DED98
:101810000F0ADDE90C15059F1D980CEB060B0CEB70
:1018200001090CEB05020CEB070E9CED02DA9CEDB6
:1018300003EADDED1A3ADDED134A1C9E9BED02FA38
:10184000DEED027A92ED029A99ED02BA0CEB000AF3
:101850000E989AED02CA7DEE0FBA0CEB00040CEB69
:10186000080090ED028A94ED02AA7CEE0BAA7BEEB2
:10187000AADA78EE278A7AEE099A78EE677A3AEE53
:10188000498A79EEA8CA38EE670A78EE277A79EEA7
:10189000E88A7DEEACEA7DEEECCA20EE220A67EE25
:1018A000A27ACCED02EA63EEAC0A64EEACCADBEDE0
:1018B00003DA9EED039A90ED03AAD2ED03EAD4ED8C
:1018C00003FA99ED031A9AED032A32EE013A3EEE3D
:1018D0002D4A7AEE099A3FEEAE8A32EE411A38EE80
:1018E000295A34EE036A34EE433A38EE698A3BEE05
:1018F000EA4A36EE457A36EE055A3AEE496A3FEE46
:10190000EE9A39EE46AA64EE871A39EE066A23EE9D
:10191000877ADDED124ADDED193A8CED035A34EE8B
:10192000085A3DEE4F9A34EE484A26EE222A37EE08
:101930006C6A30EEA17A73EE680A7CEE4B1A38EED0
:10194000833A3EEE6DCA2AEE22AA39EE008A39EEBB
:10195000400A24EE85BA23EEA0DA23EE855A64EE1F
:10196000A00ADDED0F4ADDED163A8BED027A8BED24
:10197000036A31EE02EA31EEA77A31EE421A31EE15
:10198000E72A7CEE4A1A3DEE4B6A30EE855A3CEE71
:101990000ABA38EE0EFA38EE4E8A70EE017A30EE60
:1019A000410A32EE211A64EE840A23EE83DA8AEDCC
:1019B000025A23EE844ADDED183A24EE833A7BEE98
:1019C000478A8AED036A37EE0B7A3DEE605ADDED09
:1019D000110A33EE043A23EEA86A23EE8FDA89ED7A
:1019E000023ADDED103A89ED035A20EE8F4A60EE9F
:1019F000A80A36EE443A3DEE204ADDED170A23EE02
:101A0000885A84ED024A84ED033A20EE876A60EE3C
:101A1000880A23EE877A31EEC28A30EE874ADDEDFE
:101A2000150A36EE453A25EEA75A25EE887A8EED50
:101A3000024A8EED033A26EE804A20EE886A60EE76
:101A4000A70A36EE452A9DED146A30EE873A82EDFC
:101A5000023A82ED032A26EE015A26EE811A26EE7C
:101A6000000A30EE010A35EE442A80ED020A80EDCC
:101A7000032A1E9884441F9803441B988342FFF452
:101A8000CBAE0A9FDDF8248008980B9D013708F142
:101A900008088742FFF450AE0398DDF820C09FEDA0
:101AA000070AC00003901F983F283FF649AD20B0B9
:101AB000BDEC108B01B0BDE8F08F00BFF304353FE3
:101AC00080B59FED441A9FED443A44F2644C9FED7B
:101AD000437AF0EE087AB5EEC00AC0F6010CF1EEDA
:101AE00010FA20EE011AB0EEC11ABDEEC12AB8EE0E
:101AF000C22A31EE421A21EE031ABDEEC12A12EEBD
:101B0000102A02F180036FF35F226FF35F230CEB67
:101B1000820E00EE902A0CEB83039EED013A9EEDBF
:101B2000002AF8EE600A93ED004A93ED015A31EE77
:101B3000601AB1EE436A73EE421A72EE024A74EE14
:101B4000052A36EE426A74EE043A75EE445A33EED4
:101B5000243A71EEA16A61EEA71A35EE235A62EEBD
:101B6000872A26EE076A75EEA53A23EE073A72EE4B
:101B7000E60A25EE075A36EE636A65EEA72A61EE9D
:101B8000200A31EEC55A32EE833A21EE066A33EE70
:101B9000063A35EE205A24EE076A22EE077A21EE45
:101BA000055A21EE033A36EE055A33EE473A21EE56
:101BB000055A21EE031A32EE052A34EE011AB1EE6F
:101BC000423A81ED001AB8BFB0EE432A80ED002AF8
:101BD00080BD00BF610B363B00000044DB0F493C79
:101BE00010B52DED048BB0EE418AB0EE609AF0EEA8
:101BF000480A00F022F8F0EE408AF0EE480AB0EE13
:101C0000490A00F01AF8F6EE000A38EEC00A68EE4B
:101C1000200AB4EEE00AF1EE10FA04DD30EE480AD4
:101C2000BDEC048B10BDF1EE600AB4EEE00AF1EEFB
:101C300010FAF5D230EE080AF2E710B52DED028B5E
:101C4000B0EE608AB4EEC80AF1EE10FA07DDF0EEED
:101C5000480ABDEC028BBDE810400AF009BFB5EEA2
:101C6000C00AF1EE10FA05D2F0EE480A0AF000FFC1
:101C700030EE080ABDEC028B10BD000001221021DD
:101C8000014802F089BF000000000240002210213C
:101C9000014802F081BF000000000240012211460D
:101CA000014802F079BF0000000402400022012137
:101CB000014802F071BF00000004024070B5054603
:101CC000FFF7E4FF922000F031F906226549122067
:101CD00000F00EF9FFF7D2FF624CA4F11C06607809
:101CE0002178000200B2084300EE100AD6ED030A84
:101CF000B8EEC00A60EE200A95ED080A60EE800A90
:101D0000C5ED000AE078A178000200B2084300EEB9
:101D1000900A96ED031AF8EEE00A60EE810A60EE92
:101D2000800AC5ED010A60792179000200B20843FA
:101D300000EE900A3081F8EEE00A60EE810A20EEB3
:101D4000800A85ED020AFFF7B1FF08222146002034
:101D500000F0CEF8FFF7A2FF20780F285AD1F078D4
:101D6000A1780028E0784FEA002000B240EA0100A4
:101D70002BD000EE100AD5ED090AB8EEC01A96ED88
:101D8000040A51EE000AC5ED030A607921790002C8
:101D900000B2084300EE900A95ED0A1AF8EEE00A48
:101DA00010EE801A85ED041AE079A179000200B2E4
:101DB000084300EE900A308195ED0B1AF8EEE00A28
:101DC00010EE801A85ED051A24E000EE100AF8EEF8
:101DD000C00A96ED040A60EE800AC5ED030A607938
:101DE0002179000200B2084300EE900AF8EEE00A02
:101DF00060EE800AC5ED040AE079A179000200B224
:101E0000084300EE900A3081F8EEE00A20EE800AE6
:101E100085ED050AFFF73AFFA22000F087F80222BD
:101E20001049222000F064F8FFF728FF207861783D
:101E3000C00040EA51103081B0F5806F02DBA0F5A0
:101E400000603081B6F90800B4EE001A00EE100A06
:101E5000F8EEC00AB3EE070A00EE810A85ED070A24
:101E600070BD0000E000002070B50D461749184C09
:101E700008600020A0700BF09DFCA1780843A070C2
:101E80000BF02CFDA1780843A0701DB1114800F0A3
:101E9000C7F918E00F489FED100A80ED090A9FED81
:101EA0000F0A80ED0A0A9FED0E0A80ED0B0A9FEDE6
:101EB0000D0A80ED0C0A9FED0C0A80ED080A9FEDDB
:101EC0000B0A80ED060AA07870BD00000C0100200E
:101ED000C4000020D4650020E7E099BA9E2548BBE5
:101EE000BD370638F93F1B41F268813F00002842A8
:101EF00070B514460D4640F0800000F017F806E07B
:101F0000552000F013F8641E05F8010BE4B2002C14
:101F1000F6D170BD10B50C4640F0800000F006F818
:101F2000552000F003F8207010BD000001B582B00C
:101F30004FF47A7000900548012301AA02A90068B5
:101F400004F05AF89DF804000EBD00000C010020BA
:101F500010B50C46FFF7EAFF2046BDE81040FFF73A
:101F6000E5BF00008AB00BF0E5FD0890182102A83B
:101F7000FEF7D0F900250126204C00950827B04631
:101F80000195012108A80BF0C9FD0697012E02D08A
:101F9000022E0CD013E040F206200290206B00B11C
:101FA00001208DF800008DF80180022607E040F244
:101FB00007208DF8008002908DF80150012694F8DA
:101FC00064008DF80200206800B101208DF8030044
:101FD00094ED110A09AB6A46BDEEC00A10EE100A74
:101FE000010A8DF804108DF805008DF806508DF863
:101FF000075002A9024801F02DFEC2E7543D00201F
:1020000054380020B6EE000AD2ED020AF0EE401A73
:1020100092ED031A40EEE01A90ED002AD2ED012A6B
:10202000D0ED013A22EEA03A41EE411A21EE822A89
:10203000D2ED001A01EEC13A22EE811A01EEA01A89
:1020400003EE232AD0ED020AF0EE001A01EE202A58
:1020500062EE210AC1ED000A92ED011AD2ED023AB8
:1020600092ED002AD2ED030A61EE232A90ED003AA8
:1020700090ED014A42EE202A62EE832AB0EE403A09
:1020800001EE413A00EEE03A63EEA00A42EE410A68
:1020900043EE042A90ED021A40EE812A62EEA10A74
:1020A000C1ED010A92ED011AD2ED032AD2ED020A26
:1020B00092ED003A21EE222A60EEA22AD0ED003AFB
:1020C00001EE410A03EE602A43EE012A90ED013A47
:1020D00000EEE00A22EE232AD0ED020A02EE832A65
:1020E00000EE202A22EE210A81ED020A7047FEE767
:1020F000014801F00EBF00002C38002000B58BB065
:102100000C4802F087F900200121CDE90601059075
:10211000009001900290039004900E20CDE90810E9
:102120006946044801F0F4FD0221024801F080FDF7
:102130000BB000BD2C380020014801F0EABE0000C1
:1021400054380020014801F0E4BE0000543800205B
:1021500000B58BB00E4802F05DF9002003AB009093
:10216000019001210E22029083E80700CDE90601CB
:10217000CDE9081206486946283801F0C9FD00B1CA
:10218000FEE71021024801F053FD0BB000BD000036
:1021900054380020002070470020704710B50022FE
:1021A0000449054808F06AFB0449034808F059FB54
:1021B000002010BD685500208C480020684D00208C
:1021C00010B50446014620220748FEF78AF8002091
:1021D00007F02CF82146054808F043FB034808F0B7
:1021E00019FB002010BD0000706500208C48002005
:1021F00000207047094A10B5D2F8BC22D2F8142248
:102200000AB1012010BD0A460146044808F036FB19
:10221000BDE81040014808F0ABBB00008C4800202E
:102220002DE9F04F04462DED048B89B0002000907D
:10223000019002F0B7FCEA4D42F2107B02AE0DF1C4
:1022400014084FF07C5ADFF89C93686102F0AAFCF6
:102250006969411A594514D99FEDE30A84ED090AC9
:102260009FEDE20A84ED0A0A9FEDE10A84ED0B0A74
:102270009FEDE00A84ED0C0A9FEDDF0A84ED060A6B
:1022800089E1052002F0C6FA9FEDDC0A002784ED03
:102290000C0A84ED090A84ED0A0A84ED0B0AF9E0C0
:1022A000FFF7F4FC9220FFF741FE06226946122058
:1022B000FFF71EFEFFF7E2FC9DF801009DF80010FD
:1022C000000200B2084300EE100AF8EEC00A95EDD5
:1022D000030A60EE801AC4ED001A9DF803009DF811
:1022E0000210000200B2084300EE100AD5ED030A06
:1022F000B8EEC00A20EE201A84ED011A9DF8050000
:102300009DF80410000200B2084300EE100AB8EE77
:10231000C00A60EE200A21EEA10AC4ED020A01EE15
:10232000010A00EEA00A0AF0F5FFB0EE408A94ED33
:102330000C0A30EE080A84ED0C0AFFF7B7FC0822FD
:1023400069460020FFF7D4FDFFF7A8FC9DF80000C8
:102350000F2840D19DF803009DF80210000200B242
:10236000084300EE100AF8EEC00A95ED040A60EE8C
:10237000800AC4ED030A94ED091A71EE200AC4ED37
:10238000090A9DF805009DF80410000200B20843F8
:1023900000EE900AF8EEE00A60EE800AC4ED040A4E
:1023A00094ED0A1A71EE200AC4ED0A0A9DF807009E
:1023B0009DF80610000200B2084300EE900AF8EE05
:1023C000E00A20EE800A84ED050AD4ED0B0A30EE17
:1023D000800A84ED0B0A002F7ED0B4EEC98AF1EE9C
:1023E00010FA01DDB0EE489AB4EEE88AF1EE10FA88
:1023F00001D2F0EE488A00204FEA080204EB800187
:1024000091ED030A06EB8001D1ED000AB4EEE00A7B
:10241000F1EE10FA01DD81ED000A02EB8001D1ED51
:10242000000AB4EEE00AF1EE10FA01D281ED000AE2
:10243000401CC0B20328E1D339EE680A00204246AE
:1024400085ED060A4FEA090106EB8003D3ED000A89
:1024500002EB800393ED001A01EB8003401C70EE49
:10246000C10AC0B20328C3ED000AEDD310EE100A72
:10247000504513DC62480A6882420FDC4A68824297
:102480000CDCD9F80810814208DC012002F0C2F906
:102490007F1CBFB2E8888742FFF402AFE988D4ED21
:1024A0000C0A00EE101A2F465FF00000B8EE400A4A
:1024B00080EE801A84ED0C1A00EE101A04EB8002F4
:1024C000401CB8EE400AD2ED090AC0B2032880EEE3
:1024D000801A82ED091A00E06AE0EDD3FFF7D6FB1F
:1024E000A220FFF723FD022269462220FFF700FD0C
:1024F000FFF7C4FB9DF800009DF80110C00040EA02
:102500005110B0F5806F01DBA0F5006000EE100AFD
:10251000B4EE001AF8EEC00AB3EE070A00EE810A24
:1025200084ED060AB888401CB880B86950453FF76A
:102530008DAE94ED0C0ADFED330A30EE600AB0EE9A
:10254000C00A10EE100A5045F1DC2D4AD9F80010EF
:1025500048469142EBDC41689142E8DCD9F808003A
:102560009042E4DC94ED090A2748B0EEC00A10EE70
:10257000101A8142DBDC94ED0A0AB0EEC00A10EEBC
:10258000101A8142D3DC94ED0B0AB0EEC00A10EEB3
:10259000101A8142CBDC94ED0C0ADFED1C0A80EEB0
:1025A000801A84ED081A09B0BDEC048BBDE8F08FE9
:1025B000B0EE489AF0EE488A0020414604EB8002D3
:1025C00092ED030A06EB800282ED000A01EB800225
:1025D000401CC0B282ED000A0328EFD32CE70000B4
:1025E000C4000020C8650020E7E099BA9E2548BBDA
:1025F000BD370638F93F1B410000284200000000AB
:102600009A99193ECDCC1C410AD7233CC3F51C41F5
:10261000704770477047000000B518212DED028B00
:1026200089B0B0EE408A6846FDF774FE40F2FF10B4
:102630000090BDEEC80A082000210490079110EE1A
:10264000100A8DF81C1006918DF81D10010A8DF8E6
:102650001E108DF81F0008AB06AA6946034801F05A
:10266000F9FA09B0BDEC028B00BD0000543800201F
:10267000884201DD084670479042FCDA10467047F8
:10268000B4EEE00AF1EE10FA02DDB0EE600A704737
:10269000B4EEC10AF1EE10FAF9D2B0EE410A704779
:1026A0002DED028B82B00BF045FA009006F022FD72
:1026B00006F0A4F807F05CF807F024F92C4C2D4F35
:1026C000002525603D606560256365633B20A5634B
:1026D00084F83C004FF001089FED278AC4F8408041
:1026E00084ED118A84ED138A84ED128A84ED148AB4
:1026F00084ED168A84ED158A002104F10800C4F8DF
:10270000648006F051F8002104F11C0006F04CF83A
:102710001A4E0A2168460BF001FA02F043FAF17AE8
:10272000012901D0022905D1B269801A642801D299
:102730003868A0B12560012914D0022915D084ED94
:10274000118A0F4884ED138A84ED168A90ED4A0AA7
:1027500084ED150A656025636563A563D9E7C4F850
:102760000080E8E700F0F0F8D3E700F00BF8D0E7DE
:10277000543D00202C000020000000008C6400204C
:10278000BC3D00202DE9F04164482DED028B06F0A0
:1027900012F89FED638A6149002620399FED610A96
:1027A0000125614C012829D0A6630868D4ED150ADB
:1027B000404201EE100A5D4840F26A42B8EEC11A8A
:1027C00041EE000AC4ED150A006AA0F5A850F438DD
:1027D00090420BD84868D4ED160A404201EE100A28
:1027E000B8EEC11A41EE000AC4ED160AF0EE488AAE
:1027F0004F4805F0E0FF012826D027E0A06B18B96C
:1028000084ED178A84ED188AA563086894ED171A79
:10281000404200EE900AF8EEE00A60EE801ADFED2A
:10282000450A01EEA01A84ED171A486894ED181AAB
:10283000404201EE900AF8EEE11A21EE800A00EE25
:10284000201A84ED181AD1E79FED3B8A38481430DE
:1028500005F0B1FF012803D19FED380A38EE008A58
:10286000334884ED118AC4ED138A503005F0A3FF7C
:102870000227032803D1606E022807D067662C4820
:10288000643005F098FF032803D006E0032060665B
:10289000F5E7606E022807D067662548B43005F07A
:1028A0008AFF032802D005E06566F6E7206B40B199
:1028B000002020631948143805F07DFF012802D05C
:1028C00004E00120F5E7206B012806D066631C4870
:1028D00005F071FF032802D00AE06563F7E794F87A
:1028E0003C003B2814D06D2814D03B2084F83C00D9
:1028F0001348143005F05FFF032805D11148016823
:10290000532909D053210160BDEC028BBDE8F08151
:102910006D20EBE79E20E9E7E921F4E788A9002094
:1029200000000000CDCC4C3D543D0020183F00205D
:102930009CA90020CDCCCC3D01007042010070C2AA
:10294000B4AA0020B80000202DE9F041554D688858
:10295000A0F5806000EE100AB8EEC01A9FED520A92
:10296000C1EE000A9FED511A514C60EE810AC4ED90
:10297000110ADFED500AC4ED130AA06B88BBA888CA
:10298000C0F5806000EE900AF8EEE00A80EE801A52
:10299000DFED490A21EE201AD4ED150ADFED471AC2
:1029A00041EE210AC4ED150AE8880146A0F58060D1
:1029B000002808DD00EE900AF8EEE00A80EE801AAA
:1029C0009FED3F0A09E0C1F5806000EE900AF8EE45
:1029D000E00A80EE801A9FED3B0A21EE000A84EDAA
:1029E000160A394832492A880126D0F800C0496EB3
:1029F0000223A2F58062B2F5C87F03DDBCF1030FAC
:102A00000AD00CE0032712F5C87F03DABCF1030FEC
:102A100009D00BE007600AE0032902D06666066071
:102A200005E06366FBE7012909D067660360288932
:102A3000A0F58060B0F5FA7F03DD012102E0636656
:102A4000F4E70021616010F5FA7F01DA012000E06F
:102A50000020A063A87A012800D00020E06014487C
:102A6000083005F0A8FE032803D1206B68B10020D0
:102A70002063A87A02280AD0002020620C481C306B
:102A800005F099FE012804D006E00120F0E70120BE
:102A9000F3E7206B012803D000206063BDE8F081DC
:102AA0006663FBE78C640020000025440000484377
:102AB000543D0020000000000000F0420AD7233CF3
:102AC000007CDD4100C8AFC13400002030B40C4BA5
:102AD000002200BF02EB420453F834505DB103EB17
:102AE000C4046468844206D102EB420053F830000B
:102AF00030BC00F007B8521C042AEBDB30BC704736
:102B0000E464002010B50446806B0A78DFED180AF3
:102B100012094261B1F80100DFED171A40BA2062D4
:102B2000C8780A79000140EA121000EE100AB8EEE7
:102B3000400A60EE200A9FED0F0A20EE801AC1EED7
:102B4000210A20EE800ABDEEC00A84ED060A0A7949
:102B5000487902F00F0240EA022020618879C979A1
:102B6000884200D80846606302F01CF8E06310BD9C
:102B70000000803900007042F90F4940014801F01F
:102B8000D7BC0000EC3B0020014801F0D1BC0000A4
:102B9000D4380020014801F0CBBC00004C3C0020A0
:102BA000014801F0C5BC00008C3B0020014801F049
:102BB000BFBC000034390020014801F0B9BC00005E
:102BC000AC3C002001681823CAB2103AB2FBF3F201
:102BD000054B6FF30901032A9B5CC36500D9091DEE
:102BE000816508467047000034EC000810B50146C6
:102BF00000208B698A6A4FF0C07453B1B3F5005F4F
:102C000015D072B1012A0CD0022A0AD0032A09D1A8
:102C100004E01AB1012A06D0022A03D1C96AC90107
:102C200000D5012010BDC96AA142FAD010BD002A0A
:102C3000F7D0012AF2D0022AF3D0032AF3D010BD34
:102C400030B50468256825F4802525600468636034
:102C50008368402B036803D099600068C26030BD70
:102C60009A600068C16030BD2DED048B88B00AF019
:102C700061FF2A4D002607909FED290A2E6085ED01
:102C8000010A06F09DF906F0C7F91C22254968469D
:102C9000FDF727FB002168460AF058FFDFED228A86
:102CA0009FED229A9FED228A224C2F1F4FF47A78B3
:102CB0004FF4A569642107A80AF030FF386800EED8
:102CC000100AF8EEC00A80EEA80AC0EE090AB0EEBB
:102CD000480A00EEC80A85ED010A3E6001F062FF75
:102CE000A169411A414509D9E17A022904D1124961
:102CF000C968401A642801D902F024F82088A0F598
:102D0000B670484507D86088B0F5B67F03D340F267
:102D100094618842CED902F015F8CBE72C00002050
:102D200000000000B0EB000800247449CDCCCC3D7D
:102D30000000C8428C640020C86400207047000076
:102D40002DED028B82B00AF0F5FE134C0090114875
:102D500020604FEA3020114D9FED118AE0610A2179
:102D600068460AF0DBFE95ED240A202284ED010A74
:102D700095ED260A084984ED020A84ED038A84ED64
:102D8000048A84ED058A84ED068A064804F02AF850
:102D9000E5E70000AA55AA55F83E00207842002039
:102DA00000000000443B002010B58AB0182102A8A2
:102DB000FDF7B0FA00200090019040F2FF10029061
:102DC000082006900C4B0020694600BF53F82020D5
:102DD0003AB19489240A01F8104001EB4004127BB7
:102DE0006270401C0428F1DB0A4609AB02A90348C3
:102DF00000F030FF0AB010BD446500202C380020E0
:102E000010B58AB0182102A8FDF784FA00200090BE
:102E100001904FF400700290082006900C4B0020A7
:102E2000694600BF53F820203AB19489240A01F87A
:102E3000104001EB4004127B6270401C0428F1DB5F
:102E40000A4609AB02A9034800F004FF0AB010BD0E
:102E5000546500202C38002010B50446088840BA7C
:102E600000B22062488840BA00B2A061888840BAA7
:102E700000B220612078012801D08879606301F0D8
:102E800091FEE06310BD102001F082BD202001F012
:102E90007FBDB6EE000AD2ED020AF0EE401A92EDC6
:102EA000031A40EEE01A90ED002AD2ED012AD0ED8F
:102EB000013A22EEA03A41EE411A21EE822AD2EDE9
:102EC000001A01EE813A22EE811A01EEE01A03EEB9
:102ED000232AD0ED020AF0EE001A01EE202A62EE5B
:102EE000210AC1ED000A92ED011AD2ED023A92EDEB
:102EF000002AD2ED030A61EE232A90ED003A90ED0C
:102F0000014A42EE602A62EE832AB0EE403A01EEB8
:102F1000413A00EEE03A63EEA00A42EE010A43EEC7
:102F2000042A90ED021A40EE812A62EEA10AC1ED58
:102F3000010A92ED011AD2ED032AD2ED020A92EDB6
:102F4000003A21EE222A60EEA22AD0ED003A01EEEC
:102F5000410A03EE202A43EE412A90ED013A00EEA9
:102F6000E00A22EE232AD0ED020A02EE832A00EEC6
:102F7000202A22EE210A81ED020A704772B6FEE78E
:102F8000002229B101291AD002291BD04FF4407226
:102F90000E490B6823F440730B600B6813430B60FE
:102FA0000A6822F0F8020A600A68022303EBC000F4
:102FB00002430A60086840F48030086070474FF4AC
:102FC0008072E5E74FF40072E2E70000103C024037
:102FD0001348016889050FD5016821F4007101606B
:102FE000016841F400610160016821F40061016041
:102FF000016841F400710160016849050FD501685D
:1030000021F480610160016841F480510160016830
:1030100021F480510160016841F4806101607047D2
:10302000003C024008490A6822F440720A600A68BB
:1030300042F004020A600A684FF4803343EA002039
:1030400002430A6070470000103C0240064A1368C1
:1030500023F44073136013681360136843F0010393
:103060001360017070470000103C0240094910B520
:103070000C6824F440740C600C6844F440740C60D8
:103080000C6844F001040C600260BFF36F8F436072
:1030900010BD0000103C0240074A136823F440733F
:1030A0001360136843F480731360136843F00103E3
:1030B0001360018070470000103C0240074A13680B
:1030C00023F440731360136843F4007313601368B0
:1030D00043F001031360016070470000103C0240A0
:1030E00017490868C206174805D5C26942F01002A0
:1030F000C26110220A600A68920605D5C26942F0D0
:103100000802C26120220A600A68520605D5C26917
:1031100042F00402C26140220A600A68120605D524
:10312000C26942F00202C26180220A600A68920704
:1031300005D5C26942F02002C261022008607047D2
:103140000C3C02406C64002070B51149044600201C
:10315000C86101F027FD06460E4D09E0601C07D04E
:1031600024B101F01FFD801BA04201D9032070BDD6
:103170002868C003F2D42868C00701D00120286065
:10318000286810F0F200F2D0FFF7AAFF012070BD0E
:103190006C6400200C3C02402DED068B8AB00AF0D6
:1031A000C9FC9FED611ADFED610A9FED619A049001
:1031B0006048B0EE490A00F0CFF89FED5FAA5F4E7D
:1031C0005F4C604FDFED609ADFF88081594D0A2136
:1031D00004A80AF0A3FC94ED490A06A905A8FEF785
:1031E0006FFC94ED480A08A907A8FEF769FC94ED66
:1031F0004A0A03A902A8FEF763FC94ED160AF0EE52
:103200004A8AB0EEC00A10EE100AB0EE688AB042E8
:1032100025DA94ED320ADFED4E0A97ED141A60EECE
:10322000200A00EE818AF0EE000A09F079FC00EE37
:10323000298AD4ED250A94ED380A9FED461A40EE0E
:10324000010A9DED061A60EE810A94ED261A00EE41
:10325000691A9DED050A41EE400A30EE888A94ED28
:10326000150AF0EE680AB0EEC00A10EE100AB0427D
:103270001DDA94ED320A97ED121AF0EE608AF0EE44
:10328000000A40EE418A09F04BFC94ED240AD4ED8B
:103290003E0A9DED071A00EEA90ADDED080A20EEB0
:1032A000200AD4ED260A00EE810A78EEC00AB0EEBC
:1032B000480A204800F0D6F96868D0ED000AC5ED4C
:1032C000240A698800EB810090ED001A85ED251A2B
:1032D000DDED031A9DED022A20EEA10A60EE820ABE
:1032E00001EE420A41EE210A85ED260AB0EEC01A2F
:1032F00011EE101AC5ED270A414505DD95ED281A96
:1033000000EE091A85ED281AB0EEE00A10EE101A48
:10331000414505DD95ED290A00EE890A85ED290A6A
:10332000FFF777F953E7000017B7D138A69B443A67
:103330000AD7233CE447002000000000CDCC4C3EDF
:10334000BC3D0020543D00208FC2753DCDCCCC3C0F
:103350003333333FAE47613D2DE9F04104462DED57
:10336000068BF0EE419AB0EE60AAF0EE408A402063
:103370000AF0FCFD03460422114604F17800FDF733
:1033800054FD4021E06FFCF7C5FF40200AF0EEFD40
:1033900003460422114604F18000FDF746FD40215A
:1033A000D4F88400FCF7B6FF08200AF0DFFD0346DE
:1033B000012202212046FDF738FD606800250560E6
:1033C000456008200AF0D2FD03460122022104F1E3
:1033D0000800FDF72AFDE0680560456008200AF056
:1033E000C5FD03460122022104F11000FDF71DFD79
:1033F00060690560456008200AF0B8FD03460122B7
:10340000022104F11800FDF710FDE0690560456038
:1034100010200AF0ABFD0346022204F12000114601
:103420008046FDF702FD606AB7EE009A05604560D0
:103430008560C560606A80ED009A9FED898A606A48
:10344000042680ED018A618C606A00EB810080EDCA
:10345000008A618C606A06EB8101084480ED009A65
:1034600010200AF083FD0346022204F128001146D1
:103470000746FDF7DAFCE06A39460560456085607D
:10348000C5604046FDF73CFF84F8880008200AF03C
:103490006DFD03460122022104F13000FDF7C5FC59
:1034A000606B0560456010200AF060FD0346022253
:1034B000114604F13800FDF7B8FCE06B056045608B
:1034C0008560C560E06BC0ED008AE06B80ED018A2D
:1034D000618FE06B00EB810080ED008A618FE06B13
:1034E00006EB81010844C0ED008A10200AF03EFD81
:1034F00003460222114604F14000FDF796FC606C81
:10350000056045608560C56010200AF02FFD034608
:103510000222114604F14800FDF787FCE06C0560CB
:1035200045608560C56010200AF020FD0346022238
:10353000114604F15000FDF778FC606D28EEA80AF2
:10354000056045608560C56020EE0A0A606D80ED0B
:10355000000A606D80ED018AB4F85210606D00EBD6
:10356000810080ED008AB4F85210606D06EB810195
:10357000084480ED000A10200AF0F8FC03460222FD
:10358000114604F15800FDF750FCE06D0560456000
:103590008560C560E06DC0ED009AE06D80ED018A48
:1035A000B4F85A10E06D00EB810080ED008AB4F8A9
:1035B0005A10E06D06EB81010844C0ED009A10201E
:1035C0000AF0D4FC0346022204F1600011460746CB
:1035D000FDF72BFC606E056045608560C560606E20
:1035E00080ED009A606E80ED018AB4F86210606E22
:1035F00000EB810080ED008AB4F86210606E06EB8B
:103600008101084480ED009A10200AF0AFFC0346C7
:10361000022204F1680011460646FDF706FCE06E42
:103620003146056045608560C5603846FDF768FE37
:1036300084F8880010200AF099FC03460222114603
:1036400004F17000FDF7F1FB606F05604560856077
:10365000C560C4F88C50BDEC068BBDE8F08100005D
:10366000000000002DE9FC5F0446406B80ED000A7D
:10367000618E606B00EB8100C0ED000A20886188DC
:10368000484382006168E068FCF72BFEB4F8400014
:10369000B4F8421048438200616CE06CFCF721FEF4
:1036A0000225A4F878500126A4F87A6004F1780283
:1036B00004F1080104F120008B4607460092FDF753
:1036C00021FD84F88800A4F88050A4F8826004F1F9
:1036D000800204F1300104F138000192FDF712FD7F
:1036E00084F88800DDE900015A467834FDF73EFB96
:1036F00004F8100FA4F1400124F8105C24F80E5CCB
:103700008A463846883C009AFDF7FCFC84F888001D
:10371000A4F88050A4F88250DDE9000204F12801E9
:10372000FDF7F0FC84F88800524604F1500101983E
:10373000FDF71CFB84F88800D4F88C0000287CD0AE
:1037400004F1180204F16000904604F11001814672
:10375000FDF7D8FC84F8880024F8785F514665802E
:103760004846009AFDF7CEFC04F8100FA4F12001A2
:1037700024F8085C24F8065CDDE900020F46883C6A
:10378000FDF7C0FC84F88800A4F87850A4F87A50BB
:10379000DDE9002004F15801FDF7E8FA84F888001B
:1037A000A4F88050A4F88250DDE900017834FDF7D8
:1037B00041FB20742580658039465046009AFDF70C
:1037C000A1FC04F8100FA4F11802DDE9000117466E
:1037D000883CFDF797FC84F8880024F8785F594608
:1037E00066804846009AFDF78DFC2074258166812D
:1037F000DDE900124046FDF723FD20742580668038
:10380000DDE900213846FDF77DFC2074783C224636
:1038100058460099FDF7AAFA84F8880024F8785FE2
:10382000494665803846009AFDF76CFC2074258176
:103830006581DDE90002514600E010E0FDF762FC21
:1038400004F8100FA4F148025046883C0199FDF796
:10385000F7FC04F8880F00206060BDE8FC9F208919
:10386000618948438200E1686068FCF73AFDB4F87A
:103870004800B4F84A1048438200E16C606C02B022
:10388000BDE8F05FFCF72DBD02220270120342601A
:10389000B7EE000A80ED020A0022C26002614261B6
:1038A0008261C261026242628262C26202634263F8
:1038B000C2634A1E032A05D8074A02EB810141F878
:1038C000040C70474A1F022AFBD8034A203202EB3D
:1038D000810141F8140C7047446500202DED068BE2
:1038E0008CB00AF027F90A9028216846FCF712FDEF
:1038F0009FED4D0A02218DED030A4C48FFF7C4FFEE
:103900009FED4B0A8DED000A9FED4A8A8DED018AED
:103910008DED028ADFED489ACDED049A9FED470ABE
:103920008DED050A8DED060A8DED070A8DED088AED
:10393000DFED438A6946CDED098A424805F0D6FE9F
:103940009FED410A8DED000A9FED400A8DED010AC1
:103950008DED028A9FED3E9A9FED3EAA8DED059A70
:103960009FED3D0A8DED06AA8DED070A35488DEDD8
:10397000088ACDED098A6946403005F0B7FEB7EEFA
:10398000080A8DED000A8DED018A8DED028A9FED0A
:10399000330ACDED049A8DED050A8DED069A8DED75
:1039A000078A22488DED088A8DED098A69464030E4
:1039B00005F09CFE9FED2A0A1C488DED000A8DED56
:1039C000010A8DED028A8DED059A9FED260A8DED97
:1039D00006AA8DED070A8DED088ACDED098A6946A4
:1039E000803005F083FE4FF47A700AF090F81E4D97
:1039F0000E4C02210AA80AF091F8286880B100F064
:103A0000F9F800F055F894ED5F0AFEF705FE94ED25
:103A10002F0ABDEEC00A84ED030AFFF7C5F9E8E7F7
:103A200000F024F8E5E700006F12033B183F002088
:103A3000355EBA3E000000000000B443000034438D
:103A4000FFFF7F7F1840002000C05A4600007A45E3
:103A5000000010420060EA460000FA440000B44250
:103A600000401C450000FA45543D00200D4910B5AA
:103A70000020C860FFF798F99FED0B0AFEF7CCFD18
:103A80000848403005F024FE0648803005F020FE4E
:103A9000064805F01DFE0548BDE81040403005F021
:103AA00017BE0000183F0020000000001840002052
:103AB00070B54A4C4A4E4B4D2DED048B94ED191ABE
:103AC000D6ED490A95ED160AFEF78AF8B0EE408A5F
:103AD00094ED010AB8EEC01A9FED439AF0EE490A40
:103AE000DFED428AB0EE680AFEF77AF8B5EEC00A5A
:103AF000F1EE10FA94ED010AB8EEC01A94ED080A3E
:103B0000F8EEC00AB0EE680A10DDFEF769F8FDEEC7
:103B1000C08A94ED010AB8EEC01A94ED080AF8EED6
:103B2000C00AB0EE490AFEF75BF813E0FEF758F85A
:103B3000B1EE400AFDEEC08A94ED010AB8EEC01A5B
:103B400094ED080AF8EEC00AB0EE490AFEF748F80C
:103B5000B1EE400AF8EEE80ADFED251ABDEEC00A24
:103B600020EEA12AD4ED010AB8EEC00AF8EEE02A50
:103B7000F8EEE00A60EE211A82EE221A81EEA00A27
:103B8000B4EEC18AF1EE10FA06DD95ED160A30EEBC
:103B9000480A30EE010A0AE0B4EEC08AF1EE10FAEB
:103BA00007D2D5ED160A70EEC80A30EE800A85ED10
:103BB000160A0A48D5ED160A96ED490A403005F076
:103BC00091FCD4ED1F0A96ED150A0448BDEC048B58
:103BD0008030BDE8704005F003BD0000183F0020B4
:103BE000BC3D0020543D002000A0AF4500F0D24570
:103BF0000000B44310B50A480A4CD0ED150A94ED04
:103C00004A0A094805F06EFC084894ED170AD0ED01
:103C10004F0ABDE8104000F5A07005F0E1BC0000BF
:103C2000543D0020BC3D002018400020183F0020DB
:103C300090F82020012A07D0022A05D0416A41F4D9
:103C40008021416201207047006842690A43426155
:103C500000207047F0B590F820500468A468012D4A
:103C600005D0022D03D0416A41F480214DE014F0CB
:103C7000406F01D1E50045D5C4F301640125A5409D
:103C80001D608D684FF4C0739DB1CE6835434E689A
:103C900045EAC605066803EB0417F5514FF4C275F3
:103CA000076805EB04150E697E51097D012905D0D1
:103CB00009E00E88CD6845EA4655EBE701684E59A4
:103CC00046F480764E511179D2F805504FF4C676FD
:103CD00041EA0521056806EB0416A9511178D2F8CE
:103CE00001204FF4C47541EA0221026805EB041576
:103CF0005151006803EB0411425842F00102425056
:103D00000020F0BD416A41F4001141620120F0BD84
:103D100010B590F82020012A07D0022A05D0416A68
:103D200041F480214162012010BD3B48D0F80022BF
:103D300042F00102C0F80022D0F8002222F47C52A6
:103D4000C0F80022D0F800224B6A42EA0322C0F8F1
:103D500000220A7D02F01F0301229A40D0F81C3293
:103D60009343C0F81C32CB69B3B9D0F80C329343FB
:103D7000C0F80C328C894B6864F31F434C6900EB2C
:103D8000C404C4F840320C890B6864F31F434C69C7
:103D900000EBC404C4F84432CB69012B16D1D0F82F
:103DA0000C321343C0F80C320C884B6864F31F4389
:103DB0004C6900EBC404C4F840320C89CB6864F34E
:103DC0001F434C6900EBC404C4F844328B69002BD8
:103DD000D0F804320ED01343C0F804320B69002B24
:103DE000D0F8143208D01343C0F81432096A0129FC
:103DF00004D008E09343EFE79343F5E7D0F81C12B3
:103E00001143C0F81C12D0F8001221F00101C0F8D3
:103E10000012002010BD000000640040704770B523
:103E200090F82040012C05D0022C03D0416A41F4C7
:103E3000802128E0046809B32469A40720D04FF446
:103E4000D874056804EB01142D5915F0040595602C
:103E500005682D591AD0ED08556005682C5904F0F5
:103E60000204D4604FF4DA74056804EB01142E598F
:103E700006F00F06082E0CD308250DE0E468DCE7F9
:103E8000416A41F400114162012070BD6D0D156061
:103E9000E3E72D5905F00F05156105682D59C5F3A8
:103EA0000725956105682C59240C54614FF4DC7288
:103EB000046802EB0112A4581C700468A458240A78
:103EC0005C700468A458240C9C700468A258120EFC
:103ED000DA704FF4DE72046802EB0112A4581C7110
:103EE0000468A458240A5C710468A458240C9C71CA
:103EF0000468A258120EDA71006829B1016941F014
:103F000020010161002070BDC16841F02001C16045
:103F1000F8E72DE9F05F0546006800244669D0F80F
:103F200004908768D0F80CB0D0F810A0D0F81880B2
:103F3000F10748D0F90714D001218160B80703D5F3
:103F4000284600F094FA0CE0780702D54FF400649C
:103F500007E0380702D54FF4805402E0284600F00D
:103F600085FAF80516D529684FF480708860B80581
:103F700003D5284600F07DFA0CE0780502D544F41C
:103F8000005407E0380502D544F4804402E0284696
:103F900000F06EFAF80316D529684FF48030886077
:103FA000B80303D5284600F066FA0CE0780302D582
:103FB00044F4004407E0380302D544F4803402E0BE
:103FC000284600F057FA300707D55FEACB6004D5E2
:103FD0002968102044F40074C86070074FF0080787
:103FE00007D55FEA0B7004D52868C760284600F043
:103FF000A1F9B00706D52868C068800702D0284616
:1040000000F09AF9700607D55FEACA6004D52968FE
:10401000102044F480640861B00607D55FEA0A7096
:1040200004D528680761284600F0D2F9F00606D5C5
:1040300028680069800702D0284600F0CBF9B00359
:1040400008D55FEAC96005D5296810204860284670
:1040500000F0DEF9F00307D55FEA097004D528689F
:104060004760284600F008FA300446D55FEA4970F8
:1040700040D5F00504D55FEAC87001D044F00104D2
:10408000B00504D55FEA887001D544F002047005DC
:1040900004D55FEA487001D544F00404300529D501
:1040A00018F0700F26D008F07000402815D006DCFC
:1040B000102809D020280AD0302816D10AE050282C
:1040C0000ED0602811D10EE044F008040DE044F059
:1040D00010040AE044F0200407E044F0400404E047
:1040E00044F0800401E044F480742868816921F080
:1040F00070018161296804204860002C05D0686A3D
:10410000204368622846FFF789FEBDE8F09F70B53E
:10411000040003D094F8200010B104E0012070BD29
:10412000204600F081F82068016841F0010101603B
:1041300000F038FD0546052604E000F033FD401B85
:104140000A2811D820684068C007F6D020680168A6
:1041500021F00201016000F025FD05460BE000F0B2
:1041600021FD401B0A2806D9606A40F400306062D5
:1041700084F82060D2E7206840688007EFD4207E72
:104180000128206801683DD021F080010160607E37
:1041900001282068016838D021F040010160A07E2C
:1041A00001282068016833D021F020010160E07E01
:1041B0000128206801682ED041F010010160207FA5
:1041C00001282068016829D021F008010160607F82
:1041D00001282068016824D021F004010160D4E99D
:1041E00002010843D4E90412114308436168491EDF
:1041F00008432168C86100206062012084F8200023
:10420000002070BD41F08001C0E741F04001C5E7EA
:1042100041F02001CAE721F01001CFE741F0080189
:10422000D4E741F00401D9E7F0B587B00446142182
:104230006846FCF76FF83A4B3A48DFF8E0E0196857
:10424000D4F800C0374A032502260927103000247D
:10425000491CF44522D11960012907D1016841F0B8
:1042600000710160006800F000700590106840F077
:10427000080010601068CDE9005600F00800CDE994
:10428000047069462848CDE9024500F08DFB002204
:104290000121142000F024FD14203AE0DFF88CE026
:1042A000F44538D1D0F800C04CF0806CC0F800C0A4
:1042B000D0F800C001290CF0806CCDF814C0196052
:1042C00007D1016841F000710160006800F00070E2
:1042D0000590106840F002001060106802AB00F01A
:1042E000020005906020CDE9000683E8B000694631
:1042F0000F4800F059FB002205213F2000F0F0FCA0
:104300003F2000F0DFFC00220521412000F0E8FC06
:10431000412000F0D7FC07B0F0BD00000064004071
:104320002400002030380240000C024000680040A9
:10433000000402407047000010B58AB00446002017
:1043400007900146089007AB6A462046FFF767FDD5
:104350001B49206888422BD10098A0F201200B282D
:1043600028D2DFE800F0060606060F0F0F0F181818
:1043700018001448009900EB8100A0F58050D0F897
:10438000FC0710E01048009900EB8100A0F5805078
:10439000D0F8EC0707E00D48009900EB8100A0F58C
:1043A0008050D0F8DC07002802D007A9FEF754FDA2
:1043B0000AB010BD07A90098FEF788FBF8E70000D7
:1043C00000640040546500204465002064650020BE
:1043D0007047000010B58AB004460020079008908E
:1043E00007AB6A4601212046FFF719FD0649206800
:1043F000884207D10098B0F5027F03D107A903488E
:10440000FEF72AFD0AB010BD00680040D83F00202A
:104410007047000070B5044690F82000012804D0D1
:10442000606A40F40020606218E0022084F82000F6
:104430002068016821F00101016000F0B3FB05462E
:104440000EE000BF00F0AEFB401B0A2808D9606AEE
:1044500040F400306062052084F82000012070BD27
:1044600020684068C007EDD1606270BD704770473A
:10447000704770477047704770472DE9F041044618
:10448000876D00F08FFB064694F835000025022862
:1044900006D08020606584F834500120BDE8F081AA
:1044A0002068016821F0160101602068416921F04F
:1044B00080014161206C08B9A06C20B120680168BE
:1044C00021F0080101602068016821F0010101600C
:1044D0000CE000F067FB801B052807D920206065F1
:1044E000032084F8350084F83450D7E7206800684A
:1044F000C007EED194F85C103F208840B8600120DE
:1045000084F8350084F834500020C7E790F835105F
:10451000022903D08021416501207047052180F8E0
:1045200035100068016821F001010160002070472A
:104530002DE9F84304464FF00009CDF80090634898
:104540004FF41651A56D0068B0FBF1F72E6894F892
:104550005C10082000FA01F131420FD021680A688E
:1045600052070BD50A6822F004020A6094F85C1026
:104570008840A860606D40F00100606594F85C10B0
:104580004FF0010808FA01F0304208D0216849696B
:10459000090604D5A860606D40F00200606594F8DB
:1045A0005C1004208840304208D0216809688907DF
:1045B00004D5A860606D40F00400606594F85C105C
:1045C00010208840304218D021680968090714D5A6
:1045D000A86020680168490304D50068000308D575
:1045E000A16C07E00168C90503D4016821F0080146
:1045F0000160216C09B12046884794F85C102020A6
:104600008840304231D021680968C9062DD5A8609C
:1046100094F8350005282068016806D0490347D57D
:10462000006800031DD4616C1CE021F016010160DC
:104630002068416921F080014161206C08B9A06CBB
:1046400020B12068016821F00801016094F85C1035
:104650003F208840A86084F8358084F83490216D2C
:104660001FE0E16B09B120468847606D00282BD020
:10467000606DC00714D0052084F8350020680168FB
:1046800021F0010101600098401C0090B84203D85D
:1046900020680068C007F6D184F8358084F834902B
:1046A000E16C002910D001B02046BDE8F043084776
:1046B0000168C905D5D4016821F01001016084F8B2
:1046C000358084F83490CCE7BDE8F883B40000204E
:1046D0002DE9F041044600F065FA06465CB102207F
:1046E00084F83500002584F834502068016821F0F2
:1046F000010101600DE00120BDE8F08100F052FAF7
:10470000801B052805D920206065032084F835002A
:10471000F2E720680068C007F0D1226811682048DD
:104720000140D4E901031843D4E903363343184365
:1047300063691843A3691843E3691843236A18435C
:104740000843616A042903D1D4E90B1319430843D0
:10475000106020684069666A20F0070130460E4309
:10476000012704280CD1A06A0643E06A40B1204624
:10477000FEF73CFA20B14020606584F83570BAE756
:10478000206846612046FEF71DFA94F85C203F2120
:1047900091408160656584F835700020ACE70000C9
:1047A0003F8010F02DE9F0410446866D90F834000A
:1047B000002501280DD0012084F8340094F83570CC
:1047C0000020012F07D084F8340002252846BDE8D8
:1047D000F0810220FBE7022784F8357060652046EF
:1047E000FEF72EFA94F85C103F208840B0602068F5
:1047F000016841F016010160206C20B12068016859
:1048000041F0080101602068016841F00101016088
:10481000DCE7000070B5044600F0C4F90546601CF2
:1048200002D004480078044400F0BCF9401BA042C8
:10483000FAD370BDA80000202DE9F04704462248B5
:104840000F46017E01290AD00121804601764CF2F3
:1048500050394846FEF778FC020003D02FE00220D2
:10486000BDE8F0874FF0FF3038602068174D012811
:1048700001D0A6681CE0207C6168FEF7D3FB4846A7
:10488000FEF762FC0246286820F00400286014E06D
:10489000217C3046FEF774FB4846FEF755FC0200CB
:1048A000286820F0FA00286001D03E6005E0761C00
:1048B000D4E902100844B042EAD8FEF789FB00218F
:1048C00088F818101046CBE76C640020103C0240BA
:1048D0000348016841F0004101600020704700007A
:1048E000103C02402DE9F0471B4E05461446307E31
:1048F0001F468946012808D0012030764CF25038F6
:104900004046FEF721FC18B114E00220BDE8F08714
:104910009DB1012D16D0022D19D022463B464846A6
:10492000FEF7A4FB4046FEF70FFC0C490A6822F094
:1049300001020A6000213176E8E7E1B24846FEF75D
:1049400085FBEFE7A1B24846FEF7A6FBEAE7214662
:104950004846FEF7B3FBE5E76C640020103C0240DC
:10496000074900200A68002A09DA054A054B0C3A73
:104970001360054B13600968002900DA01207047B5
:10498000103C024023016745AB89EFCD7047000022
:10499000044910B50A68024202D00860FFF7F6FF2A
:1049A00010BD0000143C01402DE9F84FDFF8BCA118
:1049B0000022012503264FF00F090AF1040BAAF18A
:1049C000040E00BF0B6805FA02F42340A34270D125
:1049D0000F7907F00307012F01D0022F16D1876846
:1049E0004FEA420806FA08FC27EA0C07D1F80CC087
:1049F0000CFA08FC4CEA070CC0F808C04768A7434B
:104A00000C79C4F3001494403C4344600C79E443B3
:104A1000A4070AD0C4684FEA420C06FA0CF7BC435C
:104A20008F6807FA0CF72743C7600C7904F003047A
:104A3000022C12D1D40800EB840CDCF8204057077C
:104A4000FF0E09FA07F824EA0804D1F8108008FAE2
:104A500007F848EA0408CCF8208004684FEA420CC2
:104A600006FA0CF7BC430F7907F0030707FA0CF7B7
:104A7000274307604C6814F4403F70D03C4C2768D3
:104A800047F480472760246822F0030704F4804439
:104A90000094384C07EB040CDCF8084897074FEA01
:104AA000177809FA08F7BC43334FB84202D1002700
:104AB00024E054E0314FB84201D101271EE0304FCD
:104AC000B84201D1022719E02E4FB84201D1032785
:104AD00014E02D4FB84201D104270FE02B4FB8420C
:104AE00001D105270AE02A4FB84201D1062705E087
:104AF000284FB84201D1072700E0082707FA08F736
:104B00002743CCF80878DAF800405746D1F804C0BB
:104B10009C435FEACC2C00D51C433C60DBF8004092
:104B20005F46D1F804C09C435FEA8C2C00D51C433F
:104B30003C60DEF800407746D1F804C09C435FEA51
:104B40008C3C00D51C433C60084F083F3C68D1F8C2
:104B500004C09C435FEACC3C00D51C433C60521C23
:104B6000102AFFF42FAFBDE8F88F0000083C014089
:104B7000443802400030014000000240000402407E
:104B800000080240000C02400010024000140240E5
:104B900000180240001C02400AB1816170470904FC
:104BA000FBE700000148806870470000A800002073
:104BB000024881680278114481607047A800002093
:104BC0000B4810B5016841F400710160016841F4BF
:104BD00080610160016841F480710160032000F090
:104BE0009FF80F2000F006F800F050F8002010BDEC
:104BF000003C024030B505461F4887B000240168DC
:104C000041F010010160006806A900F0100000905A
:104C100001A800F05DFE0498A8B100F07FFE4000FE
:104C20001649174AB0FBF1F11648491E026040F2DE
:104C3000E732C0E90324C0E90114846101F048FBB4
:104C4000040003D015E000F069FEE9E70D4801F02B
:104C5000CBFB04000DD1362000F034F8102D07D224
:104C600000222946362000F03BF80748056000E0A6
:104C7000012407B0204630BD4038024040420F00BA
:104C8000001000400C3D0020AC0000200C4882B019
:104C9000016841F480410160006800F480400090A8
:104CA0000748001F016841F0805101600068002240
:104CB00000F0805000900F21901E02B000F010B85C
:104CC00044380240002809DB00F01F020121914016
:104CD0004009800000F1E020C0F80011704700009A
:104CE000F0B40E4B1B680C46C3F30223C3F1070557
:104CF000042D00D90425191D072901D2002300E045
:104D0000DB1E012606FA05F1491E214099409E400E
:104D1000761E16403143F0BC07F05BBB0CED00E0A3
:104D2000064900F0070208684FF6FF03184040EA02
:104D30000220034A10430860704700000CED00E0B9
:104D40000000FA05BFF34F8F05480168054A01F4DA
:104D5000E06111430160BFF34F8F00BFFDE700002A
:104D60000CED00E00400FA05704700684162002085
:104D70007047F0B50368586A39B19C6A4FF482767F
:104D800000EB144400204D1E0AE040EA0240986205
:104D90000FE006EB8007DF59401C04EB1744C0B25C
:104DA000A842F6D344EA02404FF4807202EB81013C
:104DB00058500020F0BDD0F8E00406F063B801EBD5
:104DC000C10200EB8202D0F8E004126A05F0B8BF1D
:104DD00001EBC10200EB8202D0F8E004D2F86022BD
:104DE00006F009B8D0F8E00406F04EB80A0601F063
:104DF0000F0101EBC10100EB810101D5143101E08C
:104E000001F51571006806F027BF70B504460B0662
:104E100001F00F0000EBC00104EB81014FF0010233
:104E20004FF0000502D54A75143103E081F8555260
:104E300001F51571087094F89404012808D084F8DD
:104E40009424206806F026FC84F89454002070BD59
:104E5000022070BD70B5044601F00F002279904227
:104E600001D9012070BD0B0601F00F0101EBC1015A
:104E700004EB81014FF001024FF0000502D54A75A5
:104E8000143103E081F8555201F515718D700870E9
:104E900094F89404012808D084F89424206806F03B
:104EA0006BFD84F89454002070BD022070BD01F0A9
:104EB0000F0101EBC10100EB8100D0F868027047DF
:104EC0002DE9F04104460F0601F00F0000EBC00190
:104ED00004EB81014FF001064FF0000502D54E753D
:104EE000143103E081F8555201F5157108708A609C
:104EF0000B714A7802B14883022B00D14D7194F8AE
:104F00009404012809D084F89464206806F014FB06
:104F1000284684F89454BDE8F0810220FBE710B5E0
:104F200001F00F0404EBC40100EB8101C1E99823F7
:104F30000023C1F8683281F8553281F854428379F0
:104F400001F51571012B00D1CA618279006806F064
:104F50006BFD002010BD70B504460D4601F00F003A
:104F60002179884201D9012070BD29064FF0000641
:104F70004FF0010206D500EBC00104EB81014A7538
:104F8000143107E005EBC50104EB810181F855629E
:104F900001F515718A70087094F89404012807D0FF
:104FA00084F89424206806F013FD280702D007E057
:104FB000022070BDA17904F29C42206806F0B0FC8A
:104FC00084F89464002070BD10B501F00F0404EB68
:104FD000C40100EB8101C1E9082300238B62012396
:104FE0004B7501F8144F8379012B00D1CA61827986
:104FF000006806F019FD002010BD00002DE9FC5FDF
:1050000005680446284606F0C3FE00287DD12068C6
:1050100006F0EAFE002878D0D5F80808C0F30D2085
:10502000C4F8D404206806F0DFFE800704D52068A9
:10503000416901F002014161206806F0D5FEC10618
:1050400004F29C40009034D52068816921F0100161
:1050500081612F6A07F00F0000EBC00004EB8006AF
:10506000C7F3434006F51576022802D0062811D072
:105070001AE047F6F070074216D0C7F30A12174637
:105080002846F16806F0B4FEF0683844F0607069B4
:10509000384408E008222846009906F0A9FE706905
:1050A000C7F30A11084470612068816941F010015A
:1050B0008161206806F098FE00034FF0080B4FF066
:1050C000000A4FF001097CD50026206806F06BFE2F
:1050D000074674E0F80770D0F1B2206806F07CFE55
:1050E0008046C00707D005EB4611C1F8089B314642
:1050F000204604F03FF95FEA087024D505EB46111D
:10510000C1F808BB2068016C00E023E200EB461008
:105110000191D0F8082BFB4B994205D9110403D516
:105120004FF40041C0F8081B204600F0F6FAF5499C
:105130000198884207D9A079012804D1206801216B
:10514000009A06F0EDFB5FEAC86004D505EB461156
:105150001020C1F8080B5FEA88701DD56869000649
:1051600005D5D5F8040840F48061C5F8041806EBAD
:10517000C60004EB800090F8571200F51570012965
:1051800005D180F803A0F1B2204600F0E9F905EB63
:1051900046110220C1F8080B5FEA886004D505EBD0
:1051A00046102021C0F8081B5FEA884005D505EBB2
:1051B00046104FF40051C0F8081B7F08761C002FE2
:1051C00088D1206806F010FE40036ED5206806F0F6
:1051D000E3FD0746002666E0F80762D0F1B22068DA
:1051E00006F0E8FD8046C00723D006F00F01D5F891
:1051F000342809FA01F18A43C5F8342805EB461131
:10520000C1F80899A07901280FD106EBC60004EB7C
:105210008000D0E907211144016236B9606A20B9E3
:1052200020680121009A06F07BFBF1B22046FFF7CF
:10523000C6FD5FEA087003D505EB4611C1F808B951
:105240005FEAC86004D505EB46111020C1F80809D3
:105250005FEA486004D505EB46104021C0F8081904
:105260005FEA887016D53146284606F066FD06EBE3
:10527000C60004EB8000C17D1430012905D180F8FF
:1052800003A0F1B2204600F067F905EB46110220B9
:10529000C1F808095FEA086003D53146204604F0EA
:1052A000CFF87F08761C002F96D1206806F09CFD71
:1052B000002811DAD5F8040820F00101C5F8041817
:1052C00094F8CC0401282BD0204600F00BFA20687B
:1052D000416901F000414161206806F085FD00054B
:1052E0000BD5D5F80808C00702D0204600F03EFADA
:1052F0002068416901F400614161206806F074FD95
:10530000C00467D5D5F8040820F00100C5F80408EA
:105310001021206806F011FD00214FF67F3220E0B9
:1053200084F8CCA400212046FFF71EFDCFE700BF84
:1053300005EB4110C0F80829D0F8003923F4001318
:10534000C0F80039C0F8082BD0F8003B23F4001354
:10535000C0F8003BD0F8003B43F00063C0F8003BCE
:10536000491C20798842E3D8D5F81C0840F0011187
:10537000C5F81C18E07B002828460DD0D0F884081A
:1053800040F00B01C5F88418D5F8440840F00B0133
:105390002846C5F844180DE0D0F8140842F22B0155
:1053A0000843C5F81408D5F8100840F00B0128464A
:1053B000C5F81018D0F8000820F4FE61C5F80018F0
:1053C000A1792068009A06F0ABFA2068416901F4DF
:1053D00080514161206806F007FD800415D52068E2
:1053E00006F0EAF8206806F0C6FCE07100F090FADA
:1053F0000146E279206806F059FD204600F05CF98C
:105400002068416901F400514161206806F0ECFC1C
:10541000000707D5204600F069F92068416901F0CE
:1054200008014161206806F0DFFC000616D5A86976
:1054300020F08001A96101260DE000BF06EBC60047
:1054400004EB800090F85702012803D1F1B2204606
:10545000FFF7CCFC761C2079B042EFD8206806F02C
:10546000C3FCC0021FD501264F4614E005EB4610D1
:10547000D0F8001906EBC60004EB8002107E01286C
:1054800008D1002906DAF0B240F08001D775204635
:10549000FFF7ACFC761C2079B042E7D82068416960
:1054A00001F480114161206806F09EFC800234D531
:1054B00001204A4629E000BF05EB4011D1F8001B4E
:1054C00000EBC00304EB830393F85862012E1BD159
:1054D000002919DA94F8D46401F4803106F0010649
:1054E000B14211D183F85722A96941F08003AB6121
:1054F0006969090608D4D5F8040840F40070C5F8B5
:10550000040805E00A30544F401C21798142D3D869
:105510002068416901F400114161206806F064FCD3
:10552000400007D52046FFF746FC2068416901F09E
:1055300080414161206806F057FC40070AD5206889
:105540004568680702D52046FFF74CFC2068416893
:1055500029434160BDE8FC9FD0F8E00405F0E7BCBA
:10556000D0F8E00405F0F7BCF8B5040005D094F8D5
:1055700095042668002510B106E00120F8BD84F8E6
:105580009454204600F056F8032084F89504B6F1B0
:10559000A04F00D1A571206806F0BCF9207C8DF8E1
:1055A000000094E80F0006F015F80226B8BB0021B1
:1055B000206806F03CFC90BB002001270DE000BFF6
:1055C00000EBC00104EB81014F750875C8850D76AD
:1055D000CD610D62401CC0B24D6221798142EFD88D
:1055E000002011E000EBC00104EB810181F855526D
:1055F00081F8540281F85852C1F85C52C1F86052E7
:10560000401CC0B2C1F8645221798142EAD8207CA2
:105610008DF8000094E80F0006F0BEF810B184F891
:105620009564AAE7657484F89574206806F0A6F876
:105630000020F8BD10B586B0044614216846FAF77C
:1056400069FE2068B0F1A04F2FD1194800210268EF
:1056500042F001020260006800F0010005904FF482
:10566000C05000900220CDE90101032003900A20E0
:10567000049069460F48FFF797F90D48001D01682F
:1056800041F0800101600A481430016841F4804112
:1056900001600068002200F480400590052143204D
:1056A000FFF71EFB4320FFF70DFB06B010BD000007
:1056B000303802400000024070B50446C079012530
:1056C00070B1022801D0FDF759FC2946D4F8E00456
:1056D00005F0AFFCD4F8E004BDE8704005F064BC10
:1056E0000025F2E7D0F8E00405F08CBCD0F8E00427
:1056F00005F092BC10B5044690F8940401280AD035
:10570000012084F894046174206806F0BEFB002038
:1057100084F8940410BD022010BDD0F8E02400F2FB
:105720009C41104605F091BC10B50446006894F801
:105730009414012909D0012184F89414C168490600
:1057400009D5617B012902D005E0022010BD816BE3
:1057500041F480318163206806F0CDFA206805F0BD
:10576000FFFF002084F8940410BD000010B504462B
:10577000D0F8E00405F0ABFC2068D0F8001E41F042
:105780000101C0F8001EE07A002804D00248016838
:1057900041F00601016010BD10ED00E02DE9F04779
:1057A0000E46050065D0DFF81481D8F80000F7B286
:1057B00000F00700B04207D288F80070D8F8000067
:1057C00000F00700B04254D128683D4C810712D543
:1057D000400703D5206840F4E05020602878000797
:1057E00003D5206840F4604020602068A96820F05C
:1057F000F000084320602878C0072DD03049686841
:105800000839012812D0022813D0032811D00968C2
:10581000890700292DDA216821F003010143216065
:10582000FFF7C0F9814641F2883A0EE00968890322
:10583000EFE709688901ECE7FFF7B4F9A0EB09018C
:10584000514502D90320BDE8F0872068696800F05F
:105850000C00B0EB810FEFD1D8F80010404601F0FA
:105860000701B14207D90770006800F00700B04295
:1058700001D00120E7E72878400705D52068E968CE
:1058800020F4E050084320602878000706D52068FF
:10589000296920F4604040EAC100206000F05EF811
:1058A0002168084AC1F30311515CC84006490860E9
:1058B00006480068FFF79EF90020C4E7003C02405C
:1058C000083802403CEC0008B4000020AC00002086
:1058D0000F2202600C4A136803F00303436013684D
:1058E00003F0F0038360136803F4E053C3601268AD
:1058F0004FF4E05303EAD20202610448006800F06A
:10590000070008607047000008380240003C024071
:105910000148006870470000B400002004480549B1
:1059200000680968044AC1F38221515CC84070478D
:10593000B4000020083802404CEC00080448054937
:1059400000680968044AC1F34231515CC84070479D
:10595000B4000020083802404CEC0008154810B58F
:10596000006810F00C02144813D01449042A0FD018
:10597000082A0ED10F4C241F2268236802F03F0230
:105980005B0207D52068C0F38810A0FB010106E088
:10599000084610BD2168C1F38811A1FB0001002356
:1059A000FAF76EFC2168C1F30141491C4900B0FBC4
:1059B000F1F010BD083802400024F400001BB700CD
:1059C0002DE9F84F04006ED02078DFF84C93C00723
:1059D000A9F104054AD009F104000168C1F381016D
:1059E000012908D00068C0F3810002280AD1D9F843
:1059F0000000400206D52868800337D5606800287B
:105A0000E1D033E06068B0F5803F10D0B0F5A02F52
:105A1000286810D020F480302860286820F4802086
:105A200028606068A8B1FFF7BDF806460DE0286859
:105A300040F48030F4E740F480202860F7E700BFAE
:105A4000FFF7B0F8801B642873D828688003F7D567
:105A50000CE0FFF7A7F8064605E000BFFFF7A2F845
:105A6000801B6428F0D828688003F7D42078DFF8FA
:105A7000AC8280074FF0000A3ED5A748001D0168A0
:105A800011F00C0F08D00068C0F3810002280BD180
:105A9000D9F80000400207D42868800716D5E068CE
:105AA000012800D112E033E1E068B8B10120C8F864
:105AB0000000FFF777F8064605E000BFFFF772F831
:105AC000801B0228C0D828688007F7D5286821697C
:105AD00020F0F80040EAC10028600DE0C8F800A0FE
:105AE000FFF760F8064604E0FFF75CF8801B022829
:105AF0001FD828688007F7D42078000722D5864F62
:105B000087486169703771B101210160FFF74AF878
:105B1000064604E0FFF746F8801B022809D83868DB
:105B20008007F7D50EE0C0F800A0FFF73BF8064667
:105B300005E082E0FFF736F8801B02287DD8386840
:105B40008007F7D42078400768D5DFF8CCB100276C
:105B50000BF13C0BDBF80000C0000BD4DBF80010AD
:105B600041F08051CBF80010DBF80000012700F075
:105B7000805000906B4E3068C00510D4306840F4FF
:105B800080703060FFF70EF8009005E0FFF70AF82C
:105B90000099401A022850D83068C005F6D55E4EEC
:105BA000A0686C3601280FD00528306810D020F08E
:105BB00001003060306820F004003060A068B8B1A7
:105BC000FEF7F0FF00900FE0306840F00100F4E7CE
:105BD00040F004003060F7E7FEF7E4FF0099411A57
:105BE00041F28830814266D830688007F4D50EE0F3
:105BF000FEF7D8FF009007E0FEF7D4FF0099411AA6
:105C000041F28830814256D830688007F4D42FB1F1
:105C1000DBF8001021F08051CBF80010A069C8B368
:105C20003D49091D0968C1F3810102294AD00228B2
:105C3000504607D0C8F8600000E03CE0FEF7B2FF35
:105C400004463BE04746C8F86000FEF7ABFF064657
:105C500005E000BFFEF7A6FF801B02282BD82868AE
:105C60008001F7D4D4E907010843A16A2E4A490804
:105C700002EB0141626A41EA8211084394F82C1058
:105C800040EA0161C9F8001001203866FEF78AFF7A
:105C9000044606E03EE000BFFEF784FF001B02283A
:105CA00009D828688001F7D534E000BFFEF77AFFF5
:105CB000001B022802D90320BDE8F88F2868800164
:105CC000F4D427E00128F7D0D9F80000E26900F405
:105CD000800191421CD1226A00F03F01914217D10C
:105CE00047F6C071626A0140B1EB821F10D1A26A0F
:105CF0004FF0FF3300F4403103EB5202B1EB024F9F
:105D000006D194F82C1000F07060B0EB016F01D058
:105D10000120D1E70020CFE70438024000004742CD
:105D2000800E4742007000400000FFFF70470000F7
:105D300038B5016804464A688868C043430606D5FA
:105D4000C30704D1D3435B0601D4216C05E083076C
:105D500008D4D3431B0605D4616C01B02046BDE8CE
:105D600030400847830603D5430601D5C30551D407
:105D7000D3439B064ED443060AD494F85130032BE8
:105D800049D0636D43F004036365CB688B6800936F
:105D9000830609D4636D43F0010363658B68009348
:105DA0000B6823F040030B60C00506D4606D40F023
:105DB00008006065206880680090606D002829D028
:105DC0002068416821F0E0014160012084F8510021
:105DD000900701D4D00722D02068416821F0030148
:105DE0004160114DE06C40B10565E06CFEF78EFB43
:105DF00018B1606D40F040006065A06C002809D0CB
:105E00000565A06CFEF782FB002803D0606D40F0B2
:105E10004000606538BDC8688868009038BD20467D
:105E2000FFF784FF38BD00002999000870B5040011
:105E300009D0606A002540B125616561A56294F8CA
:105E4000510040B10CE0012070BD6068B0F5827F68
:105E5000F4D0E561F2E784F85050204600F044F8B1
:105E6000022084F851002068016821F0400101609F
:105E7000A088218900F4827001F404410843A189BB
:105E800001F400610843217C01F002010843217DF7
:105E900001F001010843218B01F400710843217FC7
:105EA00001F03801084394F8201001F08001084304
:105EB000218D01F40051084321680860A069042184
:105EC00001EA104094F8241001F010010843216801
:105ED00048602068C16921F40061C16165650120E5
:105EE00084F85100002070BD2DE9F04387B00646CC
:105EF00014216846FAF70EFA3949306888426CD1A5
:105F000038480024016841F480510160006800F4C1
:105F10008050059033481438016841F00201016057
:105F2000016801F002010591016841F00101016081
:105F30000068022500F0010005901820CDE9000559
:105F400002AA03274FF0050882E890016946264817
:105F5000FEF72AFD8020CDE9000502AA694682E805
:105F600090012248FEF720FD224D21487F0628603F
:105F7000C5E901744FF48068C5E903486C614FF4CA
:105F80000039AC61C5E9074928466C62FEF7A0FB01
:105F900008B1FCF7F3FFF564AE63164D14486035A5
:105FA0004830E5E802074020A5E81101114845F80E
:105FB00014496030AC61C5E907496C62FEF788FBA3
:105FC00008B1FCF7DBFFB564002201212320AE639A
:105FD000FEF786FE2320FEF775FE07B0BDE8F083CE
:105FE00000300140443802400004024000000240FA
:105FF00010640240D43800202DE9FF4F81B00446E0
:1060000090F8500000260E9F1D4693464FF0010960
:1060100001280FD04FF0010A84F850A0FEF7C2FD0E
:10602000804694F85100616801280DD0B1F5827F57
:1060300008D103E0022005B0BDE8F08FA16809B9DE
:10604000042801D00226C9E00298002865D0BBF1DF
:10605000000FFBD0002DF9D094F85100042802D095
:10606000052084F8510000206065C4F838B0E58749
:10607000A58702992163E586A5862064606420686F
:106080000168490603D4016841F040010160E068FD
:10609000B0F5006F606803D0F0B3012D47D081E008
:1060A00008B1012D3CD1206B21680088C860206BAD
:1060B000801C2063E08E401EE08631E0206881680D
:1060C00089070FD5E18E69B1B9F1010F0AD1216BB2
:1060D0000988C160206B801C2063E08E401EE08632
:1060E0004FF0000920688168C9070CD0E18F51B1D9
:1060F000C068A16B0880A06B801CA063E08F401E6D
:10610000E0874FF00109FEF74DFDA0EB0800B84213
:1061100006D3781C04D001E009E05BE003265BE0D5
:10612000E08E0028CAD1E08F0028C7D140E0206B64
:10613000216800780873206B401C2063E08E401EAD
:10614000E0862FE02068816889070FD5E18E69B16C
:10615000B9F1010F0AD1216B09780173206B401C42
:106160002063E08E401EE0864FF0000920688168C1
:10617000C9070CD0E18F51B1C068A16B0870A06B4A
:10618000401CA063E08F401EE0874FF00109FEF73E
:1061900009FDA0EB0800B84202D3781C02D0BAE790
:1061A000002FB8D0E08E0028CCD1E08F0028C9D1D4
:1061B00042463946204603F0BFFB18B10126202095
:1061C00060650BE0A06818B92068C168806800901D
:1061D000606D08B1012601E084F851A0002084F828
:1061E0005000304627E77047704710B590F83C20C4
:1061F000012A22D0012280F83C20CA688C6822F44F
:10620000407222434C6822F4806222430C6822F4DC
:10621000006222430C6922F4805222434C6922F42A
:1062200000522243C969002322F480420A430168D4
:106230004A6480F83C30002010BD022010BD0000F0
:1062400070B590F83C20012A32D0012480F83C40FF
:10625000022280F83D2003685A689D6822F070068B
:106260000A6832435A60134B02689A4214D0B2F162
:10627000804F11D0104B9A420ED0104B9A420BD047
:106280000F4B9A4208D00F4B9A4205D00E4B9A42C0
:1062900002D00E4B9A4204D1496825F0800319437D
:1062A000916080F83D40002180F83C10084670BDA8
:1062B000022070BD000001400004004000080040C2
:1062C000000C004000040140004001400018004064
:1062D00010B5040003D094F83D0010B107E0012090
:1062E00010BD002084F83C00204600F01FF802207A
:1062F00084F83D00211D206803F08EFD012084F804
:10630000460084F83E0084F83F0084F8400084F89A
:10631000410084F8420084F8430084F8440084F883
:10632000450084F83D00002010BD000008B500685D
:106330000C49884208D10C48016841F020010160F5
:10634000006800F020000BE00849884209D10648A7
:10635000001D016841F400310160006800F4003064
:10636000009008BD00140040403802400044014045
:1063700090F83D10012901D001207047022180F8DA
:106380003D1000681149884214D0B0F1804F11D0FF
:106390000F4988420ED00F4988420BD00E498842DF
:1063A00008D00E49884205D00D49884202D00D49D7
:1063B000884204D1816801F00701062903D00168F1
:1063C00041F0010101600020704700000000014021
:1063D0000004004000080040000C004000040140A0
:1063E000004001400018004090F83D10012901D004
:1063F00001207047022180F83D100168CA6842F010
:106400000102CA6000681149884214D0B0F1804F7F
:1064100011D00F4988420ED00E4988420BD00E4948
:10642000884208D00D49884205D00D49884202D0E3
:106430000C49884204D1816801F00701062903D084
:10644000016841F001010160002070470000014037
:106450000004004000080040000C0040000401401F
:10646000004001400018004070472DE9F04104460B
:106470000068C66805694FF00007A90713D5B10782
:1064800011D5F91E016101202077206880698007FD
:10649000204602D0FFF7E8FF04E000F0D9F82046DC
:1064A00000F08CF92777680716D5700714D5216896
:1064B0006FF004000861022020772068806910F4E2
:1064C000407F204602D0FFF7CFFF04E000F0C0F885
:1064D000204600F073F92777280715D5300713D524
:1064E00021686FF008000861042020772068C069E7
:1064F0008007204602D0FFF7B7FF04E000F0A8F8BD
:10650000204600F05BF92777E80616D5F00614D58B
:1065100021686FF010000861082020772068C069AA
:1065200010F4407F204602D0FFF79EFF04E000F009
:106530008FF8204600F042F92777E80708D0F007E7
:1065400006D021686FF001000861204600F09CF938
:10655000280608D5300606D521686FF0800008614E
:106560002046FFF740FE680608D5700606D521686C
:106570006FF040000861204600F090F9A8060AD5A7
:10658000B00608D521686FF0200008612046BDE8FC
:10659000F041FFF729BEBDE8F081000030B587B0BB
:1065A000044614216846F9F7B5FE2268214C002103
:1065B00021480223A24210D1026842F00802026080
:1065C000006800F00800059058030090CDE9013103
:1065D000CDE903136946194813E0194D0324AA4273
:1065E00013D1026842F480720260006800F4807087
:1065F000059080200090CDE90131CDE90314694672
:106600001048FEF7D1F907B030BD0F4DAA42FAD1BC
:10661000026842F020020260006800F0200005904D
:1066200040200090CDE90131CDE9031469460748C7
:10663000E7E700000008004030380240000C02404C
:1066400000040140002002400044014000140240C8
:10665000704770B5044690F83C0000260D460128AE
:106660000FD0012084F83C006AB1042A1DD0082A0A
:106670002FD00C2A3FD00126002084F83C00304661
:1066800070BD022070BD206803F040FC2068816965
:1066900041F0080181612068816921F00401816174
:1066A000206881692A69114311E0206803F05EFCCB
:1066B0002068816941F4006181612068816921F469
:1066C00080618161206881692A6941EA02218161D2
:1066D000D2E7206803F080FC2068C16941F008011E
:1066E000C1612068C16921F00401C1612068C169EC
:1066F0002A69114311E0206803F0A2FC2068C169F7
:1067000041F40061C1612068C16921F48061C16107
:106710002068C1692A6941EA0221C161ACE710B56C
:10672000040003D094F83D0010B107E0012010BD33
:10673000002084F83C00204600F01EF8022084F877
:106740003D00211D206803F067FB012084F846000E
:1067500084F83E0084F83F0084F8400084F841004B
:1067600084F8420084F8430084F8440084F845002B
:1067700084F83D00002010BD08B500680C4988422F
:1067800008D10C48016841F004010160006800F084
:1067900004000BE00849884209D10648001D016841
:1067A00041F002010160006800F00200009008BDA5
:1067B00000080040403802400004014070470000DB
:1067C00010B50446022249B104290ED0082913D07D
:1067D00094F84100012816D0012010BD94F83E0025
:1067E0000128F9D184F83E200FE094F83F000128F9
:1067F000F2D184F83F2008E094F840000128EBD162
:1068000084F8402001E084F841200122206803F050
:106810006FFB16492068164A884201D0904203D186
:10682000436C43F4004343642068884213D0B0F1C2
:10683000804F10D00F4988420DD00F4988420AD0AE
:106840000E49884207D0904205D00D49884202D0B7
:106850000C49884204D1816801F00701062903D060
:10686000016841F001010160002010BD00000140FD
:10687000000401400004004000080040000C0040FB
:10688000004001400018004000680349884201D1DF
:10689000FEF78EB970470000001000407047704747
:1068A00070470000F8B5016804460868CA684B697B
:1068B00010F00F0F4FF0000559D003F0010602F45D
:1068C0009077374365D0C10705D0D10503D5616CFA
:1068D00041F001016164410705D5D90703D0616C1E
:1068E00041F002016164810705D5D90703D0616CCD
:1068F00041F004016164010707D502F02001314332
:1069000003D0616C41F008016164616C00293AD0E8
:10691000800604D5900602D5204603F093FC20683B
:106920004069616CC0F38010090700D460B3204651
:1069300003F053FC20684069400621D520681430DC
:1069400050E8001F21F0400140E80012002AF5D174
:10695000E06BA8B16E490165E06BFDF7D7FD00283B
:1069600011D0E06B016D01B0BDE8F040084783062F
:106970000FD593060DD52046BDE8F84003F062BC64
:106980002046FFF78DFFF8BD2046FFF789FF6564BD
:10699000F8BD266B2023012E7DD1C6067BD5D606F9
:1069A00079D508684868009048694FF002064006AB
:1069B00041D5E16B086840680004000CE8D0A28D66
:1069C0008242E5D9E085C869B0F5807F2DD0206886
:1069D0000C3050E8001F21F4807140E80012002ABA
:1069E000F5D12068143050E8001F21F0010140E883
:1069F0000012002AF5D12068143050E8001F21F061
:106A0000400140E80012002AF5D184F842302563A5
:106A100020680C3050E8001F21F0100140E80012FF
:106A2000002AF5D1E06BFDF728FD6663A08DE18DAE
:106A3000401A81B22AE0A08DE18D401A81B2E08D2A
:106A40000028A5D00029A3D022680C3252E8000FFC
:106A500020F4907042E80007002FF5D12068143030
:106A600050E8002F22F0010240E80027002FF5D166
:106A700084F84230256320680C3050E8002F22F063
:106A8000100240E80023002BF5D166632046FFF793
:106A900006FFF8BDFFE705062BD5150629D594F8A6
:106AA00041002128F5D1A068B0F5805F01D12069AF
:106AB000B0B1206A411C2162216800784860E08CF6
:106AC000401E0004000CE084E3D12068C16821F07E
:106AD0008001C1602068C16841F04001C160D8E711
:106AE000206A0088C0F308004860206A801C206289
:106AF000E5E74006CDD55006CBD5CA68204622F042
:106B00004002CA6084F8413000F0A8F9C1E70000F3
:106B100091A0000870B5040004D094F8410000254D
:106B200010B106E0012070BD84F84050204600F00E
:106B300023F8242084F841002068C16821F4005122
:106B4000C160204603F0E0FB2068016921F4904118
:106B500001612068416921F02A0141612068C16812
:106B600041F40051C1606564202084F8410084F83C
:106B700042006563002070BD2DE9F04F87B00446E8
:106B800014216846F9F7C6FB7A48DFF8E481143827
:106B9000D4F800C0774902270322072300250615F1
:106BA0004FF0006A4FF4807BC4454CD1D1F800C04F
:106BB0004CF0100CC1F800C0096801F010010591FB
:106BC000016841F002010160016801F002010591D4
:106BD000016841F0010101600068CDE9025200F056
:106BE000010005908020CDE900079146984669464E
:106BF00004936148FDF7D8FE7010CDE90007CDE998
:106C000002596946CDF810805C48FDF7CDFE5D4F16
:106C10005B483860C7E901A5C7E903567D61C7E94C
:106C2000065BF001C7E908053846FDF751FD08B1DC
:106C3000FCF7A4F9E763002205212520BC63FEF7D9
:106C40004FF8252090E0DFF84081C44538D149490C
:106C5000091FD1F800C04CF4802CC1F800C00968AD
:106C600001F480210591016841F004010160006890
:106C7000029500F0040005904FF44060CDE9000754
:106C800069464248CDE90323FDF78EFE3D4F40485B
:106C900060373860C7E901A5C7E903567D61C7E9D8
:106CA000065B4FF40030C7E908053846FDF710FDD4
:106CB00008B1FCF763F9E763BC6307B0BDE8F08F88
:106CC000344B9C45F9D10B6843F020030B600968F5
:106CD00001F020010591016841F040010160006868
:106CE000029500F0400005904FF48440CDE9000784
:106CF0000820CDE9032069462748FDF755FE214FBE
:106D00001F48C037183838604FF02069C7E901952F
:106D1000C7E903567D614FF48038BD61C7E9075864
:106D200038467D62FDF7D4FC08B1FCF727F9E7632C
:106D3000BC631348194F6030E7E80209402061C77F
:106D4000164847F81459BD61C7E907587D62FDF739
:106D5000BFFC08B1FCF712F9A7630022012147200C
:106D6000BC63FDF7BDFF4720FDF7ACFFA5E70000C2
:106D7000001001404438024000040240000002407C
:106D8000406402408C3B0020004800400008024064
:106D9000286002400014014000180240AC3C002072
:106DA00090F84230202B01D00220704721B11AB157
:106DB0000023036303F02EBB0120704700680649DF
:106DC000884202D1012002F031BA0449884201D13F
:106DD00002F0EEBC70470000001001400048004087
:106DE0007047000070B5044690F84100202801D09B
:106DF000022070BD49B342B32162A284E284002024
:106E00006064212384F84130A56B114BEB63A56BC3
:106E1000104B2B64A56B104BEB64A36B18652568B6
:106E200013462A1DA06BFDF7BDFC21686FF04000E2
:106E300008602068143050E8001F41F0800140E8ED
:106E40000012002AF5D1002070BD012070BD0000A5
:106E50008FA10008D1A10008A1A0000870477047C9
:106E600070B5044600203C4D2074A27B28886168E0
:106E70004243D4F8F400F9F734FAA17B288841435F
:106E80006068F9F747FAA07B10FB00F128884143BE
:106E9000D4F81801F9F73EFA207BA17B10FB01F131
:106EA00028884143D4F80C01F9F734FA00202BE08C
:106EB000D4F8F41001EB800292ED000AB5EEC00A9E
:106EC000F1EE10FA1ED0227C01EB820181ED000A66
:106ED000227C616A8854A169227B01EB8001237CBA
:106EE00091ED000A6169095C12FB03116FF0030266
:106EF00002EB8101D4F80C21114481ED000A217CC0
:106F0000491C2174401CC0B2A17B8142D0D8002012
:106F100010E0636AE2691B5C02EB830292ED000AF7
:106F200010FB0101D4F81821401C02EB8101C0B212
:106F300081ED000A217C8142EBD8C8B224F8780F99
:106F400014F86C0C6080208161812183618320842E
:106F5000618424F8301C70BD080200202DE9F04146
:106F600000242DED028B0D460746DFED128A4E1EE2
:106F7000B6EE008A17E000BF00EE104AB8EEC00A75
:106F800060EE280A00EE106AB8EEC01A80EE810AA0
:106F9000F9F79CFEF0EE480A07EB840040EE480A41
:106FA000641CC0ED000AAC42E6DBBDEC028BBDE820
:106FB000F0810000DB0FC940FEE7000010B5044679
:106FC0002DED048BD0F8EC00D0ED009A90ED019AF5
:106FD000D0ED028A29EEA90A90ED038A09EE090A8A
:106FE00008EEA80A08EE080A06F0FCFC5FF00000B4
:106FF000D4F8EC1001EB8001401CD1ED000AC0B2C6
:10700000042860EE800AC1ED000AF1D33E48D4F8AE
:10701000001190ED6F0A60EE090AB6EE000A60EE0C
:10702000800AC1ED040AD0ED6F0AD4F8001160EEB9
:10703000A80A60EE800AC1ED050AD0ED6F0AD4F807
:10704000001120EEA91AFEEE000A21EE201A81EDB1
:107050000A1A90ED6F1AD4F8001121EE081A21EEE9
:10706000001A81ED0B1A90ED6F1AD4F8001121EE81
:10707000081A21EE201A81ED101A90ED6F1AD4F83B
:10708000001121EE291A21EE201A81ED111A90ED3E
:107090006F1AD4F8001121EE281A21EE000A81EDB2
:1070A000160A90ED6F0AD4F8001120EE090A20EEBE
:1070B000200A81ED170AD4F8F810D0ED740A91ED8A
:1070C0001C0A80EE201A81ED1C1AD4F8F810D0EDBD
:1070D000740A0E4891ED230A80EE201A9FED0C0AE7
:1070E00081ED231AD4F8F8100A6F824201DD81ED98
:1070F0001C0AD4F8F810D1F88C20824201DD81ED11
:10710000230ABDEC048B10BDF8A6002000401C46ED
:1071100000401C4670B52C4C01252DED028B04F56A
:10712000D8702570B7EE008A80EC030A00209FED2E
:10713000270A84ED730A84F83801C4E95000C4E9D1
:10714000520011EE900AB0F17E5F01DDF0EE481AB8
:10715000C4ED741A84ED642A032300220621201D45
:1071600000F048FF1A4B01221146A3F10800F9F77D
:107170005CFE54F8EC0F9FED170A902280ED008A18
:1071800054F86409184980ED010A606E80ED020A26
:10719000606E80ED030A1048A0641048E064104857
:1071A00020651048606504F85A5C04F8595CE06F8B
:1071B000F9F797F8606F9022BDEC028B0B49BDE8A0
:1071C0007040F9F78EB80000F8A6002077CC2B327B
:1071D000C0A8002000000000F1710008BD6F000889
:1071E00025720008B176000854EC00085002002017
:1071F00010B50446902254F8F81F0848F9F771F8C2
:1072000048220748616AF9F76CF805486169482225
:10721000BDE810404830F9F764B800005002002083
:10722000D8A8002070B50446B0EE000A54F8EC0F60
:107230002B4DD0ED000A60EE800AC5ED090AD0EDB5
:10724000010A60EE800AC5ED0A0AD0ED020A60EE7E
:10725000800AC5ED0B0AD0ED030A20EE800A85ED09
:107260000C0A14F8DE0C14F8E01C10FB01F11D48A8
:1072700000884143206AF9F74DF8D5ED0B1A206AD2
:10728000B1EE612A80ED002A206AD5ED0C0AC0ED2E
:10729000010A95ED090A206AB1EE401A80ED021A42
:1072A000206A95ED0A1A80ED031A206A80ED061A0D
:1072B000206A80ED070A206AC0ED080A206AC0ED46
:1072C000091A206A80ED0C0A206AB1EE410A80EDAD
:1072D0000D0A206A80ED0E2A206AC0ED0F0A70BDEB
:1072E0000C0200200802002070B5E74C2DED088B41
:1072F000B0EE438AB0EE629AB0EE42AAF0EE61AA16
:107300002078B0EE41BAF0EE609AF0EE40BADFEDD0
:10731000DF8A58B9B0EE682AF7EE001A9FEDDC1A42
:10732000DFEDDC0AB2EE040AFFF7F4FE84ED6F8AAB
:1073300094ED580AF6EE001AD74D7BEEC00A902263
:10734000D649C4ED5B0A94ED590A60EEA10A39EE04
:10735000C00A60EE880A84ED5C0A94ED5A1A20EEA9
:10736000210A3BEE411A20EE080A84ED5D1AC5EDB4
:10737000000A85ED010A21EE210A20EE080A85EDBA
:10738000020AD4F8040104F58274F8F7AAFFD5EDD7
:10739000001A2068F1EE612AC0ED012A95ED012A5C
:1073A0002068F1EE420AC0ED020A95ED021A20684B
:1073B000B1EE410A80ED030A2068C0ED061A20688C
:1073C00080ED081A2068C0ED090A206880ED0C2ABB
:1073D000206880ED0D0A2068C0ED0F1A206880ED4E
:1073E000121A206880ED132A54F8440BC0ED142AB9
:1073F00074E85210014305D1C4ED5EAA84ED5FAA82
:1074000084ED609A94ED5E0AD4ED640A94ED6F1AEF
:1074100020EE202A31EE200AC2EE001A21EE2A2A9E
:10742000C2EE002A71EEA21AC4ED5E1A94ED5F2A34
:1074300062EE202A82EE802A61EE0A2A21EE091AE3
:1074400082EE803A32EE032A84ED5F2AD4ED602A80
:1074500062EEA02AC2EE800AC1EE002A21EEA10A45
:1074600002EE020A70EEA20AC4ED600A00EEA00A63
:1074700006F0B8FA85ED030A5FF0000004EB800126
:10748000D1ED5E0AA16801EB800160EE800A401C2C
:10749000C0B2C1ED000A0328F0D394ED5B0AD4ED2D
:1074A0005C0A20EE000A00EEA00AD4ED5D0A00EEB0
:1074B000A00A06F097FAB7EE008A7949C8EE000AEA
:1074C000C4ED650A95ED031A10EE900A88EE010AE4
:1074D000884284ED660A0BDA10EE100A7149884280
:1074E00006DD10EE100A7049884201DA012000E042
:1074F000002084F8390194ED6C0AD4ED6F0AD4F8B9
:10750000180120EE200A80ED000A94ED6C0AD4EDFB
:107510006F0AD4F8180120EE200A80ED070A94EDD6
:107520006C0AD4ED6F0AD4F8180120EE200A80ED21
:107530000E0A94ED6C0AD4ED6F0AD4F8180120EE0F
:10754000200A80ED150A94ED6D0AD4ED6F0AD4F887
:10755000180120EE200A80ED1C0A94ED6D0AD4ED8E
:107560006F0AD4F8180120EE200A80ED230AD4F81F
:107570001C0194ED6E0A80ED000AD4F81C0194ED14
:107580006E0A80ED040AD4F81C0194ED6E0A80EDB9
:10759000080A201D01F018F854F8040F90ED001AA5
:1075A00084ED531A90ED010A61EE012A84ED540A2C
:1075B00090ED022A84ED552AD0ED031A40EE002A00
:1075C000C4ED561AD0ED040A21EE211AC4ED570A73
:1075D000D0ED050AC4ED580A00EE021AC4ED598A2E
:1075E000F0EE008AF0EE480ACC3452EEA80A21EE02
:1075F000280A05F021F89FED2D9AF0EE480A20EEBA
:10760000090A84ED360A94ED200A94ED231A60EEFF
:10761000001A41EE011A51EEA80AD4ED211A20EE0B
:10762000210AD4ED221A01EE810A20EE280A05F083
:1076300003F820EE090A84ED350A94ED210AD4ED11
:10764000230A94ED221A20EE200AD4ED200A00EE3F
:10765000C10AF8EE000A20EE200A04F057FF20EEDF
:10766000090A84ED340A94ED360A84ED370A84ED74
:10767000420AD4E91E01401C41F10001C4E91E0187
:10768000BDEC088B70BD0000F8A6002000000000D3
:107690008096184B6F12833A0C02002054EC0008BD
:1076A000CDCCCC3DCDCC1441CDCC2441E12E654296
:1076B0002DE9F84F00F1800104467830054600912D
:1076C000F9F71EFE84F8C800B4F87800A4F8A80002
:1076D000B4F85A00A4F8AA0004F1A80204F1580171
:1076E00091468B462846F9F70DFD84F8C800B4F89A
:1076F000A800A4F8B000B4F88200A4F8B20004F125
:10770000B002904648460099F9F7FCFC84F8C8009E
:10771000B4F89000A4F8A000B4F89200A4F8A20075
:1077200004F1A002154604F190014046F9F71EFB52
:1077300084F8C80041462846B034F9F77BFB207630
:10774000E16BBF480126D1ED001AB0EE002AC0ED72
:107750000D1AD1ED010A0027C0ED0E0A91ED020AC3
:10776000B84D80ED0F0A91ED031A80ED101A60EE0E
:10777000812A34F8380C2081668141EEC02AE06FFE
:1077800062EE822AC0ED002A61EEA02A61EEA11A03
:10779000E06F40EE012A40EEE01A22EE822A40EE2F
:1077A000401A80ED012AE06FB4F1B00441EE011AF5
:1077B000C0ED021AD4F82C0100EB870090ED000A0E
:1077C000B0EEC00A04F016FE05EB87007F1CFFB286
:1077D00080ED610A032FEDD3B4F84800A4F8C0008F
:1077E00004F1C00204F1B801A4F8C26017468A4649
:1077F00004F14800F9F724FD84F8C800B4F8C0008B
:10780000A4F8A80024F8AA6F4A4639464046F9F77A
:1078100079FCA077E681E08A208251463846F9F764
:107820006FFDA077884A49465046F9F76BFCA07770
:1078300095ED730AB6EE001AD5ED720A20EE011A24
:10784000AA3CF4EEC10AF1EE10FA01D285F83861D3
:10785000F4EEC00A0020F1EE10FA35DD95F838118B
:1078600089B395F8391139B1D5E95021521C41F14C
:107870000001C5E9502102E00021C5E95011D5E918
:1078800050234FF0320C0021BCEB0202994102D28E
:1078900085F8380136E06D4D14F80C2F28884243E6
:1078A000D4E937017434F8F71CFD14F8740C10FB9C
:1078B00000F228884243D4E91E01F8F712FD04F8CB
:1078C000546CBDE8F88FFFE79FED611A20EE011AB6
:1078D000F4EEC10AF1EE10FA0DDD95F8381151B150
:1078E00070EE600A9FED5B1A20EE010A80EE801AAE
:1078F00085ED671A03E0B7EE000A85ED670A0021FF
:10790000C5E9501184F82C00B4F85800A4F8A80078
:10791000B4F88200A4F8AA004A4658466C3400998C
:10792000F9F7F0FB04F85C0FA4F1300293464146EE
:107930004846C83CF9F7E6FB84F8C80000200DE093
:10794000D4F81C11D5ED670A01EB8001401C91EDC4
:10795000000AC0B220EE200A81ED000AB4F89810A7
:10796000B4F89A2051438142EADC04209FED3A0AA0
:10797000002105EB800C00EB400300BF9CED5D1A7D
:10798000D4F81C2103EB0108C1EE000A02EB8802C7
:10799000491C92ED001AC9B2032960EE810AC2EDBA
:1079A000000AEBD3401CC0B20628E1D334F8980F8C
:1079B00052462084668439465846F9F7A3FB84F87A
:1079C000300095F83801983C50B39FED240ADFED64
:1079D000240A0420D4F8BC1095ED6F1A01EB800145
:1079E00021EE001AD1ED001AF4EEC11AF1EE10FAF0
:1079F00001DD81ED001AD4F8BC1095ED6F1A01EB92
:107A0000800121EE201AD1ED001AF4EEC11AF1EE38
:107A100010FA01D281ED001A401CC0B20628D9D359
:107A2000D4F8BC009FED0F0A04F1300280ED030A88
:107A3000514604F13800F9F799F984F8C80040E795
:107A40000C020020F8A60020B8A8002008020020A0
:107A5000CDCCCC3D6666663FDA0FC93F0AD7233CE2
:107A60000AD723BC000000000648FEF781FC054849
:107A700005490068426A436A9342FCD00A68521C76
:107A80000A60F7E7DC3900202800002030B52DED32
:107A9000048B8FB0B2EE048A9FED4C9ADFED4C8AD6
:107AA0004C4C2068C0ED068A4FF47A6006F02FF83F
:107AB000DFED499A494D642006F029F894ED050A56
:107AC00028EE098AB0EEC00A00EE298A18EE100AE4
:107AD000A842F0DA01214248FAF7C6F90028F9D1A4
:107AE000206801AAC0ED068A3E480190322002902B
:107AF0000020D4F80010242303EB80040C4494ED00
:107B0000000A02EB8004401C84ED020A0328F3DB28
:107B100091ED080A8DED060AFCF722FF40F6B83415
:107B20002046FBF711FB142108A8F8F7F3FB01200E
:107B30000B21CDE90901002108910221CDE90B01BA
:107B40000DA908A8FCF778FE2046FBF7FDFA0023F4
:107B500025490220019AFCF7C5FE23490023091D8F
:107B60000220029AFCF7BEFE1F49002308310220C2
:107B7000039AFCF7B7FE1C4900230C310220049A3B
:107B8000FCF7B0FE1849002310310220059AFCF7DB
:107B9000A9FE1549002314310220069AFCF7A2FE23
:107BA0002046FBF7D1FAFCF793FE2046FBF7CCFA10
:107BB0000E48016821F48031016005F0F1FF06F004
:107BC00010F80FB0BDEC048B30BD00006666663F58
:107BD00000004842BC3D0020D0CCCC3DCDCCCC3DBB
:107BE0007C3800201EEBA88F00F80F082C00002026
:107BF0002DED048B9EB005F09DFF0F9095480DF183
:107C0000480C0EC88CE80E000EC80DF1300C8CE844
:107C10000E000EC80DF1540C8CE80E0007C818AB0E
:107C200083E8070028216846F8F774FB9FED8A0A6D
:107C30008DED000A9FED890A8DED010ADFED888A3E
:107C4000CDED028A9FED878A8DED038A9FED869A9E
:107C50008DED059A9FED850A8DED060A9FED840A4C
:107C6000844C8DED070ACDED088AB2EE000A8DED49
:107C7000090A6946201D01F039FD00217E48FEF702
:107C80009FFD00F009F9002505EB450004EB800697
:107C900006F16C00F3EE040AB0EE480A00F004FEB0
:107CA00006F1A800F2EE040AB0EE480A00F0FCFD6E
:107CB00006F1D800F0EE490AB0EE480A00F0F4FDF3
:107CC0006D1C032DE0DBB0EE682ADFED6C1A9FED32
:107CD0006C1ADFED6C0AB2EE040AFFF71BFADFF84C
:107CE0009891DFF8A4A104F1440B02210FA805F03C
:107CF00015FF2068F9F7E2FF2068D0ED060A90ED45
:107D0000070A201D01F06CFC94ED100A00224FF4CC
:107D1000FA61BDEEC00A10EE100AFAF7A9FCD9F814
:107D200000104863DAF80000C003DED42068B0EE2B
:107D3000483AD0ED001AC4ED181A90ED012A84EDEE
:107D4000192AD0ED022AC4ED1A2A90ED030A84ED17
:107D5000150AD0ED040AC4ED160A90ED051A84ED5B
:107D6000171AFFF7C1FA494B04F1440C0FCB8CE80A
:107D70000F0040495A46FC310CA8FAF743F95A461D
:107D8000434915A8FAF73EF941495A460C3118A85B
:107D9000FAF738F93E495A46283112A8FBF779F824
:107DA000DFF8EC80002508F1280800BF08EB85000B
:107DB00004EB8507D0ED000A97ED180A05EB4500A6
:107DC00004EB800630EE600A06F16C0000F084FDE2
:107DD00096ED1D0A6D1CEDB287ED240A032DE5D347
:107DE0002B495A466C39A1F10C00FAF70BF9002621
:107DF00006EB460004EB800504EB8607D5ED2C8AE4
:107E000097ED150A05F1A80000F066FD95ED2C0A26
:107E1000F0EE480A05F1D80030EE681A81EE200A2B
:107E200087ED330A00F058FD761C032EE0DB19487D
:107E300090ED6A0A84ED4A0A90ED690A84ED490AD8
:107E400090ED680A84ED480A90ED6B0A84ED4B0AC8
:107E50004BE70000E8EB00080000FA430000204276
:107E6000000000006F12033B000048420080BB444A
:107E700000007A44BC3D00206C3A0020C9E57F3FF9
:107E8000002474496F12833A2C00002048A8002077
:107E9000C43E0020F8A6002070B5244C88B0254DC3
:107EA000206840F48030206021482860002122486A
:107EB000F9F7DAFF0028F9D1204E214930688842CD
:107EC00026D1301D282200684621FAF7D1FB00EEAA
:107ED000100A2868B8EEC00A80ED060A00202421A6
:107EE00006EB800201EB800392ED020A2A68401C37
:107EF0001A44032882ED000AF2DB286896ED050A91
:107F000080ED080A206820F48030206008B070BD41
:107F10001C220C496846F8F7E4F90021684605F090
:107F200015FE206840F48030EFE700002C000020B0
:107F3000D4650020BC3D00207C38002000F80F08EC
:107F40001EEBA88FCCEB0008F0B500230A243025E7
:107F500037261F4611E000BFB4EB107F02D905EBB6
:107F6000107C01E006EB107C01F813C001EB430C20
:107F700000015B1C8CF80170DBB29342ECD3F0BDC6
:107F80009FED061A80ED001A80ED051A80ED090AB2
:107F9000C0ED0A0A80ED011A7047000000000000E1
:107FA00090ED001A80ED011AD0ED050AD0ED091A06
:107FB00070EEA10AC0ED030AD0ED0A1A30EEA12A34
:107FC000C0EE821A30EE412AB0EE410AB7EE001A36
:107FD000C0ED061A31EE611A01EE820A61EE200A46
:107FE00080ED020AC0ED040AC0ED050A80ED000A2A
:107FF000704700002DE9F047DFF8DC830D460421CF
:10800000A8F800100821A8F80210057342738373C2
:108010004FF000091E46044680F81090174630467F
:1080200005F0A4FF31466061F8F774F9B8F8000074
:10803000704305F09BFFA061B8F800107143F8F79A
:1080400069F9B8F80000704305F090FFE061B8F8F6
:1080500000107143F8F75EF9B8F80000684305F0C6
:1080600085FF2062B8F800106943F8F753F93046ED
:1080700005F07CFF31466062F8F74CF9B8F8000073
:10808000684305F073FF2060B8F800106943F8F703
:1080900041F9B8F80000704305F068FF6060B8F877
:1080A00000107143F8F736F9B8F80000784305F08E
:1080B0005DFFA060B8F800107943F8F72BF9B8F825
:1080C0000000684305F052FFC4F8E800B8F800105B
:1080D0006943F8F71FF9217B012204F13000D4F83D
:1080E000E830F8F7A2FEB8F80000684305F03EFF5C
:1080F000C4F8EC00B8F800106943F8F70BF9217BDD
:10810000012204F13800D4F8EC30F8F78EFE9FB16C
:10811000B8F80000784305F029FFC4F8F000B8F87B
:1081200000107943F8F7F6F8617B012204F1400072
:10813000D4F8F030F8F779FEB8F80000704305F095
:1081400015FFC4F8F400B8F800107143F8F7E2F82E
:10815000A17B012204F14800D4F8F430F8F765FE61
:10816000B8F800006843684305F000FFC4F8F80061
:10817000B8F8001069436943F8F7CCF8217B04F1A3
:1081800050000A46D4F8F830F8F74FFEB8F800006F
:108190006843684305F0EAFEC4F8FC00B8F8001034
:1081A00069436943F8F7B6F8217B04F158000A46A1
:1081B000D4F8FC30F8F739FEB8F80000684368439B
:1081C00005F0D4FEC4F80001B8F800008834684314
:1081D000684305F0CBFEE067B8F80010A06F694374
:1081E0006943F8F797F8B8F80010E06F69436943FE
:1081F000F8F790F854F8783FA4F1A00014F8F41CB4
:10820000A4F580740A46F8F710FE217B04F168009B
:108210000A46D4F80431F8F708FEAFB1B8F8000008
:108220006843784305F0A2FEC4F80801B8F80010CE
:1082300069437943F8F76EF8627B217B04F17000A3
:10824000D4F80831F8F7F1FDB8F80000474670435C
:10825000684305F08BFEC4F80C01388894346843F9
:10826000704305F083FEE0673988A06F714369436E
:10827000F8F750F83988E06F69437143F8F74AF826
:1082800014F8882C14F8861CA4F11C00A36F943CED
:10829000F8F7CBFDA27B217B04F18000D4F81031EC
:1082A000F8F7C3FD38886843684305F05FFEC4F8FB
:1082B0001401398869436943F8F72CF8217B04F1EC
:1082C00088000A46D4F81431F8F7AFFD38887043B7
:1082D000704305F04BFEC4F81801398871437143AF
:1082E000F8F718F8A17B04F190000A46D4F8183189
:1082F000F8F79BFD38886843704305F037FEC4F8F3
:108300001C01398869437143F8F704F8A27B217B8B
:1083100004F19800D4F81C31F8F787FD207B10FB9E
:1083200000F03988484305F021FEC4F82001207B85
:1083300010FB00F03988484305F018FEC4F824010A
:10834000207B10FB00F03988484305F00FFEC4F88D
:108350002801207B3988484305F008FEC4F82C0129
:10836000207B3988484305F001FEC4F83001217BA9
:1083700004F1A0000A46D4F82031F8F756FD217B1D
:1083800004F1A8000A46D4F82431F8F74EFD217B09
:1083900004F1B0000A46D4F82831F8F746FD217BF5
:1083A000012204F1B800D4F82C31F8F73EFD217B0E
:1083B000012204F1C000D4F83031F8F736FD04F89A
:1083C000289F84F8019084F8029084F8039084F840
:1083D0000490BDE8F08700000802002070B5044654
:1083E000C07B0F4D18B12046FEF73AFD0DE0A27B91
:1083F000288861684243D4F8F400F7F772FFA17B44
:10840000288841436068F7F785FF627B2888A16868
:108410004243D4F8F000BDE87040F7F762BF0000B7
:10842000080200202DE9F041044690F82C000028B5
:108430002BD1B4F89800A4F8A800B4F87A10A4F8E6
:10844000AA10A4F8B000B4F85A00A4F8B20004F1DD
:10845000A802174604F1780104F19800F8F752FEDB
:1084600084F8C80004F1B00204F1580116460D4624
:108470003846F8F747FE84F8C80004F15002314648
:108480002846F8F7DDFE84F8C800BDE8F0812DE944
:10849000F041044690F8290000282CD104F168012D
:1084A00004F160000F460546F8F72AFF84F8C8007B
:1084B00004F15802164604F150012846F8F722FE4E
:1084C00084F8C800B4F85800A4F8A800B4F86A000A
:1084D000A4F8AA0004F1A802154639463046F8F778
:1084E00011FE84F8C800324604F188012846F8F7E6
:1084F0003DFC84F8C800BDE8F0812DE9F047044652
:1085000090F82A0000285CD104F1800104F1780081
:1085100089460546F8F7F4FE84F8C800B4F87800F8
:10852000A4F8A800B4F85A00A4F8AA0004F1A8021C
:1085300004F1580190460F462846F8F7E3FD84F809
:10854000C800B4F8A800A4F8B000B4F88200A4F8F9
:10855000B20004F1B002154649464046F8F7D2FD94
:1085600084F8C800B4F89000A4F8A000B4F8920011
:10857000A4F8A20004F1A002164604F190012846D6
:10858000F8F7F4FB84F8C80029463046AA34F8F717
:1085900051FCA07734F8520C24F8020C34F8280C63
:1085A0002080424649463846F8F7ACFD04F81E0FD5
:1085B000A4F1300229464046C83CF8F7A3FD84F8F0
:1085C000C800BDE8F087000070B50446FFF706FF5D
:1085D000D4F8CC1009B120468847204600F068F84E
:1085E000D4F8D01009B1204688472046FFF74FFF46
:1085F000D4F8D41009B120468847207C2B4DC0B94F
:10860000E07BB0B1227B28884243D4E93A01F7F7F6
:1086100068FE207B10FB00F228884243D4E93E012B
:10862000F7F75FFED4F8E01009B120468847002034
:108630002AE02046FFF761FFD4F8D81009B12046A0
:108640008847204600F06EF8D4F8DC1009B12046C7
:1086500088472046FFF7E6FEE4E700BF10FB010174
:10866000D4F8F82002EB8101226AD1ED000A02EB76
:10867000800292ED000AF4EEC00AF1EE10FA01D287
:1086800081ED000A401CC0B2217B8142E6D8CAB20B
:108690002888D4F8E81042432068F7F722FED4F87F
:1086A000E41009B120468847206870BD0802002008
:1086B0002DE9F041044690F8280000282AD1627B79
:1086C00004F1300104F1600004F1380522B3227B8B
:1086D000A4F8B820012604F1B802A4F8BA6017463D
:1086E000F8F710FD84F8C800207BA4F8C000A4F8B7
:1086F000C26004F1C002164604F1400104F17000AA
:10870000F8F700FD04F8C80F2A4631463846F8F756
:108710002DFB2070BDE8F0812A46F8F7F3FC84F8C1
:10872000C800F7E72DE9F041044690F82B00002837
:1087300038D1B4F87800A4F8B800012504F1B802E3
:1087400004F13801A4F8BA5090460F4604F17800BD
:10875000F8F7D8FC84F8C800B4F84800A4F8C000C2
:1087600004F1C002A4F8C2501646414604F1480084
:10877000F8F766FD84F8C800B4F89800A4F8B800CB
:10878000A4F8BA504246314604F19800F8F7BAFC12
:1087900084F8C80004F1300241463846F8F7E6FA9A
:1087A00084F8C800BDE8F081002202704260826057
:1087B000C0E90321704710B504464068012801D084
:1087C00030B108E0A06830B9FCF7ECF9E06002E0F5
:1087D000A168012906D06068A060012800D00020AF
:1087E000207010BDA060FCF7DDF9E168401A216936
:1087F000884201D90320F3E70220F1E700B5002108
:108800002748FFF7D1FF264800211430FFF7CCFF9F
:10881000234800212830FFF7C7FF214800213C30C2
:10882000FFF7C2FF1E4800215030FFF7BDFF1C4874
:1088300000216430FFF7B8FF194800217830FFF7B6
:10884000B3FF174800218C30FFF7AEFF144800211A
:10885000A030FFF7A9FF12480021B430FFF7A4FFB2
:108860000F480021C830FFF79FFF0D480021DC3082
:10887000FFF79AFF0A480021F030FFF795FF00212B
:108880000848FFF791FF074800211430FFF78CFFDD
:108890000448002128305DF804EBFFF785BF000095
:1088A0009CA90020A0AA0020B0EE001A80ED010AC9
:1088B00020EE010A9FED061A20EE010A20EE200AA2
:1088C00080ED000A9FED030A80ED020A7047000068
:1088D000DB0F494000000000D0ED000A10EE901AB6
:1088E000B1F17E5F01DD80ED020AB7EE001AD0ED36
:1088F000021A31EE601A21EE211A00EE801A80ED84
:10890000021A70470122027052039FED120A426060
:1089100080ED020A0022C260026142618261C2618E
:10892000026242628262C26202634263C2634A1EA0
:10893000032A05D8084A02EB810141F8040C70476C
:108940004A1F032AFBD8044A103A02EB810141F87E
:10895000140C704700001042546500200022027081
:108960004FF400539FED110A436080ED020AC2608C
:10897000026142618261C261026242628262C262DB
:1089800002634263C2634A1E032A05D8084A02EB07
:10899000810141F8040C70474A1F032AFBD8044A9E
:1089A000103A02EB810141F8140C70472CA0994158
:1089B000546500200F4810B50D4901600621416043
:1089C00000214FF400328160C0E9031212014261BC
:1089D000017641768176C17601774177FBF797FB87
:1089E000002803D0BDE81040FAF7C8BA10BD000057
:1089F000006400402C3800200F4810B50D4901607C
:108A00000721416000214FF400328160C0E9031268
:108A1000D20042610176417681760122C2760177E9
:108A20004177FBF774FB002803D0BDE81040FAF74C
:108A3000A5BA10BD0068004054380020214808B590
:108A4000016841F480010160016801F48001009136
:108A5000016841F4001101600068002200F4001078
:108A6000009005210C20FCF73BF90C20FCF72AF9BB
:108A7000002201213820FCF733F93820FCF722F9D5
:108A8000002201213920FCF72BF93920FCF71AF9D3
:108A9000002205213A20FCF723F93A20FCF712F9CD
:108AA000002201213B20FCF71BF93B20FCF70AF9CF
:108AB000002201214520FCF713F9BDE808404520BC
:108AC000FCF700B93038024010B5C0B01C22324962
:108AD0006846F7F706FC0021684605F037F82F4C8A
:108AE0002D491C2220601C3107A8F7F7FAFB002152
:108AF00007A805F02BF8284960601C2238310EA821
:108B0000F7F7EFFB00210EA805F020F82249A0603E
:108B10001C22543115A8F7F7E4FB002115A805F035
:108B200015F81D49E0601C2270311CA8F7F7D9FB2D
:108B300000211CA805F00AF8174920611C228C317D
:108B400023A8F7F7CEFB002123A804F0FFFF12496A
:108B500060611C22A8312AA8F7F7C3FB00212AA8CC
:108B600004F0F4FF0C49A0611C22C43131A8F7F7CE
:108B7000B8FB002131A804F0E9FF0749E0611C229D
:108B8000E03138A8F7F7ADFB002138A804F0DEFF8C
:108B9000206240B010BD0000B4EA000800000020D0
:108BA0002DE9F04786B014216846F7F7B3FB50482B
:108BB0000025016841F002010160016801F0020135
:108BC0000591016841F040010160016801F0400138
:108BD0000591016841F001010160016801F00101A6
:108BE0000591016841F008010160016801F0080188
:108BF0000591016841F004010160016801F0040180
:108C00000591016841F480710160016801F480718F
:108C10000591016841F080010160016801F0800167
:108C20000591016841F0200101600068314E00F0BB
:108C300020004FF480740590002221463046FBF757
:108C4000ABFFDFF8B480E700002239464046FBF76F
:108C5000A3FFDFF8A890012210214846FBF79CFFF4
:108C6000DFF89CA0012211465046FBF795FF0094C7
:108C70000124CDE90145694630460395FBF794FE92
:108C80000097CDE901450225694640460395FBF76B
:108C90008BFE1020CDE9000469464846CDE9024527
:108CA000FBF782FE302000904FF40410CDE9010460
:108CB00069463046FBF778FE0094694650460194B9
:108CC000CDE90245FBF770FE002201210A20FCF7E6
:108CD00007F80A20FBF7F6FF002201211720FBF717
:108CE000FFFF1720FBF7EEFF06B0BDE8F08700009E
:108CF0003038024000080240001C024000000240E0
:108D000000040240104810B50E4901604FF4827112
:108D10004160002102228160C0E903120122426108
:108D2000520282611022C0E90721416281620A2158
:108D3000C162FDF77BF8002803D0BDE81040FAF7C8
:108D40001DB910BD003001407C38002010B588B03E
:108D50001C216846F7F7DEFA154814490024016023
:108D60005321C0E9011440F2CF71C0E903148461BA
:108D7000FDF7AEFA08B1FAF701F90D48FDF7CFFC9F
:108D800008B1FAF7FBF86020CDE900040294002254
:108D9000694607480494FDF75CFC08B1FAF7EEF861
:108DA0000348FDF7FBFB08B010BD00000044014084
:108DB0006C3A002010B58AB0002407941C21684644
:108DC0000894F7F7A7FA17481549016042F2CF0156
:108DD000C0E901144FF4FA71C0E903148461FDF78E
:108DE0009EFC08B1FAF7CAF8079407A90D48089441
:108DF000FDF726FA08B1FAF7C1F86020CDE90004C2
:108E000002940822694607480494FDF722FC08B141
:108E1000FAF7B4F80348FDF7C1FB0AB010BD000033
:108E200000080040943900201CB500240E4800942E
:108E30000C49019401605321C0E901144FF6FF7100
:108E40008461C160FDF744FA08B1FAF797F800941D
:108E5000694605480194FDF7F3F9002801D0FAF7B7
:108E60008DF81CBD00140040DC39002010B592B014
:108E700000240F941C2108A81094F7F74BFA202126
:108E80006846F7F747FA21481F49016040F28F61B1
:108E9000C0E9011440F2CF71C0E903144461846158
:108EA000FDF73DFC08B1FAF769F80F940FA91748D0
:108EB0001094FDF7C5F908B1FAF760F86020089042
:108EC000E620CDE909040B940C940D94082208A91E
:108ED0000E480E94FDF7BDFB08B1FAF74FF8009469
:108EE0004FF40050CDE90440029401940394694684
:108EF00006480794FDF779F908B1FAF73FF80348F7
:108F0000FDF74CFB12B010BD00040140243A0020D4
:108F10000C4810B50A4901604FF4E131416000216D
:108F200081600C22C160C0E904128161C161FDF75A
:108F3000F1FD002803D0BDE81040FAF71FB810BDBE
:108F400000100140B43A00200D4810B50B490160F3
:108F50000C49416000214FF480628160C0E9031236
:108F60000C22C0E90521C161FDF7D4FD002803D022
:108F7000BDE81040FAF702B810BD000000480040FC
:108F8000FC3A0020A08601000C4810B50A49016097
:108F90004FF4E1314160002181600C22C160C0E9E1
:108FA00004128161C161FDF7B5FD002803D0BDE861
:108FB0001040F9F7E3BF10BD00140140443B00200E
:108FC00010B500220F49104801F095FE08B1F9F7DD
:108FD000D5FF0E490C4802F0A6F808B1F9F7CEFF0C
:108FE0000B49094801F032FC08B1F9F7C7FF064800
:108FF00002F01CF9002803D0BDE81040F9F7BEBF0D
:1090000010BD0000440000208C480020D00100204A
:1090100094000020FEE7000000224FF48071014818
:10902000FBF7BABD0008024070B590ED0B0A04468C
:109030001546F8EEC00A90ED0C0A0E460846B8EE4A
:10904000C00A00F0CDFA96ED0F0A2846BDEEC00A20
:1090500084ED050AF8EEC00A94ED060AB8EEC00ADF
:1090600000F0BEFA95ED0F0ABDEEC00A84ED030ACA
:1090700070BD000010B5D0E908314268591A02EB02
:10908000D274641000EE104A00EE901AB8EEC00AD6
:10909000F8EEE00AF4EEC00AF1EE10FA01DD891AEA
:1090A0000BE000EE901AB1EE400AF8EEE00AF4EEA2
:1090B000C00AF1EE10FA00D21144846A214400EE95
:1090C000101A8162F8EEC00A00EE102AB8EEC01A3B
:1090D00080EE810A90ED021AC0EE010A9FED040AAB
:1090E00020EE800ABDEEC00A80ED0C0A436210BD7E
:1090F0000000B443074800B5002101604160816071
:109100000C30FFF751FB0348002120305DF804EBE1
:10911000FFF74ABB68A90020FEE7000004480021D1
:1091200064224162C0E90A12016341637047000092
:109130009065002070B5FBF735FD3849C968401AC5
:10914000642866D93649F6EE000A01F12000B1F92B
:109150001630038300EE103AB1F918204283B1F9BA
:109160001A60B8EEC00A86830D7F85774C7F20EEAB
:10917000200AC477C98B0184BDEEC00A294981ED5C
:10918000000A00EE102AB8EEC00A20EE200ABDEE5A
:10919000C00A81ED010A8E600D614C62018C22488B
:1091A00001F001024260C1F340028261C1F380021A
:1091B000C262C1F3C0020264C1F300124265C1F38E
:1091C00040128266C1F38012C267C1F3C012C0F8B8
:1091D0009020C1F30022C0F8A420C1F34022C0F8BF
:1091E000B820C1F38022C0F8CC20C1F3C022C0F85F
:1091F000E020C1F30032C0F8F420C1F34032C0F8DF
:109200000821C1F38032C1F3C031C0F81C21C0F87D
:109210003011BDE87040F9F7FDB90000C8640020C6
:109220007065002068A900209CA9002070B5002668
:10923000FBF7B8FC38490546885DFF2802D0761C4C
:10924000202EF9DB344C20341EB1206B401C2063EF
:1092500070BD488840BA00EE100AF8EE400A9FED53
:109260002F0A30EEC01ADFED2E0AC1EE201AC4ED2F
:10927000001AC888DFED2B1A40BA01EE100AB8EECA
:10928000411A81EE212A84ED032A087AB028DFD121
:10929000887AD728DCD1487A2074C87A60748889A3
:1092A000002642BA01EE102A40BAB8EE411A31EE59
:1092B000401AC1EE201A01EE100AB8EE411A31EE42
:1092C000400A80EE201AC4ED021A84ED011A087BD0
:1092D00001219E281DD06D281BD06661FFF72AFF53
:1092E000606A401C6062A16A691AB1F5FA7F07D909
:1092F0004FF47A725043B0FBF1F06662C4E90A5051
:109300000948656300680028A2D0BDE8704004F0F9
:1093100049BC6161E2E70000706500200000004781
:109320000000C84200007A440C0000200C48FF21D5
:10933000017041700B4991F83C208270096C09B1B1
:10934000E92100E05321064AC1700021121F41713A
:1093500012788271C17108210148F8F74BBF0000F3
:10936000BC000020543D00200148FBF747BE000030
:10937000885F00202DE9F04103680D4604461E6C0D
:1093800003EB4511D1F8080B94F806E04FF40047C1
:109390004FF0200C04F29C42BEF1010F09D0DFF81F
:1093A00098E0764539D1020432D500BFC1F8087B78
:1093B0003FE0224B5FEA007E04D59E4239D900048B
:1093C000F4D436E05FEA806E02D5C1F808CB30E015
:1093D00010F0280F2DD19E4201D90004E6D405EBF0
:1093E000C50004EB8000D1F8101BD0F87432C1F333
:1093F0001201591AC0F8681200F51570ADB9036969
:109400001BB1C2681144C1600FE0012120680AE06D
:1094100080060AD5C1F808CB07E035B9D4F8640254
:1094200018B90021184602F07BFAE9B22046FBF792
:10943000CFFC0020BDE8F0810A31544F0A30544F70
:109440002DE9F84F0E4601EBC60100EB8104814681
:109450000568D4E909101434884202D90120BDE816
:10946000F88F081AA168814200D20846C01C8708FC
:1094700005EB46181BE000BFA0EB010AA0685045B1
:1094800000D282460AF10300870899F8060000908E
:109490001FFA8AF3F2B22846E16802F07BFDE16828
:1094A00001EB0A00E060616901EB0A006061D8F835
:1094B000180980B2B84205D3D4E90401814201D22F
:1094C0000028D9D1D4E90401884208D806F00F0158
:1094D00001208840D5F834188143C5F8341800209D
:1094E000BDE7000010B5F0EE601AF0EE400A044649
:1094F00090ED091AB0EE610AF8F772FBD4ED0A0A92
:10950000B1EE601AF9F7BCF884ED040AD4ED0D0A47
:10951000B0EEC01AB4EEE01AF1EE10FA06D29FEDEA
:109520002F0A84ED050A84ED0F0A10BDB4EEE00A9F
:10953000F1EE10FA02DD30EE600A08E0B1EE601ADA
:10954000B4EEC10AF1EE10FA03D230EE200A84ED37
:10955000040AD4ED000A60EE800AC4ED060A94ED18
:109560000E1AF0EEC00AF4EEC10AF1EE10FA11D8AC
:10957000D4ED071AD4ED010A40EE801AC4ED071AA3
:10958000D4ED0C0AB0EE610AB1EE601AF9F778F882
:1095900084ED070A94ED040AD4ED050A30EE600A62
:1095A000D4ED020A20EE200A84ED080AD4ED060A62
:1095B00094ED071A70EE810A30EE800A84ED0F0AEE
:1095C000D4ED0B0AB1EE601AF9F75AF884ED0F0AE0
:1095D00094ED040A84ED050A10BD000000000000AF
:1095E00010B5F0EE601AD0ED0A0A044631EEC00A5A
:1095F000B1EE601AF9F744F884ED040AD4ED0D0ACF
:10960000B0EEC01AB4EEE01AF1EE10FA06D29FEDF9
:109610002F0A84ED050A84ED0F0A10BDB4EEE00AAE
:10962000F1EE10FA02DD30EE600A08E0B1EE601AE9
:10963000B4EEC10AF1EE10FA03D230EE200A84ED46
:10964000040A94ED000AD4ED040A20EE200A84ED09
:10965000060A94ED0E1AB0EEE00AB4EEC10AF1EE7D
:1096600010FA0FD894ED070A94ED011A01EE200AC2
:1096700084ED070AD4ED0C0AB1EE601AF9F700F890
:1096800084ED070A94ED040AD4ED050A30EE600A71
:10969000D4ED020A20EE200A84ED080AD4ED060A71
:1096A00094ED071A70EE810A30EE800A84ED0F0AFD
:1096B000D4ED0B0AB1EE601AF8F7E2FF84ED0F0A61
:1096C00094ED040A84ED050A10BD000000000000BE
:1096D0009FED050A80ED040A80ED050A80ED070A7A
:1096E00080ED0F0A704700000000000091ED000AB5
:1096F00080ED000A91ED010AD1ED030A20EE200A67
:1097000080ED010A91ED020AD1ED030A80EE201AE4
:1097100080ED021A91ED030A80ED030A91ED040A2F
:1097200080ED090A91ED050A80ED0A0A91ED060A1D
:1097300080ED0B0A91ED070A80ED0C0A91ED080A05
:1097400080ED0D0A91ED090A80ED0E0A9FED070AE2
:1097500080ED060A80ED070A80ED080A80ED040A14
:1097600080ED050A80ED0F0A704700000000000040
:109770000D484FF48061018041808180C18001816A
:1097800003218172C172002181828174C17481813F
:10979000C18101828161C1610162416200F12801E0
:1097A00012220248FDF7FCBA8C640020FC3A00202B
:1097B0004F4810B50188A0F12804C1F30A012180A7
:1097C0004178CA08817842EA4112C2F30A026280F3
:1097D000C278890941EA8202017942EA8122C2F310
:1097E0000A02A2804A08417942EAC112C2F30A027F
:1097F000E280028A22818A09A272C1F30111E17218
:10980000C188A1810189E18141892182017BA17403
:10981000417BE174C089A082FBF7C4F93549A0619E
:10982000C968411A64294DD93349496B411A6429E1
:1098300048D93249B4F90C200A60B4F90E204A60C4
:10984000B4F910208A60A27C0A61E27C4A62A18A93
:109850002B4A01F001035360C1F340039361C1F34C
:109860008003D362C1F3C0031364C1F300135365D3
:10987000C1F340139366C1F38013D367C1F3C013E0
:10988000C2F89030C1F30023C2F8A430C1F34023E2
:10989000C2F8B830C1F38023C2F8CC30C1F3C02382
:1098A000C2F8E030C1F30033C2F8F430C1F3403302
:1098B000C2F80831C1F38033C1F3C031C2F81C31A2
:1098C000C2F83011E169491CE161226A821AB2F5DD
:1098D000FA6F08D94FF47A735943B1FBF2F1616220
:1098E0000021C4E90710BDE81040F8F791BE000060
:1098F000B4640020C86400209065002068A900209E
:109900009CA900200448002101818171C17101805E
:1099100041808180C1607047C86400200148FCF725
:1099200007BA00007C38002010B5806B0021C18789
:10993000C186FCF7FBF910BDF8B515460E460B467F
:10994000009204460122022100F02CF8A0B913482D
:1099500013490068B0FBF1F04FF47A71484300906E
:109960006068B0F5827F0DD1334600228021204609
:10997000009500F017F870B1606D40F02000606550
:109980000320F8BD009830B1401E00902068806828
:10999000C0430006F6D50020F8BD0000B40000204A
:1099A00000366E012DE9F8431E469146884604466E
:1099B000089DFBF7F7F8401B351AFBF7F3F807464D
:1099C00025480068C0F3CB30684338E0701C37D0BE
:1099D000FBF7E8F8C01BA84203D215B1009860B3AA
:1099E0002CE02068416821F0E00141606068B0F53A
:1099F000827F0BD1A068B0F5004F02D0B0F5806F28
:109A000004D12068016821F040010160A06AB0F52E
:109A1000005F09D12068016821F4005101602068CD
:109A2000016841F400510160012084F851000020D8
:109A300084F850000320BDE8F8830025401E009004
:109A40002068816838EA010004D000214945BDD171
:109A50000020F0E70121F9E7B40000200178407808
:109A600041EA0020704700002DED048B8CB004F01B
:109A700061F80A9028216846F6F74CFC9FED699A38
:109A800001218DED039A6848FEF768FF66480221C0
:109A90008C30FEF763FF654803218146FEF732FFF5
:109AA0009FED630AF1EE040A9FED628A8DED028A52
:109AB000DFED618ACDED058A8DEC020A9FED5F0A2C
:109AC0008DED060A9FED5E0A8DED070A8DED088A81
:109AD0009FED5C0A54488DED090A69464C30FFF74A
:109AE00005FE524869464038FFF700FE4E48F2EE48
:109AF000040AB0EE490A4030FEF7D6FE4B48F2EEBB
:109B0000040AB0EE490A4C38FEF7CEFE9FED4E0A2D
:109B10008DED000A8DED018A8DED028ACDED058A6D
:109B20009FED4A0A41488DED060A8DED078A8DEDBD
:109B3000088A4030CDED098A69468046FFF7D6FD98
:109B4000B1EE000A8DED000AB0EE000A8DED010ABB
:109B50008DED028A9FED3E0ACDED058A8DED060A58
:109B60009FED3C0A31488DED070A8DED088A803063
:109B7000CDED098A69460746FFF7B8FD2A4C002655
:109B8000354DC4F8D861C4F8DC6103210AA803F09C
:109B9000C5FF2868E0B3FBF705F8696BF9B1D4F8A5
:109BA000D811411AC8291AD9D4F8DC11411AB1F5D3
:109BB000FA7F14D9A96B21B128498969B1F17E5F77
:109BC0000DDA94ED510ADFED260AB8EEC00A30EE48
:109BD000200ABDEEC00A84ED510AC4F8D801286BF2
:109BE000012819D06661C4F8A060002000F070F868
:109BF000012000F06DF800F037F84846FFF73AFA18
:109C00003A4641464846FFF70FFAF9F7F9F8BCE73C
:109C1000FFE700F051F8B8E7124860614042C4F82D
:109C2000A000E2E7A69B443B98400020B041002002
:109C3000CDCC1C4100000000FFFF7F7F00401C4690
:109C400000004843000048440000F0420080BB454B
:109C500000A00C4600007A45543D002078420020C8
:109C6000000034C2A8E4FFFF10B5104C104AD4E93C
:109C70005101411A00EE101AB8EEC00AB1EE400AC6
:109C800010EE101A91420FDD00EE100ADFED090A06
:109C9000B8EEC00A30EE600ABDEEC00A84ED510A8B
:109CA000FAF780FFC4F8DC0110BD000098400020E6
:109CB0000000E142000007C304480021C0F824115D
:109CC000C160C0F89810F9F79BB8000098400020D8
:109CD000C0EBC00000EB800110B5154800EB81041B
:109CE00004F1400094ED060AB8EEC00AFEF7F4FD58
:109CF000606960B994ED170A0E4AB0EEC00A10EE22
:109D0000101A914203DA9FED0C0A84ED1A0A00EE54
:109D1000100A04F14C00F8EEC00A94ED120AFFF7A5
:109D20005FFC94ED220ABDEEC00A84ED030A10BD6B
:109D3000984000200000C8420000000010B55020EC
:109D400080F31188BFF34F8FBFF36F8F04F0A6FD30
:109D500018B104494FF080500860002080F311884A
:109D600010BD000004ED00E030B593B0302168462E
:109D7000F6F7D0FA14210CA8F6F7CCFA1D48002506
:109D8000016841F080510160006800F0805011903E
:109D90001948016841F4804101600068022400F420
:109DA0008040119001200090000401908001CDE9D5
:109DB000064006200890A820CDE9090407200B9052
:109DC0006846FBF7FDFD08B172B6FEE70CA90F204F
:109DD00081E831004FF4A0500F904FF48050109064
:109DE00005210CA8FBF7DAFC002801D072B6FEE7CB
:109DF00013B030BD40380240007000400248016896
:109E000041F470010160704788ED00E00148FCF703
:109E10002CBB00000C3D0020F0B50268294C2A4DF7
:109E20002A4E2B4F2B4B4FF0804CA04209D060455F
:109E300007D0A84205D0B04203D0B84201D0984222
:109E400004D122F0700E4A6842EA0E02A0421BD0F2
:109E5000604519D0A84217D0B04215D0B84213D0EF
:109E6000984211D01C4DA8420ED01C4DA8420BD0D8
:109E70001B4DA84208D01B4DA84205D01A4DA84240
:109E800002D01A4DA84203D122F44075CA682A4371
:109E90004D6922F080022A4302608A68C2620A6821
:109EA0008262A04201D0984201D109690163012177
:109EB00041610169C90703D0016921F00101016114
:109EC000F0BD000000000140000400400008004018
:109ED000000C0040000401400040014000440140EB
:109EE0000048014000180040001C004000200040D5
:109EF00010B501F01F030121046A99408C430462EC
:109F0000016A9A401143016210BD0000F0B5036A76
:109F1000026A22F00102026242688469124E24F051
:109F200073050C682C4323F002058B682B430D4D01
:109F3000A84201D0B04205D123F00807CB683B43CB
:109F400023F00403A84201D0B04205D14D6922F4A8
:109F5000407215438A692A434260846149684163BB
:109F60000362F0BD0000014000040140F0B5026A48
:109F7000036A23F010030362436884690D6824F4C4
:109F8000E64444EA05248D6822F0200242EA0512E4
:109F90000F4D104EA84201D0B04206D1CF6822F03A
:109FA000800242EA071222F04002A84201D0B042E9
:109FB00007D14D6923F4406343EA85038D6943EA81
:109FC000850343608461496881630262F0BD0000DB
:109FD0000000014000040140F0B5026A036A23F466
:109FE000807303624368C46922F4007224F073052D
:109FF0000C68124E2C438D6842EA05220E4DA84291
:10A0000001D0B04206D1CF6822F4006242EA0722B2
:10A0100022F48062A84201D0B04207D14D6923F4F6
:10A02000405343EA05138D6943EA05134360C46155
:10A030004968C1630262F0BD0000014000040140B4
:10A0400030B5046A026A22F4805202624268C3692F
:10A050000D6823F4E64343EA05238D6824F4005495
:10A0600044EA0534084DA84202D0084DA84204D164
:10A070004D6922F4804242EA85124260C361496818
:10A080000164046230BD0000000001400004014092
:10A0900010B5806B0021C185C184FCF701FC10BDA7
:10A0A00070B5846B2068406994F84110C0F3C0100B
:10A0B0000025212904D118B1E584204600F0B4F828
:10A0C0002068406994F84210C0F38010222904D11E
:10A0D00018B1E585204600F080F8606C40F0100073
:10A0E00060642046FCF7DCFB70BD10B50146806B58
:10A0F000096809684FF00002C9052ED4C2850168BD
:10A100000C3151E8003F23F4807341E80034002C07
:10A11000F5D10168143151E8003F23F0010341E813
:10A120000034002CF5D10168143151E8003F23F0D0
:10A13000400341E80034002CF5D1202180F8421082
:10A14000016B012909D101680C3151E8003F23F06E
:10A15000100341E80034002CF5D14263016B012962
:10A1600002D0FCF72BFE10BD818DFCF798FB10BDD3
:10A1700010B5806B01214163016B012902D0FCF70E
:10A180002FFE10BD818D4908FCF789FB10BD10B56D
:10A190000146806B09680968C90516D40021C1848D
:10A1A0000168143151E8002F22F0800241E80023B9
:10A1B000002BF5D101680C3151E8002F42F040022C
:10A1C00041E80023002BF5D110BDFCF747FE10BD80
:10A1D00010B5806BFCF743FE10BD01680C3151E8EF
:10A1E000002F22F4907241E80023002BF5D1016882
:10A1F000143151E8002F22F0010241E80023002B26
:10A20000F5D1016B012909D101680C3151E8002F0A
:10A2100022F0100241E80023002BF5D1202180F824
:10A22000421000210163704701680C3151E8002F92
:10A2300022F0C00241E80023002BF5D1202180F854
:10A240004110704708B590F84210222901D0022031
:10A2500008BD82684FF480539A4201D1016921B14F
:10A26000816A9A421BD04AB10AE00268816A526848
:10A27000C2F308020A80816A891C08E0026972B18F
:10A280000268526802F07F020A70816A491C81628A
:10A29000C18D491E0904090CC18503D01BE0026869
:10A2A0005268F1E70168CA6822F02002CA600168BA
:10A2B000CA6822F48072CA6001684A6922F0010209
:10A2C0004A61202180F8421000214163026B012A7B
:10A2D00003D0FCF773FD002008BD016301680C3159
:10A2E00051E8002F22F0100241E80023002BF5D1A5
:10A2F00001680A68D20602D50A6849680091818D12
:10A30000FCF7CDFAE7E7000070B504460068016984
:10A31000E26821F44051114301612169A068E269BA
:10A3200008436169114308432168CA6849F20C6314
:10A330009A430243CA6020684169A26921F44071CE
:10A340001143416131492068884202D03049884236
:10A3500002D1FBF7F3FA01E0FBF7E0FAE269002330
:10A36000192164253226B2F5004F626828D0A0FB7F
:10A370000101930F9200F5F783FF0146B0FBF5F062
:10A380006FF01802504301EB800006EB0010B0FBA9
:10A39000F5F000F0F002B1FBF5F002EB0012B1FBBA
:10A3A000F5F06FF01803584301EB800006EB001046
:10A3B000B0FBF5F000F00F0021681044886070BD1C
:10A3C000A0FB010192185B41F5F75AFF0146B0FB73
:10A3D000F5F00201B1FBF5F06FF01803584301EB03
:10A3E000800006EBC000B0FBF5F000F0F80002EBD7
:10A3F0004002B1FBF5F0584301EB800006EBC000D2
:10A40000B0FBF5F000F00700D6E7000000100140B7
:10A410000014014038B5816204468285002013464D
:10A420006064222284F84220E56B1B4AEA63E56BF4
:10A430001A4A2A64E56B1A4AEA64E26B10650A4616
:10A440002168E06B091DFAF7ADF9206801684068E2
:10A450000090206948B120680C3050E8001F41F49A
:10A46000807140E80012002AF5D12068143050E8CD
:10A47000001F41F0010140E80012002AF5D12068D8
:10A48000143050E8001F41F0400140E80012002A5B
:10A49000F5D1002038BD0000EBA0000871A1000834
:10A4A000A1A000080148FCF7FDB90000B43A002063
:10A4B0000148FCF7F7B90000443B00202DE9F041CA
:10A4C0000C46D0F8D412D0F8C82200EB8101D1F8A4
:10A4D000C01229B304F00F0606EB860300EB8305D8
:10A4E0000027AB694BB106EBC60602EB8602D269C8
:10A4F000B3FBF2F602FB1632A2B1C1F81472D0F827
:10A50000D42200EB8200D0F8C40203692BB1D1F849
:10A510000802224601F5047198470020BDE8F08149
:10A520000320FBE700231A462146AF6100F0DCFD63
:10A53000F3E770B50546D0F8D40205EB8000D0F8FB
:10A54000C04294B1284600F0AEFCC4F80C02D5F825
:10A55000D412D4F8040205EB8101D1F8C412CA6800
:10A5600004F503719047002070BD032070BD00000A
:10A5700070B5224D0446297800F0D9FB28780026D2
:10A5800000F00F0000EB800004EB80008684697807
:10A59000204600F0CCFB687800F00F0000EB800054
:10A5A00004EB8000A0F86461A978204600F0BFFBAE
:10A5B000A87800F00F0000EB800004EB8000868498
:10A5C000C684D4F8D40204EB8000D0F8C01299B14C
:10A5D000D0F8C40240688047D4F8D40204EB80006D
:10A5E000D0F8C00200F0A3FFD4F8D40204EB80003E
:10A5F000C0F8C062C4F8BC62002070BD7C010020BD
:10A6000010B5D0F8D41200EB8100D0F8C04284B16C
:10A61000D0F8C41259B194F80002FF2807D08B6813
:10A6200094F8012221469847FF2084F80002002078
:10A6300010BD032010BD00000A21018000487047B2
:10A640008001002070B5064682210C4800F0FFFA18
:10A6500005460121094800F0FAFA0446812107481D
:10A6600000F0F5FA0DB11021A971402104B1A180CB
:10A6700000B1818043203080004870BD8C010020F3
:10A6800070B5064682210D4800F0E1FA0546012129
:10A690000A4800F0DCFA04468121084800F0D7FAA5
:10A6A0000DB11021A9714FF4007104B1A18000B166
:10A6B000818043203080014870BD00008C01002063
:10A6C00070B5064682210C4800F0C1FA054601210A
:10A6D000094800F0BCFA04468121074800F0B7FAA7
:10A6E0000DB11021A971402104B1A18000B1818078
:10A6F00043203080004870BD8C0100202DE9F047D8
:10A7000004464FF40775284600F012FF06004FF08C
:10A71000000863D02946F5F7FDFDD4F8D4023C4D7E
:10A7200004EB80004FF01009C0F8C062C4F8BC62AE
:10A73000207C4FF4007A0127F0B3402302222978CD
:10A74000204600F01CFC2878402300F00F0000EBAE
:10A75000800004EB8000878402226978204600F0A4
:10A760000EFC6878082300F00F0000EB800004EB7B
:10A7700080000322A0F86471A978204601F00F013F
:10A7800001EB810104EB8101A1F82690A97800F08A
:10A79000F6FBA87800F00F0000EB800004EB8000CF
:10A7A0008784C6F80482D4F8D402474604EB8000BC
:10A7B000D0F8C402006800E018E006F50176804792
:10A7C0003761776132687AB1207CF8B140236978CB
:10A7D000204600F0E0FB0020BDE8F087D4F8D4125A
:10A7E00004EB8101C1F8C0820220F5E75346022242
:10A7F0002978204600F0C3FB2878534600F00F006C
:10A8000000EB800004EB80008784A5E75346DEE779
:10A810007C01002010B5D0F8D41200EB8101D1F8F2
:10A82000C01259B1027C084C002AD1F8042207D08A
:10A830004023617800F0AFFB002010BD032010BD65
:10A840004FF40073F5E700007C01002039B1D0F827
:10A85000D42200EB8200C0F8C4120020704703200D
:10A860007047D0F8D42200EB8200D0F8C00218B1B3
:10A87000C0F804120020704703207047D0F8D4328B
:10A8800000EB8300D0F8C00228B1C0F81022C0F855
:10A89000081200207047032070472DE9FC4106464E
:10A8A000D0F8D4020C4606EB80000021D0F8C0722C
:10A8B0008DF80010ADF804100D4637B1217811F075
:10A8C00060022FD0202A4BD102E00320BDE8FC819A
:10A8D000E288F2B109060DD5D0F8C4026378394692
:10A8E000D0F808C01846E047E288072A00D90722B6
:10A8F00039462DE0607887F80002E088402800D3D0
:10A900004020C2B287F801223946304600F081F873
:10A910002BE0D0F8C40263780022866821461846EE
:10A92000B04722E0607830B101281ED00A2809D053
:10A930000B2815D110E096F89C02032810D10222B2
:10A9400001A905E096F89C02032809D10122694675
:10A95000304600F078F808E096F89C02032804D00E
:10A960002146304600F04AF803252846AEE70000AD
:10A9700010B5D0F8D41200EB8101D1F8C02201212A
:10A980001AB1D2F8143213B116E0032010BD012120
:10A99000C2F814120949D2F81032097801F00F04F4
:10A9A00004EB840400EB8404A361D2F81032D2F8E3
:10A9B000082200F099FB0021084610BD7C01002010
:10A9C00010B5D0F8B82200245268904700B1032493
:10A9D000204610BD0020704700207047134610B578
:10A9E0000A46002100F0D7FA002010BD134610B52A
:10A9F0000A46002100F078FB002010BD10B5044687
:10AA0000802100F052FB2046BDE81040002100F0FC
:10AA10004CBB10B50323C0F89432C0F8582113463C
:10AA2000C0F85C210A46002100F0B5FA002010BDF4
:10AA300010B50521C0F8941200231A46194600F0FB
:10AA4000AAFA002010BD10B50223C0F8943282612A
:10AA50001346C2610A46002100F046FB002010BDEB
:10AA600010B50421C0F8941200231A46194600F0CC
:10AA70003BFB002010BD000010B50A46024903A0B0
:10AA800000F009F9004810BD684B00204344432002
:10AA9000436F6E66696700001220088000487047A7
:10AAA0006400002010B50A46024903A000F0F3F844
:10AAB000004810BD684B002043444320496E746534
:10AAC00072666163650000000420088000487047DA
:10AAD0006000002010B50A46024903A000F0DBF830
:10AAE000004810BD684B0020504950207820535436
:10AAF0004D6963726F656C656374726F6E696373C1
:10AB00000000000010B50A46024903A000F0C3F897
:10AB1000004810BD684B0020556E692D47696D6275
:10AB2000616C205669727475616C20434F4D000052
:10AB300010B51A2008800A480168001D0468001D2D
:10AB40000068081809D008220649FDF7FDF90549F3
:10AB5000042210312046FDF7F7F90248801E10BD8F
:10AB6000107AFF1F7A000020F8B504460020ADF8E7
:10AB7000000048880D46010A08295FD2DFE801F08D
:10AB80005E0409175E5E3C45D4F8B412207C0A6866
:10AB900019E0207C02260028D4F8B80205D0C16A4A
:10ABA000684688470146467039E0816AF8E7C0B2D6
:10ABB000062843D2DFE800F0030A1014181CD4F86A
:10ABC000B402426805E0694690471CE0D4F8B4023C
:10ABD000826892B3207CF6E7D4F8B402C268F8E742
:10ABE000D4F8B4020269F4E7D4F8B4024269F0E799
:10ABF000D4F8B4028269ECE7207CF0B9D4F8B8024A
:10AC0000416B68468847014609E0207CA8B9D4F822
:10AC1000B802016B68468847014607204870EA88F9
:10AC20008AB1BDF8000040B1824200D90246ADF8B9
:10AC300000202046FFF707FFF8BDFFE72946204622
:10AC4000FFF7DCFEF8E72046FFF70AFFF4E778B5E8
:10AC50000E4642880178002504468A4212D9ADF892
:10AC600000100AE0694600F00FF84178052904D188
:10AC700081780546B14205D000256188BDF80020E5
:10AC80009142EFD8284678BD0A8803781A440A8092
:10AC900001780844704770B5002300281ED00025B5
:10ACA000044602E06D1CEDB2641C2678002EF9D13A
:10ACB000022404EB450414801278CA545B1C03225E
:10ACC000CA5400245B1C06E0CA545B1CDAB28C54E4
:10ACD000521CD3B2401C0278002AF5D170BD01008D
:10ACE0004FF0000004D0012901D0022901D0032037
:10ACF00070470120704778B10023C0F8B832C0F81F
:10AD0000C432C0F8D03209B1C0F8B412012180F8C1
:10AD10009C12027000F0CCB80320704710B5D0F838
:10AD2000C802FAF797F8BDE81040FFF7D8BF10B592
:10AD3000D0F8C802FAF769F8BDE81040FFF7CFBFB6
:10AD40002DE9F04117460446002521B194F89C02F4
:10AD5000032842D04CE0D4F8941204F114000229E4
:10AD600035D1D0E902639E4206D9F21A8260394693
:10AD70002046FFF73BFE0FE0B34214D140689842F3
:10AD800011D3D4F8981288420DD2002211462046E1
:10AD9000FFF72CFEC4F8985200231A4619462046A5
:10ADA00000F0F9F813E094F89C02032808D1D4F8D5
:10ADB000B802C16821B1C4F8D452C168204688479E
:10ADC0008021204600F071F92046FFF731FE94F80B
:10ADD000A00268B184F8A0520AE0D4F8B80242692F
:10ADE00032B1C4F8D452426920469047002800D1BD
:10ADF0000020BDE8F08170B513460446002221B161
:10AE000094F89C02032830D03AE0D4F8941204F568
:10AE1000AA70032934D1D0E902518D420AD96A1AA5
:10AE200082600846824200D3024619462046FFF758
:10AE3000D5FD25E094F8AA0210F01F0003D00128E8
:10AE400002D0022800D0002294F89C02032808D1E6
:10AE5000D4F8B802016921B1C4F8D42201692046AE
:10AE600088472046FFF7FCFD0AE0D4F8B802836962
:10AE700033B1C4F8D422826920469047002800D11B
:10AE8000002070BD0020704710B50024012180F81B
:10AE90009C12D0F8B82222B152680179904700B1D3
:10AEA0000324204610BDD0F8C802FAF700B800000D
:10AEB00010B5017839BB15490222C1F8E004C0F889
:10AEC000C8124FF0A040086004200871CA71002029
:10AED00088714A728872C87208738873C87308468A
:10AEE000FAF742FB08B1F8F749F880210748F9F76B
:10AEF0003CFF402200210548F9F73BFF8022012159
:10AF00000248F9F736FF002010BD0000885F0020DE
:10AF10000A0601F07F01D0F8C80201EBC10100EB85
:10AF2000810001D5807D704790F85602704710B5BA
:10AF3000D0F8D42200EB8202D2F8B82222B190F8E5
:10AF40009C32032B02D004E0032010BD126A02B130
:10AF50009047002010BD10B5D0F8D42200EB82023B
:10AF6000D2F8B82222B190F89C32032B02D004E030
:10AF7000032010BD526A02B19047002010BD10B5E9
:10AF80001C461346D0F8C8022246F9F799FFBDE8DF
:10AF90001040FFF7A4BE10B5D0F8C802F9F7BFFF04
:10AFA000BDE81040FFF79BBE2DE9F04100260125CA
:10AFB000044680F89C52C4F894626660C4F8A462A7
:10AFC00080F8A062D0F8B80230B1426822B1002106
:10AFD0002046904700B10326002240231146204618
:10AFE000FFF7CDFF4027A4F864513B4600228021A3
:10AFF0002046C4F86071FFF7C2FFA584304627627F
:10B00000BDE8F08190F89C12042903D190F89D12BC
:10B0100080F89C120020704710B590F89C1203290C
:10B0200005D1D0F8B81211B1C96901B18847002023
:10B0300010BD01740020704710B5D0F8C802FAF7AF
:10B0400059FBBDE81040FFF74ABE70B5044600F258
:10B05000AA20054600F051F80120C4F89402B4F883
:10B06000B002C4F8980294F8AA0210F01F010AD0A6
:10B0700001290ED0022912D000F080012046BDE83F
:10B08000704000F012B829462046BDE8704000F03C
:10B09000CFB829462046BDE8704000F00FBA2946D7
:10B0A0002046BDE8704000F059B910B5D0F8C8028C
:10B0B000F9F751FFBDE81040FFF711BE10B5D0F809
:10B0C000C802FAF731FBBDE81040FFF708BE90F860
:10B0D0009C12042903D090F89C1280F89D12042140
:10B0E00080F89C120020704710B5D0F8C802F9F71C
:10B0F0006BFFBDE81040FFF7F2BD70B5054611F8D3
:10B10000010B2870087868704C1C2046FEF7A6FCDE
:10B110006880A41C2046FEF7A1FCA880A01CFEF7B6
:10B120009DFCE88070BD38B504460020ADF80000F5
:10B13000A1B1C4F8B812D4F8D40204EB8000D0F85E
:10B14000B802C16A19B168468847C4F8D002D4F879
:10B15000D802401CC4F8D802002038BD032038BDF6
:10B1600002460020D2F8B832002B02D01B681046ED
:10B17000184770472DE9F04188462B4E8978002505
:10B1800004463170012906D941462046FFF736FCB6
:10B190000320BDE8F08194F89C02022702280CD01D
:10B1A00003281DD041462046FFF728FC3178204671
:10B1B000FFF706FC03252846EBE789B320466160CC
:10B1C000FFF7CEFF050004D041462046FFF716FCEE
:10B1D0001DE02046FFF744FC032084F89C02EAE7C8
:10B1E000C1B1606888421BD0C1B22046FFF7E8FBBE
:10B1F000317820466160FFF7B3FF050010D041466B
:10B200002046FFF7FBFB21792046FFF7D9FB84F8A6
:10B210009C72D0E784F89C7220466160FFF7D0FBF7
:10B220002046FFF71DFCC6E778010020FFF746BF68
:10B230002DE9F0410A78002512F060020CD0202A96
:10B2400001D0402A7DD1D0F8D42200EB8202D2F87E
:10B25000B8229268904731E04B78002201260A2BF1
:10B260006FD2DFE803F041666E586E08056E2D2937
:10B27000FFF77AFC67E004468888D8B9C888C8B95F
:10B280004888802816D200F07F0794F89C02032893
:10B2900010D084F89E7239462046FFF7CDFE204636
:10B2A000FFF7DEFB1FB1022084F89C024BE084F81C
:10B2B0009C6248E0204644E0FFF75CFF054642E020
:10B2C000CB88012B3DD190F89C32012B04D0022B6E
:10B2D00002D0032B35D104E08260012200F1080185
:10B2E00016E00122011D13E090F89C22012A03D0F0
:10B2F000022A01D0032A24D1CA88022A21D1C66099
:10B30000D0F8A41209B10321C160022200F10C019E
:10B31000FFF799FB17E04A88012A02D0022A03D0DE
:10B320000FE0C0F8A46216E08988090A80F8A0122C
:10B3300011E090F89C32012B08D0022B06D0032B91
:10B3400004D0FFF75BFB2846BDE8F081498801295E
:10B35000F9D1C0F8A422FFF783FBF4E72DE9F0410F
:10B36000054608780C790E464FF0000810F0600092
:10B370000BD0202801D040286AD121462846FFF76B
:10B3800029FBFF2800D0D8B395E07078C8B3012816
:10B3900024D003285CD195F89C02022802D003280F
:10B3A00056D10CE0002C53D0802C51D02146284699
:10B3B000FFF77BFE80212846FFF777FE7BE0708851
:10B3C00040B93CB1802C05D0C88818B92146284620
:10B3D000FFF76BFE2846FFF743FB6CE095F89C02F5
:10B3E0000228DFD0032863D1708880BB600603D0B9
:10B3F00021462846FFF792FC2846FFF731FBBCE7C1
:10B4000000E00AE0C5F8D402D5F8B8028268F2B1CB
:10B4100031462846904780464DE095F89C0200272B
:10B42000022802D0032843D113E00CB1802C3FD175
:10B43000200604F07F0000EB800005EB800101D5C1
:10B44000143101E001F5AA7102220F602CE032E014
:10B450002EE0200604F00F0000EB800005EB8000DA
:10B4600009D5808C20B304F07F0000EB800005EB51
:10B47000800614360AE0B0F86401C8B104F07F0019
:10B4800000EB800005EB800606F5AA764CB1802C17
:10B4900007D021462846FFF73BFD10B10120306060
:10B4A00000E03760022231462846FFF7CCFA02E07E
:10B4B0002846FFF7A3FA4046BDE8F08170B505467F
:10B4C000087800240E4610F0600003D0202801D038
:10B4D000402827D195F89C02012803D0022801D0EA
:10B4E00003281FD1B088C1B201291AD8C1B2284699
:10B4F000FFF772FAFF280CD058B9D5F8B8128A684D
:10B500003AB1C5F8D4028A683146284690470446C5
:10B5100000E00324F088204307D12846FFF7A0FA73
:10B5200003E031462846FFF769FA204670BD7047B0
:10B5300000487047685D002070B50A78012302F06A
:10B540000F054E78AB401B4CD0F81C58012E17D07D
:10B5500045EA0343C0F81C3800EB4210D0F8002B3A
:10B5600012040BD4D0F8002B0B890979C3F30A031A
:10B570001A4344EA81410A43C0F8002B002070BD01
:10B580009BB21D43C0F81C5800EB4210D0F80039A4
:10B590001B04F3D4D0F800390D890979C5F30A05E5
:10B5A00089042B4341EA82510B432343C0F80039FD
:10B5B000E4E7000000800010D0F800196FF30A01E2
:10B5C000C0F80019D0F8041841F48071C0F80418CC
:10B5D0000020704770B50D460446C2F30721049859
:10B5E0001E4601291BD0E06840F04000E060204684
:10B5F00000F032F8C6F307210029A16B26D021F410
:10B600008031A163C5F30741012907D1A16841F049
:10B610000601A160A16841F02001A16070BDA16B8D
:10B6200021F48031A163E1680A4A1140E160E168D8
:10B6300021F44011E160C0B2012803D1E06840F478
:10B640008010E060204600F007F8DBE741F480312D
:10B65000D7E70000BFFFBDFF08B500214FF07062C3
:10B660000091009B5B1C009393420CD80369002B54
:10B67000F7DA0091016941F0010101610099491C6B
:10B680000091914201D9032008BD0169C907F5D194
:10B69000002008BD30B54C780A78012300EB421237
:10B6A000012C2CD0D2F8004B002C0BDAD2F8004B36
:10B6B00044F00064C2F8004BD2F8004B44F08044E0
:10B6C000C2F8004BD0F83C580C7804F00F0403FA91
:10B6D00004F425EA0444C0F83C48D0F81C48097832
:10B6E00001F00F018B4024EA0341C0F81C18D2F886
:10B6F000000B19490840C2F8000B002030BDD2F8F9
:10B700000049002C0BDAD2F8004944F00064C2F87A
:10B710000049D2F8004944F08044C2F80049D0F80A
:10B720003C480D7805F00F0503FA05F5ADB2AC43C2
:10B73000C0F83C48D0F81C48097801F00F018B4054
:10B7400099B28C43C0F81C48D2F80009034908405C
:10B75000C2F80009D1E700000078F3EF007833EC7D
:10B76000D0F8001E21F00301C0F8001ED0F8041824
:10B7700021F00201C0F8041800207047D0F8001E24
:10B7800021F00301C0F8001ED0F8041841F00201B6
:10B79000C0F80418002070472DE9F04F00250E4630
:10B7A000044617462846294604EB8002C2F80411D5
:10B7B000401C0F28F8D3C3F307405FEA0009204676
:10B7C00016D0806B20F40012A263A06B40F400221C
:10B7D000A263084688462146C4F8000EC7F3072036
:10B7E000012817D00846D1F8001841F0030118E0ED
:10B7F000D0F8040840F00202C4F80428A06B40F41A
:10B800000012A263A06B20F40022A263A06B20F4BC
:10B810008022DDE7300E0846D1F8001801D041F053
:10B820000101C0F80018102100F087FA00B10125CD
:10B83000204600F066FA00B101254046C4F81088A1
:10B84000C4F81488C4F81C8800214FF0006B4FF036
:10B85000904E4FF67F3AF2B215E000BF04EB411371
:10B86000D3F800C9BCF1000F06DA11B1C3F800E942
:10B8700004E0C4F800B901E0C3F80009C3F81009F6
:10B88000C3F808A9491C8A42E8D8002115E000BF86
:10B8900004EB4113D3F800CBBCF1000F06DA11B171
:10B8A000C3F800EB04E0C4F800BB01E0C3F8000BF0
:10B8B000C3F8100BC3F808AB491C8A42E8D8D4F887
:10B8C000101821F48072C4F81028A0616FF0804035
:10B8D0006061C6F3074018B9A06940F01000A0618C
:10B8E000A0690A490843A061C7F3074018B1A069DD
:10B8F00040F00800A061B9F1010F03D1A06904492B
:10B900000843A0612846BDE8F08F000000383C8065
:10B9100004000040816821F001018160002070472F
:10B9200010B5036C134CA34203D9D0F8003B002B95
:10B930001EDB0023C0F8103BD0F8103B43F400237B
:10B94000C0F8103BD0F8103B43F01803C0F8103B90
:10B95000D0F8103B43F0C043C0F8103B012907D199
:10B96000C0F8142BD0F8001B41F08021C0F8001B58
:10B97000002010BD0A30544F4A780B78012A00EBA2
:10B9800043100BD0D0F8002B22F40012C0F8002B8B
:10B990000979032914D0022912D017E0D0F8002920
:10B9A00022F40012C0F800290979032901D00229E4
:10B9B0000CD1D0F8001941F08051C0F8001905E011
:10B9C000D0F8001B41F08051C0F8001B00207047E8
:10B9D0000A784B78D1B200EB4110012B12D0D0F88D
:10B9E000001B002906DB2AB1D0F8001B21F08041A2
:10B9F000C0F8001BD0F8001B41F40011C0F8001B78
:10BA000000207047D0F80019002906DB2AB1D0F8D1
:10BA1000001921F08041C0F80019D0F8001941F454
:10BA20000011C0F80019EBE7F8B50C784F78894D94
:10BA3000E3B26FF0604600EB4313012F29D0D3F837
:10BA4000107B6FF31207C3F8107BD3F8107B2F40E5
:10BA5000C3F8107B002C0C697DD0002C7CD08D6845
:10BA60002C44641EB4FBF5F4A4B265430D62D3F814
:10BA7000105B06EAC4442543C3F8105BD3F8104BAF
:10BA80000D6AC5F312052C43C3F8104B012A7DD073
:10BA9000C7E00F6927B3D3F810796FF31207C3F823
:10BAA0001079D3F810792F40C3F8107944B30F6997
:10BAB0008D682F447F1EB7FBF5F506EAC545D3F820
:10BAC00010693543C3F81059D3F810590E69C6F3FD
:10BAD00012063543C3F810590D79012D1CD027E00B
:10BAE000D3F810692E40C3F81069D3F8105945F403
:10BAF0000025C3F81059D3F810596FF3120515E05B
:10BB00000E698D68AE4200D90D61D0F8105945F428
:10BB10000026C0F81069D7E7D3F8105925F0C045C2
:10BB2000C3F81059D3F8105945F00055C3F810590F
:10BB3000012A1AD000EB4413D3F8004944F004441E
:10BB4000C3F800490C79012C32D00A697AB3D0F8D5
:10BB50003428097801E040E052E001F00F030121B0
:10BB600099400A43C0F8342871E0CA691AB100EB61
:10BB70004413C3F814290979012910D1D0F8081801
:10BB8000C90500EB4411D1F8002900E045E002D4DA
:10BB900042F0005201E042F08052C1F8002900EB6F
:10BBA0004410D0F8001941F00441C0F800194EE0EB
:10BBB000D0F80848E405D3F8004902D444F0005412
:10BBC00001E044F08054C3F8004900920A8A93B21D
:10BBD0000A78C96800F0DEF939E00CB18C680C61B4
:10BBE0008C680C62D0F8105BC4F312042543C0F8D3
:10BBF000105BD0F8104B44F40024C0F8104B45E71C
:10BC0000D3F8104B8D68C5F312052C43C3F8104BC5
:10BC1000D3F8104B44F4002436E7CA680AB1C3F8DD
:10BC2000142B097901290CD1D0F80808C005D3F8E4
:10BC3000000B02D440F0005001E040F08050C3F807
:10BC4000000BD3F8000B40F00440C3F8000B0020B9
:10BC5000F8BD0000FFFF07E038B500220092134650
:10BC60004D780A7842F2107400EB4212012D19D07F
:10BC7000D2F8005B002D3CDAD2F8005B45F000659D
:10BC8000C2F8005B0A7800EB4212D2F8005B45F084
:10BC90008045C2F8005B009A521C0092A24221D952
:10BCA000012326E0D2F80059002D22DAD2F80059FB
:10BCB00045F00065C2F800590A7800EB4212D2F84C
:10BCC000005945F08045C2F80059009A521C009274
:10BCD000A242E5D80A7800EB4212D2F80029002AE5
:10BCE000F3DB06E00A7800EB4212D2F8002B002AC0
:10BCF000D1DB184638BD816841F001018160002028
:10BD0000704708B500214FF070620091009B5B1CEA
:10BD1000009393420AD80369002BF7DA00911021AF
:10BD200001610099491C0091914201D9032008BD8D
:10BD30000169C906F5D4002008BD18B500224FF0EE
:10BD400070630092009C641C00949C420CD80469AF
:10BD5000002CF7DA0092202242EA81110161009959
:10BD6000491C0091994201D9032018BD0169890637
:10BD7000F5D4002018BDD0F8080810F0060004D053
:10BD8000022803D0062801D00F20704702207047F8
:10BD9000406900F001007047D0F81818D0F81C086E
:10BDA000084080B27047D0F81818D0F81C08084036
:10BDB000000C704710B5D0F81038D0F8342801F0D6
:10BDC0000F0400EB4110E24002F00102D0F8080934
:10BDD00043EAC212104010BD00EB4111D1F8081B1C
:10BDE000D0F81408084070474169806908407047DE
:10BDF00030B503460846940802F00301002203F51B
:10BE0000805303E01D6840F8045B521CA242F9D342
:10BE100000290BD01C680022D50024FA05F3491E26
:10BE2000521C090400F8013B090CF5D130BD70B576
:10BE30000446C068002520F0C040E060012901D020
:10BE400079B120E0E06840F00050E0600A20F8F7A7
:10BE5000E1FC60690A3510F0010F10D1C82DF5D34F
:10BE60000DE0E06840F08040E0600A20F8F7D2FC86
:10BE700060690A3510F0010F01D0C82DF5D3C82D27
:10BE800001D0002070BD012070BDD0F8002822F440
:10BE9000FE62C0F80028D0F800284FF4FE6303EAE1
:10BEA00001110A43C0F8002800207047022A3ED141
:10BEB000264A274B0A449A4201D20F2138E0254AEC
:10BEC000254B0A449A4201D20E2131E0234A244BE9
:10BED0000A449A4201D20D212AE0224A224B0A4406
:10BEE0009A4201D20C2123E0204A214B0A449A4273
:10BEF00001D20B211CE01F4A1F4B0A449A4201D277
:10BF00000A2115E01D4A1E4B0A449A420FD31D4ACE
:10BF10001D4B0A449A4201D2082109E01B4A1144F0
:10BF20001B4A914201D2072102E0062100E00921CB
:10BF3000C26822F47052C260C2684FF4705303EAC0
:10BF400081210A43C260002070470000405327FF50
:10BF500000350C00401E1BFF40420F0000DC0BFFB1
:10BF6000804F1200808CF9FE20D6130060B6E5FEEB
:10BF700060E3160000D3CEFE40771B00C05BB3FE2B
:10BF8000C091210000CA91FE20753800E05459FE8E
:10BF9000E09C410010B5029C74B9DB1C9C0800EBCE
:10BFA0000230002300F5805004E000BF51F8042B5C
:10BFB00002605B1CA342F9D3002010BDFEE7000025
:10BFC0002DED048B82B001F0B5FD264C9FED248A47
:10BFD000254E264FDFED269ADFED268A9FED269A25
:10BFE000002504F19C0800906421684601F096FD4C
:10BFF0001DB9606808B194ED248A206896ED4A0A5C
:10C0000097ED001AD0ED010A6568404600EEC10ABE
:10C0100084ED240A30EE480AC0EE290A80EEA80A10
:10C0200020EE090AFBF7BCFF84ED260A2068D6ED56
:10C03000490A94ED248A90ED000A30EE200AC0EE01
:10C04000280A20EE890A01F09DF82068D0ED030A45
:10C0500020EE200A84ED230AFDF768F9C4E700000A
:10C060000000000078420020BC3D00203800002085
:10C07000CDCCCC3D0000B443DB0FC9402DED048B8B
:10C08000ADF5066DF8F78EFDFDF748F8984C97482A
:10C09000282120606846F4F73DF99FED960A8DED62
:10C0A000030AB2EE040A8DED000A9FED938A9FED1C
:10C0B000930A8DED050ADFED920ACDED060ADFED5C
:10C0C000910A6946CDED070A8DED088A8DED090AC2
:10C0D00004F10800FDF70AFB694604F14800FDF78A
:10C0E00005FB0026B3EE040A666084ED220A04F123
:10C0F000C80084ED238A4FF48071834601F01EFB53
:10C1000004F1E00080218246FAF728FF84ED248ABA
:10C1100084ED258A84ED268ADFED7B0AB2EE040ADF
:10C1200004F19C00FBF72CFF0020C4F8E06400BF82
:10C1300004EB8001401C81EDB88A8028F8DB0020E8
:10C1400004EB800101F58061401C81ED398A2028D3
:10C15000F6DB1C226D490DF62800C4F86865F4F77B
:10C16000C0F800210DF6280001F0F0FC684FB7EE92
:10C17000009A04F2E449F0EE008A664DDFF89881F7
:10C18000C7F8040001F00CFD01F026FDF8F70AFDE8
:10C1900021682A6842B1AA6B32B191ED030AB5EE6B
:10C1A000C00AF1EE10FA01D16660EBE798ED4A0A99
:10C1B000D1ED020A97ED001A00EEC10A84ED250ABE
:10C1C000616861B9012161605FF0000104EB8102E7
:10C1D00094ED250A491C82EDB80A8029F6DB7F21FF
:10C1E00004EB8102491E92EDB70A012982EDB80ADB
:10C1F000F6DA94ED250A84EDB80AD4F86815411AE8
:10C2000064295DD9C4F8680580230AAA51464348C9
:10C21000F5F738F980200AA901EB8002401C82ED75
:10C22000008AFF28F8DD00230DF58562584601F0ED
:10C2300069FA202249460DF58560F4F7A7FCDFED89
:10C24000380A00204FF07F51226892ED0B0AB8EEB9
:10C25000C00A20EE200A20EE281A00EE100AB8EEDE
:10C26000C00A21EE000A10EE102A8A4208DC04EB14
:10C27000800202F58062401C82ED398A4028E3DBAF
:10C280000DF64C030DF6580220214846F5F792F8BA
:10C29000206890ED0B0A0DF50060B8EEC00AC9EEFB
:10C2A000000A9FED200A20EE800A60EE280A90ED39
:10C2B000130A1D48B8EE400A20EE800A80ED590AA4
:10C2C000206895ED170AD0ED010A30EE600AD8ED2E
:10C2D0004A0A30EE200A85ED150A00F027F8D5ED60
:10C2E000180A30EE200A85ED160A4BE7906500200B
:10C2F00078420020A69BC43B00000000FFFF7F7F28
:10C300000000B442000048420000C84218EC000897
:10C3100038000020543D0020BC3D0020584500203E
:10C320000000003C000000437846002010B51A4C85
:10C33000DFED1A0A2DED028B94ED220A206880EEC3
:10C34000808AD0ED030A20EE081A80EE810A00F000
:10C350009BFAF7EE000A94ED221A30EE600A20EE06
:10C36000080A61EE001A80EEA11ADFED0D1AD4ED75
:10C37000230A60EE211A41EE800A21EE200A00F025
:10C38000C5F89FED081ABDEC028BC0EE010A9FEDC7
:10C39000060A20EE800A10BD78420020E967354287
:10C3A000CDCC9C40DB0FC9400000B44341000802E3
:10C3B00018BF04200A0E18BF40F001004FF07F4262
:10C3C00032EA010108BF40F00200012808BF052041
:10C3D00070470907090E002804DB00F1E02080F80F
:10C3E0000014704700F00F0000F1E02080F8141DE9
:10C3F0007047000010B510EE104A4FF01A402DEDB6
:10C40000028B00EB4400B0F1C85F4AD84FF0FC400B
:10C41000B0EB440F22D2B0EEC00AF7EE000A30EEC5
:10C42000C00AF6EE000A20EE208A18EE100A01F08B
:10C4300021FE00EE100A14F0004F1DBF9FED281AD8
:10C44000DFED280AB1EE400A9FED271A08BFF0EE93
:10C45000410AF8EE001A20EE210A05E020EE008ADB
:10C460009FED221ADFED220ADFED221A9FED222A2C
:10C4700070EEC00A20EE080A08EE212ADFED1F1A2E
:10C4800048EE021A9FED1E2A08EE212ADFED1D1A42
:10C4900048EE021ABDEC028B40EE610A30EE810AD2
:10C4A00010BD4FF0CC40B0EB440F82BF9FED160A99
:10C4B000BDEC028B10BD4FF07F40B0EB440F05D2B6
:10C4C000BDEC028BBDE8104000F04CBF012001F034
:10C4D00021F8BDEC028BBDE8104000F049BF000020
:10C4E0000000494022AA7D3A000000000000C93F38
:10C4F00022AAFD3924FE1C3DC78AD83C1E67383D60
:10C500001B93993DAFAA2A3EDB0FC93F10B54FF0F0
:10C510000E402DED028BB0EE408A18EE104A00EB73
:10C520004400B0F1506F4AD84FF0FC40B0EB440FDC
:10C5300022D2B0EEC80AF7EE000A30EEC00AF6EEDC
:10C54000000A60EE208A18EE900A01F093FD01EED9
:10C55000100A14F0004F1DBFDFED2D0A9FED2D0ACC
:10C56000B1EE411ADFED2C0A08BF9FED2C0AF8EE60
:10C57000001A21EE218A05E0DFED290A68EE088A1B
:10C58000B0EE600A9FED271ADFED271A30EE080A99
:10C5900048EE811A9FED251A08EEA11ADFED241A44
:10C5A00048EE811A9FED231A08EEA11A68EE281AA8
:10C5B000BDEC028B01EE810A30EE200A10BD4FF077
:10C5C000E440B0EB440F0CD918EE100AFFF7EEFE72
:10C5D000042808BF00F0DCFEB0EE480ABDEC028B78
:10C5E00010BD4FF07F40B0EB440F07D2B0EE480AC9
:10C5F000BDEC028BBDE8104000F0B4BE012000F09D
:10C6000089FFBDEC028BBDE8104000F0B1BE000018
:10C610000000C9BF22AAFDB90000C93F22AAFD3906
:10C620000000000024FE1C3DC78AD83C1E67383D30
:10C630001B93993DAFAA2A3E10EE100A10B510EEDA
:10C64000901A4FF0684202EB40032DED028BB3F1DC
:10C65000654F3CBF02EB4102B2F1654F7CD200BF97
:10C66000C0F3C753C1F3C7529A1A1B2A09DD10F051
:10C67000004F14BF9FED6E0A9FED6E0ABDEC028B5A
:10C6800010BD12F11A0F1BDA11F0004F09D010F093
:10C69000004F0CBF9FED680A9FED680ABDEC028B4E
:10C6A00010BD80EE208A18EE100AFFF77FFE0428E6
:10C6B00008BF00F06DFEB0EE480ABDEC028B10BD65
:10C6C0004200B2EB410F37D910F0004F19BFDFED38
:10C6D0005C1A9FED5C1ADFED5C1A9FED5C1AB0EE00
:10C6E000602A0A46F1EE400A80F00041B0EE420AAC
:10C6F00010460A1A5200B2F1807F34D2484010F03E
:10C70000004FDFED532A9FED533A1DBFBEEE002AC6
:10C7100071EEE21A31EE431AB6EE002A04BF71EE52
:10C72000A21A31EE031AF0EE402A42EE602A40EEE1
:10C73000020A82EEA02A18E011F0004F04BF9FED1C
:10C74000461AF0EE411AD4D010F0004F1CBFDFEDB6
:10C75000431A9FED431A00E026E004BFDFED411AC3
:10C760009FED411AC5E780EE202A22EE020ADFED96
:10C770003F0ADFED3F2ABDEC028B40EE202ADFEDC1
:10C780003D0A40EE220ADFED3C2A40EE202ADFED92
:10C790003B0A40EE220A22EE000A00EE201A31EE99
:10C7A000020A30EE210A10BD4FF07F42B2EB400F7B
:10C7B00028BFB2EB410F05D2BDEC028BBDE81040A3
:10C7C00000F0D3BD40EA01035B0008BF41F0FF4128
:10C7D0000BD0B2EB400F08BFB2EB410F08D120F0F5
:10C7E000804000EE100A21F0804100EE901A37E7F9
:10C7F000B2EB400F12BF5FEA410240F0FF4001F090
:10C8000000413FF42DAF4A0092EA40033FF528AFC4
:10C81000002AACBF9FED1A1A9FED1A1A20EE010AEA
:10C8200060EE810A10EE100A10EE901A18E7000070
:10C83000DB0FC9BFDB0FC93FDB0F4940DB0F49C02E
:10C840000000C9BF22AAFDB90000C93F22AAFD39D4
:10C850000060ED3EC30ACE3700000000000049C072
:10C8600022AA7DBA0000494022AA7D3A2DAD65BDBD
:10C870008FB8D53D0FB511BE61C84C3EA8AAAABE5F
:10C880000000804F0000802F10B510EE104A4FF0CE
:10C8900019406849002200EB44002DED028B8842CC
:10C8A00057D8DFED650A14F0004F60EE200A14BF80
:10C8B000BEEE001AB6EE001A71EE200AFDEEE00A96
:10C8C00010EE900A00EE900AF8EEE00A9FED5B1A77
:10C8D00000EEC10A9FED5A1A00EEC10ADFED590AB7
:10C8E0009FED591A00EE201ADFED580A40EE010ABA
:10C8F0009FED571A574B00F0030100EE201A21EE6E
:10C90000000A7B4403EB8103D3ED000A524B7B44C6
:10C9100003EB810393ED001A504B41EE000A7B4478
:10C9200003EB8101801091ED000A70EE800AEABBF2
:10C9300000EE100AB8EEC01ADFED491A9FED490A61
:10C94000BDEC028B01EE210ABCEEC00A20EE200AEB
:10C9500010BD4FF0FF40A0431BD04FF0CE40B0EBD6
:10C96000440F82BFB7EE000ABDEC028B10BD3E48FB
:10C97000B0EB440F28BF012293D2022000F0CAFD81
:10C9800014F0004F15D0BDEC028BBDE8104000F054
:10C99000FFBC14F5000F02BF9FED340ABDEC028B03
:10C9A00010BDBDEC028BBDE8104000E007E000F0D8
:10C9B000D9BCBDEC028BBDE8104000F0E1BC00EB3F
:10C9C000D07359104FF07E5202EBC15100EE101A95
:10C9D000A0EB630002EBC05060EE200A00EE100AEC
:10C9E00020EE208A18EE100A88B118EE100AB0F175
:10C9F000FF4F15D018EE100AFFF7D8FC042808BF27
:10CA000000F0C6FCB0EE480ABDEC028B10BD02205F
:10CA100000F080FDBDEC028BBDE8104000F0B8BC1A
:10CA2000022000F077FDBDEC028BBDE8104000F065
:10CA3000A7BC00000000501E3BAAB8400070313E69
:10CA4000F4FD053712BB2A3D12BB2A3EFFFFFF3E15
:10CA5000FFFF7F3FEE230000F2230000C22300000F
:10CA60000000004B00007E4E0000A085000000008A
:10CA700010B52DED028BF0EE408A18EE900AB0EE64
:10CA8000608A20F00040C0F1FF40C00F07D118EECF
:10CA9000100A20F00040C0F1FF40C00F2BD018EE6C
:10CAA000101A18EE900AF3F75FFC00EE100A10EE71
:10CAB000100A6FEAD05010F0FF0F04BFBDEC028BDC
:10CAC00010BD18EE900A00F0004110EE100A00F0C0
:10CAD0000040814204BFBDEC028B10BD18EE101A5D
:10CAE00010EE100ABDEC028B61F31E0000EE900AFE
:10CAF00030EE600A10BD18EE900A4FF07F41B1EBA6
:10CB0000400F1CBF18EE100A5FEA4000C7D1012099
:10CB100000F000FDBDEC028BBDE8104000F028BC29
:10CB200010B510EE100A2DED068BB7EE001A10EEC0
:10CB3000901AB0EE418A0022A0F5000CDFEDFE9ABB
:10CB40004FF00073BCF1FE4F4FF07F4403EB410CFC
:10CB500080F0B481BCF1804FC0F02082F7490144DD
:10CB60009FEDF73AB1F5005F40F2D48200F58021E5
:10CB7000CB0C03F00F0101EE901AC3F307137F3BB8
:10CB8000A0EBC350B8EEE12A00EE100A1A44DFED24
:10CB9000ED2AF0EE411A42EE221AF0EE613A70EE02
:10CBA000232A30EE632A12EE900A00F500606FF33C
:10CBB0000B0001EE900A73EEE13A33EE804AC1EECB
:10CBC000223A22EE230A10EE100A00F500606FF3FD
:10CBD0000B0000EE100A00EE612A00EE442A62EE1D
:10CBE000232A70EE221A21EEA12ADFEDD73A02EEB7
:10CBF000233A23EE023A20EE012A22EE811A03EEB6
:10CC0000211A32EE010A10EE100A00F500606FF3EF
:10CC10000B0000EE100A72EE401A31EE812A9FEDF1
:10CC2000CB1A60EE011A9FEDCA1A20EE011A9FED91
:10CC3000C90A02EE001A31EE810A10EE100A00F560
:10CC400000606FF30B0000EE100AC34871EEC01ACB
:10CC500031EE812A784400EBC10090ED003AD0ED2E
:10CC6000011A100101EE100AF8EEC12A32EE211A63
:10CC700031EE001A31EE031A31EE221A11EE100ACB
:10CC800000F500606FF30B0009EE100A39EE621A2E
:10CC900031EE431A31EE400A30EE610A32EE40AA1C
:10CCA00010EE900A002100F500606FF30B0008EE13
:10CCB000900A084670EEE8AAF3F77FFB29EE280AEF
:10CCC00000F00C01F0EEC00A10EE900AB0F18B4FAC
:10CCD0000DDD10EE900AB4EB400F08D310EE100AF1
:10CCE0004FF08B4262F31E0008EE900A13E069EEEB
:10CCF0002A0A38EEAA1A4AEE010A30EE201A11EE7C
:10CD0000100A00F500606FF30B0008EE900A30EE99
:10CD1000680A70EE209A0C20F3F74FFB38EEA90A50
:10CD2000B5EEC00AF1EE10FA34BFFEEE000AF6EEE0
:10CD3000000A30EE800ABDEEC00A10EE100A0111A2
:10CD400000EE101AF8EEC00A00EE100AB8EEC00AA3
:10CD500038EEC00A30EE290ADFED801A9FED801A06
:10CD600000EE211ADFED7F1A7F4900F00F0040EE40
:10CD7000011A21EE800A794401EB800191ED001A3D
:10CD80007A49794401EB8001D1ED001A784901EE2E
:10CD9000801A794401EB8000764990ED000A31EE6B
:10CDA000001AB0EEE00A10EE100A884215DA10EE12
:10CDB000100AB4EB400F10D39FED6F0A30EE800ADB
:10CDC000DFED6E0A20EE200A68EE010ABDEC068B4C
:10CDD000BCEEC00A20EE200A10BD10EE100A684911
:10CDE000884243DA10EE100AB4EB400F3ED3BDEE9A
:10CDF000E00A68EE010A10EE100A00EBD072511042
:10CE0000C90501F17E5100EE101AA0EB6200C005C9
:10CE100060EE200A00F17E5000EE100A60EE808A7B
:10CE200018EE900AB4EB400F0FD1022000F072FB15
:10CE300000F0A6FA10EE101A18EE100ABDEC068BE0
:10CE400061F31E0000EE100A10BD18EE900A4000BB
:10CE500011D018EE900AFFF7A9FA042808BF00F0D5
:10CE600097FAB0EE680ABDEC068B10BDF5EEC00A6D
:10CE7000F1EE10FA0FD2022000F04CFB00F088FA1D
:10CE800010EE101A18EE100ABDEC068B61F31E00AE
:10CE900000EE100A10BD022000F03CFB00F070FA1A
:10CEA00010EE101AB0EE480A10EE100ABDEC068B18
:10CEB00061F31E0000EE100A10BD00BFBCF1804FF0
:10CEC0006CD300BF00F1FF43B3F1FE4F24D200BF8B
:10CED000B0EEC00A10EE100AC1F3C7537F2B0DDB72
:10CEE000972BBFF63BAEC3F196034FF0010C0CFA43
:10CEF00003F3A3F1010C1CEA010F08D0012000F09C
:10CF000009FBBDEC068BBDE8104000F031BA0B42C6
:10CF100018BFBFEE008A21E643001CBF4FF08073AC
:10CF2000B3EB400F34D96FF01A02DFED161A20EE82
:10CF3000210A10EE100A27E000000000001080C057
:10CF4000ABAAAA3E0000803D7EE24C3E00B03842D3
:10CF5000D49AB8BB3BAA3842BC200000FC596337C6
:10CF6000C9FF753A1872313D5A2000008E2000002A
:10CF7000FE1F00000000FC420000FE420000004BCB
:10CF8000000040430000004D10F0004FA0D1E5E547
:10CF9000A0F50003B3F1FE4F21D2DFE503EB41031F
:10CFA000B3F1007F11D3F5EEC00AF1EE10FA05D10E
:10CFB000430018BFB4EB400F76D883E701F000417F
:10CFC00041F0FC5100EE901A7CE7B3F1807F06D26D
:10CFD00010EE903AA3F5000300EE903A72E720F0CD
:10CFE00000426FF0FF4C604C02EB0C03A34210D3E5
:10CFF00021F000439C44A4450BD3B0F17E5F18BFE1
:10D000005FEA410C50D0B2F1FF4F98BFB3F1FF4F30
:10D0100005D9BDEC068BBDE8104000F0A6B9B0F113
:10D02000FF4F0FD0C1F3C7527F2A09DB972A11DACD
:10D03000C2F19602012303FA02F2531E0B4205D0FD
:10D04000002208E011F0004F55D128E00A4218BF35
:10D05000012200D1022210F5000F13D028B3B0F145
:10D06000004F26D010F1814F4FD04FF0FE42B2EB6F
:10D07000400F94BF01200020012202EBE1718842A1
:10D0800039D10CE011F0004F02D0012A38D032E043
:10D09000012A02BF9FED350ABDEC068B10BD9FED46
:10D0A000340ABDEC068B10BD2FE011F0004F0CD1FF
:10D0B00021E0B1F1FF4F1ED011F5000F05D011F0A6
:10D0C000004F15D00AB1012A08D0022000F022FA40
:10D0D000BDEC068BBDE8104000F03AB9022000F02C
:10D0E00019FA00F035F9BDEC068BB1EE400A10BD1F
:10D0F0000AB1012A04D0B0EE690ABDEC068B10BD5E
:10D10000BDEC068B9FED1B0A10BDBDEC068BB7EE88
:10D11000000A10BD30EE410AB5EE001A9FED172A45
:10D1200000EE413AB6EE001A60EE001A00EE431A25
:10D1300061EEC11A9FED101A20EE011A20EE020ACC
:10D140009FED0F2A01EE820A71EE001A11EE900A8D
:10D1500000F500606FF30B0009EE100A31EE491A7A
:10D1600031EE00AA9CE50000FFFF3F00000080FFB9
:10D170000000807F0000008000B0B841D49A38BB26
:10D180003BAAB84100B510EE101A2DED028B81B00C
:10D19000524A6846B2EB410F2ED94FF0E640B0EB51
:10D1A000410F94BF00204FF0FF3000900098B0EE88
:10D1B000408A00286ADB10F0010F4BD068EE080AA5
:10D1C0009FED471A9FED470A00EE810A9FED461A30
:10D1D00010F0020F00EE801AB7EE000A00EE810A8E
:10D1E00002BF01B0BDEC028B00BD00BF01B0B1EECB
:10D1F000400ABDEC028B00BD3C4B21F00042934243
:10D2000041D911F0004FDFED3A0A20EE201ADFED90
:10D21000390A19BF31EE601A71EE200A31EE201A78
:10D2200071EE600ABDEEE01A11EE100A9FED321A9F
:10D2300000F0030000EEC10A9FED301A009000EEEE
:10D24000C10A9FED2F1A00EEC10A9FED2E1A00EEC3
:10D25000C10AABE728EE080A9FED2B1ADFED2B0A77
:10D2600010F0020F40EE410A9FED291A00EE201A3D
:10D2700061EE000AB0EE480A08EE200AB6D101B00D
:10D28000BDEC028B00BD00F08BF88FE718EE100AA2
:10D290004000B0F17F4F0DD218EE100AFFF786F86C
:10D2A000042808BF00F074F8B0EE480A01B0BDECE5
:10D2B000028B00BD09D1012000F02CF901B0BDECBA
:10D2C000028B5DF804EB00F053B801B0B0EE480AF1
:10D2D000BDEC028B5DF804EB00F044B8B61F927E03
:10D2E000B93AB2BACA9F2A3DDDFFFFBE490E494690
:10D2F00083F9223F0000004B0000C93F00A0FD3928
:10D300000020A2331A61342C336D4C39DA82083C88
:10D31000A0AA2ABE10B52DED028BB1EEC08A18EE80
:10D32000100A20F00040C0F1FF40C00F0AD010EEFC
:10D33000100A20F00040C0F1FF40C00F04BF0120E0
:10D3400000F0E8F8B0EE480ABDEC028B10BD00001A
:10D35000DFED030AB7EE001A81EE200A70470000E5
:10D360000000000030EE000A704730EE200A7047DF
:10D37000DFED020A80EEA00A704700000000000006
:10D380009FED020A20EE000A7047000000000070C6
:10D390009FED020A20EE000A704700000000001016
:10D3A0002DE9F0014FF07F42B2EB410F9FBF4FF0EC
:10D3B000FF310160BDE8F00170474FF0004242EAE2
:10D3C0000123C1F3C752783A551112F01F0C434C98
:10D3D000CCF120067C44C1F3C752A2F178024FEA97
:10D3E000621204EB820254F8254008BFD2E90156CC
:10D3F00012D0556804FA0CF425FA06F73C439768F6
:10D4000005FA0CF527FA06F8D26807FA0CFCF24088
:10D4100045EA08054CEA0206A4FB034CA5FB0352AF
:10D42000A6FB03631D449D4234BF01260026131949
:10D43000334416B1934202D903E0934201D2012250
:10D4400000E00022624402F1200C9206DC0C42EA69
:10D45000443200EE102A5B03DFED210AF8EEC01A19
:10D4600000EE103A4FEA9C1C11F0004FB8EE400A53
:10D47000C0F800C020EE201A00EE105ADFED190AA5
:10D48000B8EE400A20EE200A71EE810A70EE800AA2
:10D4900010EE902A02F500626FF30B0200EE902A64
:10D4A00070EEE11A31EEC11ADFED101A30EE411ABA
:10D4B0009FED0D0A20EE800A01EE210A9FED0C1A65
:10D4C00000EE810A04BFBDE8F0017047CCF1805145
:10D4D0000160BDE8F001B1EE400A70477C1A00001F
:10D4E000000000360000802C22AAFD29DB0FC92F86
:10D4F0000000C92F02E008C8121F08C1002AFAD193
:10D5000070477047002001E001C1121F002AFBD1C3
:10D51000704700000149086070470000E0020020E9
:10D52000002201804260B1F5807F27D008DC1029FD
:10D530002CD0202928D0402924D080290CD11FE0CC
:10D54000B1F5007F18D0B1F5806F13D0B1F5006F41
:10D5500008D0B1F5805F03D04FF0FF32104670471E
:10D560000B4900E00B498B8983818B688360496894
:10D570004160F3E70849F6E70849F4E70849F2E7AC
:10D580000849F0E70849EEE70849ECE70849EAE707
:10D590003444010804440108D44301084444010808
:10D5A00014440108E44301085444010824440108D8
:10D5B000F443010810B504000CD04FF40071FFF7DC
:10D5C000AFFF002805D14FF48060208203486061DE
:10D5D000002010BD4FF0FF3010BD0000E84B0208E6
:10D5E00010B504000AD04021FFF79AFF002804D1AB
:10D5F0008020208203486061002010BD4FF0FF3082
:10D6000010BD0000E85B020810B504000CD04FF418
:10D610008061FFF785FF002805D14FF4006020826C
:10D6200003486061002010BD4FF0FF3010BD0000C6
:10D63000E85D020810B504000BD08021FFF770FFF1
:10D64000002805D14FF480702082034860610020DB
:10D6500010BD4FF0FF3010BDE87D020810B504008A
:10D660000AD01021FFF75CFF002804D1202020827F
:10D6700003486061002010BD4FF0FF3010BD000076
:10D68000E881020810B504000CD04FF40061FFF7E8
:10D6900047FF002805D14FF4805020820348606185
:10D6A000002010BD4FF0FF3010BD0000688202085E
:10D6B00010B504000CD04FF48071FFF731FF002843
:10D6C00005D14FF40070208203486061002010BD36
:10D6D0004FF0FF3010BD000068C2020810B5040012
:10D6E0000AD02021FFF71CFF002804D1402020820F
:10D6F00003486061002010BD4FF0FF3010BD0000F6
:10D7000068CA02082DE9F0411D0017460E4604467E
:10D7100009D000F0ACF92A4639462046BDE8F04170
:10D720000123F2F7E1BE01232A46F2F7DDFE3A4675
:10D7300031462046BDE8F04100F0BCBCB1F5007FA9
:10D7400019D009DC20291ED040291AD0802916D0F2
:10D75000B1F5807F1AD110E0B1F5806F09D0B1F535
:10D76000006F04D0B1F5805F10D10A490CE00A497E
:10D770000AE00A4908E00A4906E00A4904E00A49C1
:10D7800002E00A4900E00A4901B108474FF0FF30C2
:10D790007047000085D6000809D60008B5D50008F6
:10D7A000B1D6000835D60008E1D50008DDD600085E
:10D7B0005DD6000870B5F4F769FA8020F4F7B6FB7F
:10D7C0005520F4F7B3FB5520F4F7B0FB424C207022
:10D7D000F4F754FA0120F7F71DF8F4F757FA802010
:10D7E000F4F7A4FB5520F4F7A1FB5520F4F79EFBBA
:10D7F0002070F4F743FA0120F7F70CF8F4F746FA33
:10D80000B6217E20F4F7A4FBF4F738FA5020F7F79E
:10D8100001F8F4F73BFA8020F4F788FB5520F4F781
:10D8200085FB5520F4F782FB2070F4F727FA0120DE
:10D83000F6F7F0FFF4F72AFA8020F4F777FB55208B
:10D84000F4F774FB5520F4F771FB2070F4F716FA27
:10D850000120F6F7DFFF20781E2801D0FF2070BDE1
:10D860001D4D002060702435F4F710FA607800EB4D
:10D8700040004119285C4978F4F76AFBF4F7FEF997
:10D880000120F6F7C7FFF4F701FA607800EB4000DB
:10D89000285C40F08000F4F749FB5520F4F746FB84
:10D8A0005520F4F743FB2070F4F7E8F90120F6F770
:10D8B000B1FF6078237800EB400129444A789A420E
:10D8C00003D08978A2781143A170401CC0B2607067
:10D8D0000628C9D3002070BDC400002070B5F4F73D
:10D8E000E5F93C490020F4F715FBF4F7D7F90120DE
:10D8F000F6F790FFF4F7DAF936490020F4F70AFB5F
:10D90000F4F7CCF90120F6F785FFF4F7CFF9B6214B
:10D910001420F4F71DFBF4F7C1F95020F6F77AFF55
:10D92000F4F7C4F92B490020F4F7F4FAF4F7B6F948
:10D930000120F6F76FFFF4F7B9F926490020F4F754
:10D94000E9FAF4F7ABF90120F6F764FF214C2078EF
:10D950000F2801D0FF2070BD1E4D002060703635AD
:10D96000F4F7A4F9607800EB40004119285C49788D
:10D97000F4F7EEFAF4F792F90120F6F74BFFF4F71B
:10D9800095F96078134900EB4000285CF4F7C2FA7F
:10D99000F4F784F90120F6F73DFF6078227800EB78
:10D9A00040012944497891420BD0401EC0B2094938
:10D9B000607000EB400024310844A178807808436F
:10D9C000A0706078401CC0B260700628C8D30020E8
:10D9D00070BD0000C4000020EFF30580002800D0D7
:10D9E0000120704710EE100AF6EE000A074960EEBB
:10D9F000200AA1EB600000EE100A20EE801AF7EE7C
:10DA0000080A41EE400A20EE800A7047865A375FC6
:10DA1000F7F7D6F8FCF7A8F9FBF7C2F8FBF70EF812
:10DA2000FAF7C8FFFAF7E8FFFBF76CF9FBF770FAB3
:10DA3000FBF7AAFAFBF7BEF9FBF718FAFBF786F932
:10DA4000FBF782FAFBF7F0F94FF4FA70F6F7E2FE13
:10DA5000F4F754FBF4F77CFBFBF736F800F065F8BD
:10DA6000FEE701460020842900D0C81C704710B58D
:10DA700091ED001AD1ED010A4369B6EE000A71EE8C
:10DA8000201A71EE600A008861EE801A60EE800A4A
:10DA9000401EC2ED001AC2ED010A01EBC0040831BC
:10DAA0000832083330E094ED001AD1ED003A94EDDD
:10DAB000013AD1ED012A33EEC14AD3ED001A72EEDC
:10DAC000830A33EE811A21EE845A93ED012A401E17
:10DAD000083162EE204A31EE451A22EE042A61EE48
:10DAE000A00A083331EE641A21EE001A82ED001A02
:10DAF00032EEC31A31EE021A71EE600A60EE800A4D
:10DB0000C2ED010A0832083C0028CCDC10BD10B57B
:10DB100000B9012000F012FC002010BD10B501B9C1
:10DB2000012100F031FC002010BD10B500F006FD11
:10DB3000002010BD10B5FFF74FFF18B1BDE8104031
:10DB400000F0A4BEBDE8104000F09ABE7FB50D46BF
:10DB500004464169B0F9080081B1A16971B1FFF7CC
:10DB600080FFD4E905128DE80700D4E900102B46A8
:10DB7000226900F054FE039004B070BDFFF771FFFE
:10DB800003A9CDE90001208A2B4682B2D4E9001016
:10DB900000F018FE012801D00020EDE70398EBE724
:10DBA00000F068BE10B50446FFF716FF00282046B7
:10DBB0000BD000F03BFF012809D10649000708609F
:10DBC000BFF34F8FBFF36F8F01E000F079FC0020AF
:10DBD00010BD000004ED00E010B500F0E5FC0020F1
:10DBE00010BD10B500F016FC002010BD2DE9F0416D
:10DBF000184C0F460546E6682068001D00F0ACFA98
:10DC000038B9206890F82C100120884021698143A0
:10DC10002161681C07D137B12168BDE8F0410E4889
:10DC2000091D00F0DDBA20683544B5424560216821
:10DC300005D2A06BBDE8F041091D00F0B9BA606BD8
:10DC4000091D00F0B5FAA06A854200D2A562BDE8C0
:10DC5000F081000010010020E46600202DE9F04171
:10DC6000054600F0C9FA2E4CA068401CA060206850
:10DC70002C4F10B1606940B32DE02560A0680128E9
:10DC800029D1002606EB860007EB800000F082FA1F
:10DC9000761C072EF6D323488C3000F07BFA2148FF
:10DCA000A03000F077FA1F48B43000F073FA1D4836
:10DCB000C83000F06FFA1B48DC3000F06BFA1948EE
:10DCC0008C3060631430A06305E02068E96AC06AA4
:10DCD000884200D82560606A401C6062E96A0120C1
:10DCE000226988401043206101EB810007EB80002E
:10DCF000291D00F075FA00F09FFA606900280CD029
:10DD00002068E96AC06A884207D207494FF080500C
:10DD10000860BFF34F8FBFF36F8FBDE8F081000045
:10DD2000100100200866002004ED00E010B5044654
:10DD300090F8510058B101280CD002280FD0502083
:10DD400080F31188BFF34F8FBFF36F8FFEE7206B17
:10DD500000F086FA2046BDE8104000F081BA10BD00
:10DD600010484FF48041420706D0C01D0D4920F0F5
:10DD70000700411AC1F580410B4A00230144C2E962
:10DD800000030839183A21F0070111604B600B605D
:10DD90000B1AC0E9001393604FF0004053605061CC
:10DDA00070470000F866002064010020144E154CF6
:10DDB000A6F1C8074FF08058DFF84C9012E000BF82
:10DDC00000F01AFAF068C568281D00F0C5F9A068CF
:10DDD000401EA0606068401E606000F02DFA28467A
:10DDE000FFF7A4FF60680028EAD138680128F9D954
:10DDF000C9F80080BFF34F8FBFF36F8FF2E70000C9
:10DE0000D06600201001002004ED00E02DE9F0476D
:10DE10009A46DDE9098481466FF00303206B03EB2A
:10DE200082021044089E20F00707780707D0502090
:10DE300080F31188BFF34F8FBFF36F8FFEE700258C
:10DE400061B1002023180A5C83F834200A5C12B107
:10DE5000401C1028F6D384F8435001E084F8345075
:10DE6000072E00D30626E662C4E91165201D00F0E6
:10DE70009CF904F1180000F098F92461C6F107003C
:10DE80006462A061E56484F85050524649463846C1
:10DE900000F0DAF82060B8F1000F01D0C8F80040B7
:10DEA000BDE8F08730B5114900E011460A688242AA
:10DEB000FBD34B685C18844203D140681844486027
:10DEC000084643681C18944209D1084C183C246841
:10DED000A24209D052681A4442600A68126802607D
:10DEE000814200D0086030BD0460F9E76401002081
:10DEF0000648416B096829B1416BC968C96849681E
:10DF0000816270474FF0FF31FAE7000010010020F6
:10DF100008484068401C4FF0500080F3118804D03E
:10DF2000BFF34F8FBFF36F8FFEE7BFF34F8FBFF38A
:10DF30006F8FFEE76C010020002150B10A4B42694F
:10DF40009A420FD1806AA3F1280290420AD040B1D0
:10DF500008E0502080F31188BFF34F8FBFF36F8F1D
:10DF6000FEE7012108467047E46600202DE9F041F4
:10DF70000546002700F076FB324E306808B9FFF7FF
:10DF8000EFFE706905424ED1C5B3083568070ED063
:10DF900005F00700C0F108000544680707D05020CD
:10DFA00080F31188BFF34F8FBFF36F8FFEE72DB360
:10DFB0007068854237D82348183001460C6801E064
:10DFC00020460C466168A94202D221680029F7D197
:10DFD00031688C4227D00768216801606068083783
:10DFE000411B10290FD96019420708D0502080F337
:10DFF0001188BFF34F8FBFF36F8FFEE713E04160CF
:10E000006560FFF74FFF61687068401A7060B26822
:10E01000904200D2B060706901430020C4E9000161
:10E02000F068401CF06000F09FFC780707D050209B
:10E0300080F31188BFF34F8FBFF36F8FFEE7384631
:10E04000BDE8F0814C01002010B5031F4FF0807433
:10E050001C601B1F21F001011960191F044B0B608C
:10E0600014390A60091F6FF0020244380A6010BDBB
:10E0700011DF000810B500EE100A2DED028BB1EE95
:10E08000C08A18EE100A20F00040C0F1FF40C00F17
:10E090000AD010EE100A20F00040C0F1FF40C00F7F
:10E0A00004BF0120FFF736FA18EE100ABDEC028B10
:10E0B00010BD000010B5D1ED000A91ED010A4369D1
:10E0C00070EEA00A30EE001AB6EE000A008870EE7C
:10E0D000811A70EEC10A401E01EBC00461EE801A85
:10E0E00060EE800A0831C2ED001AC2ED010A083262
:10E0F00013F1080394EC023A401ED1ED002AD1ED51
:10E10000010A93ED001A73EE621A93ED012A33EEC1
:10E11000A04A72EE832A61EE214A62EE211A70EE65
:10E12000E30A22EE042A72EEA42A21EE041A70EE0B
:10E13000A10A083132EE822A083370EEC10A083C87
:10E1400022EE002A60EE800A82ED002AC2ED010A6A
:10E1500008320028CEDC10BDD0E9013201699A6096
:10E16000D0E901235A604A68824201D182684A603C
:10E17000002202610868401E0860086870470000BD
:10E18000034B036003F15400086080201060704767
:10E19000D835002000F108014FF0FF32C0E901122C
:10E1A000C160016100210160704700210161704779
:10E1B00030B50B685A1C02D000F1080202E0026977
:10E1C00004E02246546825689D42FAD953684B60A2
:10E1D00099608A60516008610168491C016030BD26
:10E1E00042684A6093688B609368596091600861E7
:10E1F0000168491C01607047502080F31188BFF30B
:10E200004F8FBFF36F8F0A494868401C4860012850
:10E210000CD10848006810F0FF0F07D0502080F3A1
:10E220001188BFF34F8FBFF36F8FFEE77047000079
:10E230006C01002004ED00E00849486828B1401E48
:10E24000486001D180F311887047502080F3118815
:10E25000BFF34F8FBFF36F8FFEE700006C0100200C
:10E2600070B500282AD0164DA0F1080460686969CD
:10E27000084207D1502080F31188BFF34F8FBFF3BE
:10E280006F8FFEE722683AB1502080F31188BFF308
:10E290004F8FBFF36F8FFEE78843606000F0E2F9B5
:10E2A00060686968084468602046FFF7FBFD2869DC
:10E2B000401C2861BDE8704000F056BB70BD0000F6
:10E2C0004C0100204FF0E0200021016181610549EF
:10E2D0004FF47A720968B1FBF2F1491E41610721DE
:10E2E00001617047B400002010B5F1F7B3FF114988
:10E2F00010280ED300F1E02090F8F0030A78904245
:10E3000007D2502080F31188BFF34F8FBFF36F8F78
:10E31000FEE709480068896800F4E060884207D990
:10E32000502080F31188BFF34F8FBFF36F8FFEE74C
:10E3300010BD00006C0100200CED00E010B50200E3
:10E3400014D00F48006B38B1502080F31188BFF310
:10E350004F8FBFF36F8FFEE700F084F90021104666
:10E36000FFF744FC00F000FB002807D105494FF0FF
:10E3700080500860BFF34F8FBFF36F8F10BD000058
:10E380001001002004ED00E070B50D4604000BD034
:10E3900095B11E4A106BB8B1502080F31188BFF3BD
:10E3A0004F8FBFF36F8FFEE7502080F31188BFF3CC
:10E3B0004F8FBFF36F8FFEE7502080F31188BFF3BC
:10E3C0004F8FBFF36F8FFEE700F04CF9D2682368E0
:10E3D0005919934204D98B420AD9914202D807E0D5
:10E3E0008B42FAD9881A21600021FFF7FFFB00E079
:10E3F000216000F0B9FA002807D105494FF080509C
:10E400000860BFF34F8FBFF36F8F70BD1001002006
:10E4100004ED00E070B50546FFF7EEFE254C05B9AA
:10E420002568281DFFF798FE58B9E86A224A00EBD4
:10E43000800152F8211021B90121814020698843CF
:10E440002061A86A18B105F11800FFF785FE606A1F
:10E45000401C60622068854208D11748291DC830D9
:10E46000FFF7BEFE6068401C606007E0A068401EC9
:10E47000A0602846FFF75AFCFFF73AFDFFF7DCFEE5
:10E480006069002814D02068854211D1206B38B112
:10E49000502080F31188BFF34F8FBFF36F8FFEE7DB
:10E4A00006494FF080500860BFF34F8FBFF36F8F66
:10E4B00070BD0000100100200866002004ED00E09F
:10E4C00070B504002BD01A4D286884422FD0FFF776
:10E4D00093FE2046FFF730FDE8B1201DFFF73CFE1C
:10E4E000E06A01212A69814011432961114900EB49
:10E4F000800001EB8000211DFFF772FEE06A2968B1
:10E50000C96A884207D30C494FF080500860BFF3B6
:10E510004F8FBFF36F8FBDE87040FFF78DBE502067
:10E5200080F31188BFF34F8FBFF36F8FFEE770BD8D
:10E53000100100200866002004ED00E010B586B050
:10E540000024039405AA04A903A80494FFF718FE65
:10E55000DDE903010094CDE9011000230EA110486C
:10E56000059A00F05CF90F490028C86211D05020CC
:10E5700080F31188BFF34F8FBFF36F8F4FF0FF30E1
:10E58000886201204861CC6006B0BDE8104000F010
:10E590009FB806B010BD000049444C450000000083
:10E5A000ADDD00081001002070B50446FFF724FE21
:10E5B000294D04B92C68201DFFF7CEFD58B9E06A3B
:10E5C000264A00EB800152F8211021B90121814037
:10E5D000286988432861A06A18B104F11800FFF780
:10E5E000BBFD1E48211DDC30FFF7FAFD94F85000FA
:10E5F0000026012801D184F85060FFF71DFE6869EC
:10E6000028B1FFF7F9FDFFF773FCFFF715FE286847
:10E61000844213D1686990B1286B38B1502080F3DF
:10E620001188BFF34F8FBFF36F8FFEE70C494FF098
:10E6300080500860BFF34F8FBFF36F8F70BD0748E6
:10E64000DC300068A968884201D12E6070BDBDE849
:10E65000704000F00FB80000100100200866002094
:10E6600004ED00E00248016B491C016370470000A3
:10E67000100100201448016B11B10121C1617047E4
:10E680000021C1610169B1FA81F1C1F11F0101EB02
:10E6900081020E4951F822306BB101EB820101F188
:10E6A00008034A6852684A609A4201D152684A6037
:10E6B000D16801607047502080F31188BFF34F8FFD
:10E6C000BFF36F8FFEE700001001002008660020F6
:10E6D0001CB537480168374A914207D1502080F372
:10E6E0001188BFF34F8FBFF36F8FFEE7006831498A
:10E6F000491E884207D1502080F31188BFF34F8F05
:10E70000BFF36F8FFEE72C4908780190FF20087057
:10E7100008788DF800009DF800009DF8002000F0BA
:10E72000F000904207D0502080F31188BFF34F8F44
:10E73000BFF36F8FFEE79DF80000204C00F0500003
:10E7400020700720A06005E09DF8002052008DF8A1
:10E750000020401E9DF800201206F5D4A06003287A
:10E7600007D0502080F31188BFF34F8FBFF36F8F16
:10E77000FEE74FF44070A060019808700C4820300C
:10E78000016841F470010160016841F0704101606D
:10E79000FFF798FD00206060F1F724FD084801684C
:10E7A00041F040410160F1F709FD00201CBD00006F
:10E7B00000ED00E071C20F4100E400E06C010020B8
:10E7C00034EF00E02DE9FF5F8346DDE90E879946CF
:10E7D00016468A469000FFF7C9FB05001CD054205E
:10E7E000FFF7C4FB040014D00020256384F8510017
:10E7F000CDE90240CDE900874B46324651465846A6
:10E80000FFF704FB2046FFF729FA012004B0BDE81A
:10E81000F09F2846FFF724FD4FF0FF30F6E7F0B5F4
:10E8200085B0DDE90B640A9DA6B1DCB154270097E1
:10E830002663022684F85160002604AFCDE9024623
:10E84000CDE90057FFF7E2FA2046FFF707FA0498F0
:10E8500005B0F0BD502080F31188BFF34F8FBFF398
:10E860006F8FFEE7502080F31188BFF34F8FBFF307
:10E870006F8FFEE70148006870470000100100201C
:10E880000148C068704700001001002010B5FFF774
:10E890002BFD0148C06810BD100100202DE9F0419A
:10E8A0002F4C0026206B28B1A069401CA061304687
:10E8B000BDE8F081E5686D1CE56013D1606B006810
:10E8C00038B1502080F31188BFF34F8FBFF36F8FA3
:10E8D000FEE7606BA16B6163A063206A401C20624D
:10E8E000FFF706FBA06ADFF87C80854209D3606BE6
:10E8F0000068A0B1606BC068C7687868854211D2B3
:10E90000A0622068C06A00EB800158F8210001284D
:10E9100000D90126E0690028C9D00126C7E74FF0D9
:10E92000FF30EDE7381DFFF717FCB86A18B107F1A3
:10E930001800FFF711FCF96A012022698840104392
:10E94000206101EB810108EB8100391DFFF748FCD4
:10E95000F86A2168C96A8842C9D30126C7E700005E
:10E9600010010020086600202DE9F0472C4D0024FE
:10E970002746286B38B1FFF73FFC286B401E286301
:10E98000286B40B146E0502080F31188BFF34F8FD1
:10E99000BFF36F8FFEE7A968224E0120D1B3A6F125
:10E9A000B40980463068E8B1F068C46804F1180022
:10E9B000FFF7D2FB201DFFF7CFFBE06A2A6908FAB8
:10E9C00000F11143296100EB800109EB8100211D59
:10E9D000FFF706FCE06A2968C96A8842E2D3C5F8F5
:10E9E0001C80DFE70CB1FFF783FAAC6944B14646FF
:10E9F000FFF754FF00B1EE61641EF9D10020A86159
:10EA0000E86938B10849012738070860BFF34F8F1C
:10EA1000BFF36F8FFFF710FC3846BDE8F0870000AA
:10EA200010010020BC66002004ED00E02DE9F0415B
:10EA30000027040015D0FFF757FC5020EFF3118595
:10EA400080F31188BFF34F8FBFF36F8F2046FFF71E
:10EA500073FA30B3154E306B58B104F118011448F5
:10EA60001DE0502080F31188BFF34F8FBFF36F8FED
:10EA7000FEE7E06A3168C96A884200D30127201D99
:10EA8000FFF76AFBE16A0120326988401043306178
:10EA900001EB81000649B43901EB8000211DFFF72D
:10EAA0009FFB85F311883846BDE8F08110010020F6
:10EAB000BC660020BCEE0008692C000802000000C3
:10EAC0000000000080000000E4020020E4040020B8
:10EAD00094EE0008DD38000800000000000000008F
:10EAE00080000000380500203807002080EE000874
:10EAF000699A00080000000000000000800000008B
:10EB00008C0700208C090020B4EE00087DC00008AE
:10EB1000000000000000000000040000E0090020E8
:10EB2000E01900209CEE0008F17B000802000000C4
:10EB30000000000000040000341A0020342A0020E5
:10EB40008CEE0008412D0008FEFF000000000000D0
:10EB500080000000882A0020882C0020C4EE0008D5
:10EB6000A126000802000000000000008000000054
:10EB7000DC2C0020DC2E0020A8EE0008651F000819
:10EB8000010000000000000080000000302F002085
:10EB90003031002074EE00089931000801000000B7
:10EBA00000000000000100008431002084350020B6
:10EBB000D0EE0008697A0008FDFF000000000000A8
:10EBC000800000000000000000000000D8EE0008F7
:10EBD0008D7A000801000000000000000001000024
:10EBE0000000000000000000000000000000000025
:10EBF000C3F51C410000803F000000000000000041
:10EC0000000000000000803F000000000000000045
:10EC1000000000000000803FECEE0008C1BF0008CB
:10EC20000100000000000000800000000000000063
:10EC3000000000000006101600061016000000007C
:10EC4000000000000102030406070809000000009C
:10EC5000010203040000803F0000000000000000EB
:10EC600000000000000000000000000000000000A4
:10EC70000000803F000000000000000000000000D5
:10EC80000000000000000000000000000000803FC5
:10EC90000000000000000000000000000000000074
:10ECA00000000000000000000000803F00000000A5
:10ECB0000000000000000000000000000000000054
:10ECC000000000000000803F000000000000000085
:10ECD0000000000000000000000000000000000034
:10ECE0000000803F0000803F0030983F0000B53FAB
:10ECF0000040D73F00000000320A7E397F661E398F
:10ED00005B991F390000803FF037983FF304B53F0F
:10ED1000FD44D73F00000000000000000000B33FAA
:10ED2000B2BE7D3A00002E40DFCF513800007E4059
:10ED3000BF51FABA00E0A44019DAC3BA00E0C840F3
:10ED4000C2ED8AB90040EB40CD1F2CBA001006413D
:10ED50002AFFFABA00C01541DFCFD13700D02441D5
:10ED60009A97703A0050334189478E3600404141AE
:10ED7000E75B9D3800B04E41C00A98B900A05B41E6
:10ED8000558F943A00306841DA92C0BA004074411D
:10ED900062B3C63A0000803F00A0853F00908B3FE1
:10EDA00000C0913F0030983F00F09E3F00F0A53F2B
:10EDB0000050AD3F0000B53F0000BD3F0060C53FC3
:10EDC0000020CE3F0040D73F00C0E03F00C0EA3FF8
:10EDD0000020F53F000000007D36AC397D3C38391D
:10EDE000EBDCF438320A7E39124C26399B6AED3955
:10EDF000A4EE83397F661E39F6398A392B4265398C
:10EE0000A48211395B991F39C3EECD39DDE7C637CE
:10EE1000A5A22F390000803FC3AA853FC2958B3F32
:10EE2000D3C3913FF037983F32F59E3FD7FEA53FC1
:10EE30003F58AD3FF304B53FA408BD3F2A67C53F27
:10EE40008C24CE3FFD44D73FDFCCE03FC7C0EA3F34
:10EE50007D25F53F000000006E83F9A22915444E80
:10EE6000D15727FCC0DD34F5999562DB4190433CD6
:10EE7000AB6351FE467573696F6E494E53000000D7
:10EE800053686F6F74696E670000000044656275B7
:10EE90006700000047696D62616C0000496E657231
:10EEA0007469616C00000000426F617264436F6DB1
:10EEB0006D000000566973696F6E00004461656DF6
:10EEC0006F6E0000436F6E74726F6C6C6572000041
:10EED00049646C6500000000496E65727469616C7C
:10EEE00043616C6962726174650000005669736900
:10EEF0006F6E4461656D6F6E0000080000101000B9
:10EF00000002180000122000000428000014300045
:10EF100000063800001640000008480000185000A5
:10EF2000000A5800001A6000000C6800001C700005
:10EF3000000E7800001E800000088800401090003D
:10EF4000400298004012A0004004A8004014B00005
:10EF50004006B8004016C0004008C8004018D00065
:10EF6000400AD800401AE000400CE800401CF000C5
:10EF7000400EF800401E000100080801801010013A
:10EF800080021801801220018004280180143001C1
:10EF90008006380180164001800848018018500121
:10EFA000800A5801801A6001800C6801801C700181
:10EFB000800E7801801E800140088801C0109001F9
:10EFC000C0029801C012A001C004A801C014B00181
:10EFD000C006B801C016C001C008C801C018D001E1
:10EFE000C00AD801C01AE001C00CE801C01CF00141
:10EFF000C00EF801C01E0002000808020011100235
:10F000000003180200132002000528020015300238
:10F010000007380200174002000948020019500298
:10F02000000B5802001B6002000D6802001D7002F8
:10F03000000F7802001F80028008880240119002B1
:10F04000400398024013A0024005A8024015B002F8
:10F050004007B8024017C0024009C8024019D00258
:10F06000400BD802401BE002400DE802401DF002B8
:10F07000400FF802401F00034008080380111003EE
:10F0800080031803801320038005280380153003B4
:10F090008007380380174003800948038019500314
:10F0A000800B5803801B6003800D6803801D700374
:10F0B000800F7803801F8003C0088803C01190036D
:10F0C000C0039803C013A003C005A803C015B00374
:10F0D000C007B803C017C003C009C803C019D003D4
:10F0E000C00BD803C01BE003C00DE803C01DF00334
:10F0F000C00FF803C01F000400100804081010041B
:10F100000011180408122004081028040814300400
:10F110000806380408164004080848040818500473
:10F12000080A5804081A6004080C6804081C7004D3
:10F13000080E7804081E8004001888044810900403
:10F14000001998044812A0040818A8044814B00430
:10F150004806B8044816C0044808C8044818D00433
:10F16000480AD804481AE004480CE804481CF00493
:10F17000480EF804481E00054010080588101005C8
:10F1800040111805881220054810280588143005FC
:10F1900088063805881640058808480588185005EF
:10F1A000880A5805881A6005880C6805881C70054F
:10F1B000880E7805881E800540188805C8109005BF
:10F1C00040199805C812A0054818A805C814B0052C
:10F1D000C806B805C816C005C808C805C818D005AF
:10F1E000C80AD805C81AE005C80CE805C81CF0050F
:10F1F000C80EF805C81E0006801008060811100683
:10F2000080111806081320068810280608153006F5
:10F210000807380608174006080948060819500666
:10F22000080B5806081B6006080D6806081D7006C6
:10F23000080F7806081F8006801888064811900677
:10F24000801998064813A0068818A8064815B00625
:10F250004807B8064817C0064809C8064819D00626
:10F26000480BD806481BE006480DE806481DF00686
:10F27000480FF806481F0007C0100807881110073C
:10F28000C011180788132007C810280788153007F1
:10F2900088073807881740078809480788195007E2
:10F2A000880B5807881B6007880D6807881D700742
:10F2B000880F7807881F8007C0188807C811900733
:10F2C000C0199807C813A007C818A807C815B00721
:10F2D000C807B807C817C007C809C807C819D007A2
:10F2E000C80BD807C81BE007C80DE807C81DF00702
:10F2F000C80FF807C81F08081010100840081808A1
:10F300001012200800112808101430088011380845
:10F310001016480810185008100A5808101A6008EB
:10F32000100C6808101C7008100E7808101E800859
:10F33000000A880850109008000B98085012A00886
:10F34000080AA8085014B008080BB8085016C008DE
:10F35000100AC8085018D008500AD808501AE008F7
:10F36000500CE808501CF008500EF808501E080910
:10F370009010100980091809901220090019280915
:10F38000901430098019380990164009000B48097B
:10F3900090185009900A5809901A6009900C680951
:10F3A000901C7009900E7809901E8009400A880907
:10F3B000D0109009400B9809D012A009480AA8095A
:10F3C000D014B009480BB809D016C009500AC809B2
:10F3D000D018D009D00AD809D01AE009D00CE80911
:10F3E000D01CF009D00EF809D01E080A1011180A16
:10F3F0001013200A4011280A1015300AC011380ACB
:10F400001017480A1019500A100B580A101B600AEE
:10F41000100D680A101D700A100F780A101F880A54
:10F420005011900A800B980A5013A00A5011A80A94
:10F430005015B00A880BB80A5017C00A800BC80ACA
:10F440005019D00A500BD80A501BE00A500DE80A98
:10F45000501DF00A500FF80A501F080B9011180B9E
:10F460009013200B4019280B9015300BC019380B46
:10F470009017480B9019500B900B580B901B600B7A
:10F48000900D680B901D700B900F780B901F880BE0
:10F49000D011900BC00B980BD013A00B5019A80BD8
:10F4A000D015B00BC80BB80BD017C80BD019D80BA0
:10F4B000D01BE00BD00DE80BD01DF00BD00FF80BDC
:10F4C000D01F000C0012080C1810100C0013180CA0
:10F4D0001812200C0812280C1814300C0813380CC1
:10F4E0001816400C1012480C1818500C1013580C19
:10F4F000181A600C1812680C181C700C180E780C76
:10F50000181E800C001A880C5810900C001B980CC8
:10F510005812A00C081AA80C5814B00C081BB80CF0
:10F520005816C00C101AC80C5818D00C101BD80C48
:10F53000581AE00C181AE80C581CF00C580EF80C6D
:10F54000581E000D4012080D9810100D4013180D94
:10F550009812200D4812280D9814300D4813380DBC
:10F560009816400D5012480D9818500D5013580D14
:10F57000981A600D5812680D981C700D980E780D31
:10F58000981E800D401A880DD810900D401B980DC4
:10F59000D812A00D481AA80DD814B00D481BB80DEC
:10F5A000D816C00D501AC80DD818D00D501BD80D44
:10F5B000D81AE00D581AE80DD81CF00DD80EF80D29
:10F5C000D81E000E8012080E1811100E8013180E8F
:10F5D0001813200E8812280E1815300E8813380EB6
:10F5E0001817400E9012480E1819500E9013580E0E
:10F5F000181B600E9812680E181D700E180F780EEA
:10F60000181F800E801A880E5811900E801B980EBD
:10F610005813A00E881AA80E5815B00E881BB80EE5
:10F620005817C00E901AC80E5819D00E901BD80E3D
:10F63000581BE00E981AE80E581DF00E580FF80EE1
:10F64000581F000FC012080F9811100FC013180F89
:10F650009813200FC812280F9815300FC813380FB1
:10F660009817400FD012480F9819500FD013580F09
:10F67000981B600FD812680F981D700F980F780FA5
:10F68000981F800FC01A880FD811900FC01B980FB9
:10F69000D813A00FC81AA80FD815B00FC81BB80FE1
:10F6A000D817C00FD01AC80FD819D00FD01BD80F39
:10F6B000D81BE00FD81AE80FD81DF00FD81BF80F91
:10F6C000D81F0810201010104010181020122810F9
:10F6D00020143010881038102016401000114810E7
:10F6E0002018501040115810201A6010081268108D
:10F6F000201C701088127810201E801000128810B4
:10F7000008129010401298106012A0102012A81039
:10F710006014B0106012B8106016C0100013C8104A
:10F720006018D0104013D810601AE0101812E810BA
:10F73000601CF0109812F810601E081120121011B1
:10F7400040111811A012201108182811A01430110E
:10F7500088183811A0164811A0185811A01A601165
:10F76000081A6811A01C7011881A7811A01E801147
:10F77000101288111812901150129811E012A01155
:10F780001818A811E014B0119818B811E016C0119B
:10F790001013C811E018D0115013D811E01AE0115D
:10F7A000181AE811E01CF011981AF811E01E001266
:10F7B00000180812081810124018181220132012EE
:10F7C0002018281220153012601838122017401205
:10F7D000001948122019501240195812201B6012AB
:10F7E00020196812201D7012C8127812201F801272
:10F7F000001A8812081A9012401A98126013A01268
:10F80000201AA8126015B012601AB8126017C01240
:10F81000001BC8126019D012401BD812601BE012E6
:10F82000201BE812601DF012601BF812601F00130D
:10F83000101808131818101350181813A0132013B9
:10F8400048182813A0153013C8183813A0174013F0
:10F8500010194813A019501350195813A01B601306
:10F86000481A6813A01D7013C81A7813A01F8013BC
:10F87000101A8813181A9013501A9813E013A01333
:10F880005818A813E015B013D818B813E017C01310
:10F89000101BC813E019D013501BD813E01BE01342
:10F8A000581AE813E01DF013D81AF813E01F0814D3
:10F8B00020141014001518142015301408153814CD
:10F8C0002816401400154814281850141015581400
:10F8D000281A601420156814281C70141815781440
:10F8E000281E8014001C8814201C9014001D9814DD
:10F8F000201DA014081CA814281CB014081DB8143E
:10F900006816C014101CC8146818D014101DD81420
:10F91000681AE014181CE814681CF014181DF81478
:10F92000681E0815201510154015181560152015AE
:10F9300028182815281C301548153815A8164815FC
:10F94000A8185815A81A6015281A6815A81C70154B
:10F95000A81A7815A81E8015401C8815601C9015E3
:10F96000401D9815601DA015481CA815681CB015F1
:10F97000481DB815E816C015501CC815E818D01554
:10F98000501DD815E81AE015581CE815E81CF015AC
:10F99000581DF815E81E0016001C0816081C101645
:10F9A000401C1816481C2016201C2816281C30162F
:10F9B000601C381628174016001D481628195016C6
:10F9C000401D5816281B6016201D6816281D70162D
:10F9D000601D7816281F8016801C8816A01C9016A3
:10F9E000801D9816A01DA016881CA816A81CB0166D
:10F9F000881DB8166817C016901CC8166819D0164E
:10FA0000901DD816681BE016981CE816681DF016A5
:10FA1000981DF816681F0017101C0817181C1017DF
:10FA2000501C1817581C201768182817681C301706
:10FA3000E8183817A8174017101D4817A8195017AD
:10FA4000501D5817A81B6017681A6817A81D701753
:10FA5000E81A7817A81F8017C01C8817E01C901799
:10FA6000C01D9817E01DA017C81CA817E81CB017E8
:10FA7000C81DB817E817C017D01CC817E819D01749
:10FA8000D01DD817E81BE017D81CE817E81DF017A1
:10FA9000D81DF817E81F18186018301848183818BB
:10FAA000601C5818301A6818301C7018181A78180A
:10FAB000301E8018001A8818081A9018001B981811
:10FAC0006019A018201AA818281AB018201BB818F6
:10FAD000601DC018101AC818181AD018101BD81892
:10FAE000701AE018301AE818701CF018581AF81834
:10FAF000701E081920191819601A2819081D3019C4
:10FB000088193819881D4819201B5819B01A60190E
:10FB1000081B6819B01C7019881B7819B01E801951
:10FB2000401A8819481A9019401B9819601BA0198F
:10FB3000601AA819181DB019601BB819981DC019B2
:10FB4000501AC819581AD019501BD819F01AE019B0
:10FB5000181BE819F01CF019981BF819F01E381A38
:10FB6000701C581A301B681A301D701A181B781A2E
:10FB7000301F901AC01A981AC81AB01AE01AB81A88
:10FB8000E81AC01A801BC81A881BD01AC01BD81AC2
:10FB9000701BE01AA01BE81A701DF01AE01BF81A7F
:10FBA000701F281B481D381BC81D481B601B581B95
:10FBB000B01B681BB01D701BC81B781BB01F901BAF
:10FBC000C01B981BC81BA81B581DB01BE01BB81BF3
:10FBD000D81DD81BF01BE81BF01DF81BF01F081CDC
:10FBE000201C181C301C381C681C481C601C581C2D
:10FBF000701C781C381E801C001E881C201E901C47
:10FC0000001F981C201FA01C081EA81C281EB01C2A
:10FC1000081FB81C281FC01C101EC81C301ED01C7A
:10FC2000101FD81C301FE01C181EE81C381EF01CCA
:10FC3000181FF81C781E081D201D181D301D381DAA
:10FC4000A81D481D601D581D701D681D281F781DAA
:10FC5000B81E801D401E881D601E901D401F981DEF
:10FC6000601FA01D481EA81D681EB01D481FB81D9E
:10FC7000681FC01D501EC81D701ED01D501FD81DEE
:10FC8000701FE01D581EE81D781EF01D581FF81D3E
:10FC9000F81E081E201E181E301E481E601E581E0C
:10FCA000701E781E381F881EA01E901E801F981E72
:10FCB000A01FB01E881FB81EA81FC01E801FC81E10
:10FCC000881FD01E901FD81EB01FE01EA01FE81E68
:10FCD000A81FF01E981FF81E781F081F201F181F4E
:10FCE000301F481F601F581F701F781FB81F881FC4
:10FCF000A01F901FC01F981FE01FB01FC81FB81F74
:10FD0000E81FC81FE01FD81FF01F080000021000E6
:10FD100040001800400220008000280080023000CF
:10FD2000C0003800C002400000014800000350003D
:10FD300040015800400360008001680080037000AB
:10FD4000C0017800C0038000000288000802900013
:10FD5000000398004802A0000802A8008802B00032
:10FD6000C800B800C802C0000801C8000803D000DD
:10FD70004801D8004803E0008801E8008803F0004B
:10FD8000C801F800C8030801100210014001180161
:10FD9000500220010003280190023001480138017F
:10FDA000D00248011003580150036001900168011E
:10FDB00090037001D0017801D003800140028801D6
:10FDC00018029001400398015802A0014802A801BE
:10FDD0009802B0014803B801D802C0015002C8011E
:10FDE0001803D0015003D8015803E0015802E8017C
:10FDF0009803F0015803F801D8030802200210020A
:10FE00004002180260022802A0023002600238029A
:10FE1000E00240020003480220035002400358025F
:10FE20006003600220036802A0037002600378028E
:10FE3000E0038802A002900280039802A003B002AF
:10FE40008803B802E802C0028003C8022803D00277
:10FE50009003D8026803E002A003E802A803F002BE
:10FE60009803F802E8030803200310034003180373
:10FE700060032803880330036003380398034803B2
:10FE80006003580370036803B0037803F00388032A
:10FE9000A0039003C0039803E003B003C803B803B2
:10FEA000E803C803E003D803F0030800400018008B
:10FEB000480010004000280050002000400038009A
:10FEC0005800300048005800680048006000680092
:10FED0007000080000101000002018000030200002
:10FEE00000022800001230000022380000324000DA
:10FEF0000004480000145000002458000034600042
:10FF000000066800001670000026780000368000A9
:10FF10000008880000189000002898000038A00011
:10FF2000000AA800001AB000002AB800003AC00079
:10FF3000000CC800001CD000002CD800003CE000E1
:10FF4000000EE800001EF000002EF800003E000148
:10FF50000004080140101001402018014030200129
:10FF60004002280140123001402238014032400155
:10FF700040044801401450014024580140346001BD
:10FF80004006680140167001402678014036800125
:10FF90004008880140189001402898014038A0018D
:10FFA000400AA801401AB001402AB801403AC001F5
:10FFB000400CC801401CD001402CD801403CE0015D
:10FFC000400EE801401EF001402EF801403E0002C4
:10FFD00000080802801010028020180280302002E1
:10FFE00080022802801230028022380280324002D1
:10FFF0008004480280145002802458028034600239
:020000040801F1
:1000000080066802801670028026780280368002A0
:100010008008880280189002802898028038A00208
:10002000800AA802801AB002802AB802803AC00270
:10003000800CC802801CD002802CD802803CE002D8
:10004000800EE802801EF002802EF802803E00033F
:10005000000C0803C0101003C0201803C030200398
:10006000800C2803C0123003C0223803C032400382
:10007000C0044803C0145003C0245803C0346003B4
:10008000C0066803C0167003C0267803C03680031C
:10009000C0088803C0189003C0289803C038A00384
:1000A000C00AA803C01AB003C02AB803C03AC003EC
:1000B000C00CC803C01CD003C02CD803C03CE00354
:1000C000C00EE803C01EF003C02EF803C03E0804B3
:1000D000001110040021180400312004000C280431
:1000E00000133004002338040033400400054804A2
:1000F000001550040025580400356004000768040A
:100100000017700400277804003780040009880471
:1001100000199004002998040039A004000BA804D9
:10012000001BB004002BB804003BC004000DC80441
:10013000001DD004002DD804003DE004000FE804A9
:10014000001FF004002FF804003F080540111005BF
:100150004021180540312005000D280540133005C9
:1001600040233805403348054015500540255805C3
:100170004035600540076805401770054027780541
:1001800040378005400988054019900540299805A9
:100190004039A005400BA805401BB005402BB80511
:1001A000403BC005400DC805401DD005402DD80579
:1001B000403DE005400FE805401FF005402FF805E1
:1001C000403F0006400808068011100680211806EE
:1001D00080312006C00828068013300680233806A8
:1001E0008033400640094806801550068025580691
:1001F00080356006800768068017700680277806BD
:100200008037800680098806801990068029980624
:100210008039A006800BA806801BB006802BB8068C
:10022000803BC006800DC806801DD006802DD806F4
:10023000803DE006800FE806801FF006802FF8065C
:10024000803F0007400C0807C0111007C0211807A5
:10025000C0312007C00C2807C0133007C02338075F
:10026000C0334007400D4807C0155007C025580748
:10027000C0356007C0076807C0177007C027780738
:10028000C0378007C0098807C0199007C0299807A0
:10029000C039A007C00BA807C01BB007C02BB80708
:1002A000C03BC007C00DC807C01DD007C02DD80770
:1002B000C03DE007C00FE807C01FF007C02FF807D8
:1002C000C03F00080010080808101008082018088F
:1002D0000830200880102808081230080822380842
:1002E000083240080011480808145008082458082B
:1002F0000834600880116808081670080826780815
:1003000008368008081088080818900808289808F7
:100310000838A008080AA808081AB008082AB80867
:10032000083AC008080CC808081CD008082CD808CF
:10033000083CE008080EE808081EF008082EF80837
:10034000083E00090014080948101009482018093F
:1003500048302009801428094812300948223809F9
:1003600048324009001548094814500948245809E2
:1003700048346009801568094816700948267809CC
:1003800048368009081488094818900948289809AF
:100390004838A009480AA809481AB009482AB809E3
:1003A000483AC009480CC809481CD009482CD8094B
:1003B000483CE009480EE809481EF009482EF809B3
:1003C000483E000A0018080A8810100A8820180AF7
:1003D0008830200A8018280A8812300A8822380AB1
:1003E0008832400A0019480A8814500A8824580A9A
:1003F0008834600A8019680A8816700A8826780A84
:100400008836800A0818880A8818900A8828980A66
:100410008838A00A8818A80A881AB00A882AB80A50
:10042000883AC00A880CC80A881CD00A882CD80AC6
:10043000883CE00A880EE80A881EF00A882EF80A2E
:10044000883E000B001C080BC810100BC820180BAE
:10045000C830200B801C280BC812300BC822380B68
:10046000C832400B001D480BC814500BC824580B51
:10047000C834600B801D680BC816700BC826780B3B
:10048000C836800B081C880BC818900BC828980B1E
:10049000C838A00B881CA80BC81AB00BC82AB80B08
:1004A000C83AC00BC80CC80BC81CD00BC82CD80B42
:1004B000C83CE00BC80EE80BC81EF00BC82EF80BAA
:1004C000C83E000C4010080C0811100C0821180C34
:1004D0000831200CC010280C0813300C0823380CED
:1004E0000833400C4011480C0815500C0825580CD6
:1004F0000835600CC011680C0817700C0827780CC0
:100500000837800C4810880C0819900C0829980CA2
:100510000839A00CC810A80C081BB00C082BB80C8C
:10052000083BC00C080DC80C081DD00C082DD80CB9
:10053000083DE00C080FE80C081FF00C082FF80C21
:10054000083F000D4014080D4811100D4821180DEA
:100550004831200DC014280D4813300D4823380DA4
:100560004833400D4015480D4815500D4825580D8D
:100570004835600DC015680D4817700D4827780D77
:100580004837800D4814880D4819900D4829980D5A
:100590004839A00DC814A80D481BB00D482BB80D44
:1005A000483BC00D4815C80D481DD00D482DD80D2D
:1005B000483DE00D480FE80D481FF00D482FF80D9D
:1005C000483F000E4018080E8811100E8821180EA2
:1005D0008831200EC018280E8813300E8823380E5C
:1005E0008833400E4019480E8815500E8825580E45
:1005F0008835600EC019680E8817700E8827780E2F
:100600008837800E4818880E8819900E8829980E11
:100610008839A00EC818A80E881BB00E882BB80EFB
:10062000883BC00E4819C80E881DD00E882DD80EE4
:10063000883DE00E880FE80E881FF00E882FF80E18
:10064000883F000F401C080FC811100FC821180F59
:10065000C831200FC01C280FC813300FC823380F13
:10066000C833400F401D480FC815500FC825580FFC
:10067000C835600FC01D680FC817700FC827780FE6
:10068000C837800F481C880FC819900FC829980FC9
:10069000C839A00FC81CA80FC81BB00FC82BB80FB3
:1006A000C83BC00F481DC80FC81DD00FC82DD80F9C
:1006B000C83DE00FC81DE80FC81FF00FC82FF80F86
:1006C000C83F001000200810101010101020181043
:1006D00010302010802028101012301010223810F6
:1006E00010324010002148101014501010245810DF
:1006F00010346010802168101016701010267810C9
:1007000010368010082088101018901010289810AB
:100710001038A0108820A810101AB010102AB81095
:10072000103AC0100821C810101CD010102CD8107E
:10073000103CE0108821E810101EF010102EF81068
:10074000103E00110024081110241011502018111F
:1007500050302011802428115012301150223811AD
:100760005032401100254811501450115024581196
:100770005034601180256811501670115026781180
:100780005036801108248811501890115028981163
:100790005038A0118824A811501AB011502AB8114D
:1007A000503AC0110825C811501CD011502CD81136
:1007B000503CE0118825E811501EF011502EF81120
:1007C000503E001200280812102810129020181213
:1007D0009030201280282812901230129022381265
:1007E000903240120029481290145012902458124E
:1007F0009034601280296812901670129026781238
:10080000903680120828881290189012902898121A
:100810009038A0128828A812901AB012902AB81204
:10082000903AC0120829C812901CD012902CD812ED
:10083000903CE0128829E812901EF012902EF812D7
:10084000903E0013002C0813102C1013D020181306
:10085000D0302013802C2813902C3013D022381342
:10086000D0324013002D4813D0145013D024581305
:10087000D0346013802D6813D0167013D0267813EF
:10088000D0368013082C8813D0189013D0289813D2
:10089000D038A013882CA813D01AB013D02AB813BC
:1008A000D03AC013082DC813D01CD013D02CD813A5
:1008B000D03CE013882DE813D01EF013D02EF8138F
:1008C000D03E001440200814502010141021181499
:1008D00010312014C0202814D020301410233814D4
:1008E000103340144021481410155014102558148A
:1008F00010356014C0216814101770141027781474
:100900001037801448208814101990141029981456
:100910001039A014C820A814101BB014102BB81440
:10092000103BC0144821C814101DD014102DD81429
:10093000103DE014C821E814101FF014102FF81413
:10094000103F00154024081550241015502118158B
:1009500050312015C0242815D024301550233815C7
:100960005033401540254815501550155025581541
:1009700050356015C025681550177015502778152B
:10098000503780154824881550199015502998150E
:100990005039A015C824A815501BB015502BB815F8
:1009A000503BC0154825C815501DD015502DD815E1
:1009B000503DE015C825E815501FF015502FF815CB
:1009C000503F00164028081650281016902118167F
:1009D00090312016C0282816D028301690233816BB
:1009E0009033401640294816502950169025581625
:1009F00090356016C02968169017701690277816E3
:100A000090378016482888169019901690299816C5
:100A10009039A016C828A816901BB016902BB816AF
:100A2000903BC0164829C816901DD016902DD81698
:100A3000903DE016C829E816901FF016902FF81682
:100A4000903F0017402C0817502C1017D021181772
:100A5000D0312017C02C2817D02C3017D0233817AE
:100A6000D0334017402D4817502D5017D025581718
:100A7000D0356017C02D6817D0177017D02778179A
:100A8000D0378017482C8817D0199017D02998177D
:100A9000D039A017C82CA817D01BB017D02BB81767
:100AA000D03BC017482DC817D01DD017D02DD81750
:100AB000D03DE017C82DE817D01FF017D02FF8173A
:100AC000D03F0018003008181030101818201818DF
:100AD0001830201880302818903030181822381814
:100AE000183240180031481810315018182458187E
:100AF00018346018803168189031701818267818EA
:100B00001836801808308818183090181828981847
:100B10001838A0188830A818181AB018182AB81849
:100B2000183AC0180831C818181CD018182CD81832
:100B3000183CE0188831E818181EF018182EF8181C
:100B4000183E0019003408191034101958201819CB
:100B50005830201980342819903430195822381907
:100B60005832401900354819103550195824581971
:100B700058346019803568199035701958267819DD
:100B8000583680190834881918349019582898193B
:100B90005838A0198834A819581AB019582AB81901
:100BA000583AC0190835C819581CD019582CD819EA
:100BB000583CE0198835E819581EF019582EF819D4
:100BC000583E001A0038081A1038101A9820181ABF
:100BD0009830201A8038281A9038301A9822381AFB
:100BE0009832401A0039481A1039501A9824581A65
:100BF0009834601A8039681A9039701A9826781AD1
:100C00009836801A0838881A1838901A9828981A2E
:100C10009838A01A8838A81A9838B01A982AB81A9A
:100C2000983AC01A0839C81A981CD01A982CD81AA1
:100C3000983CE01A8839E81A981EF01A982EF81A8B
:100C4000983E001B003C081B103C101BD820181BB2
:100C5000D830201B803C281B903C301BD822381BEE
:100C6000D832401B003D481B103D501BD824581B58
:100C7000D834601B803D681B903D701BD826781BC4
:100C8000D836801B083C881B183C901BD828981B22
:100C9000D838A01B883CA81B983CB01BD82AB81B8E
:100CA000D83AC01B083DC81BD81CD01BD82CD81B59
:100CB000D83CE01B883DE81BD81EF01BD82EF81B43
:100CC000D83E001C4030081C5030101C1821181C45
:100CD0001831201CC030281CD030301C1823381C80
:100CE0001833401C4031481C5031501C1825581CEA
:100CF0001835601CC031681CD031701C1827781C56
:100D00001837801C4830881C5830901C1829981CB3
:100D10001839A01CC830A81CD830B01C182BB81C1F
:100D2000183BC01C4831C81C181DD01C182DD81CDD
:100D3000183DE01CC831E81C181FF01C182FF81CC7
:100D4000183F001D4034081D5034101D5821181D37
:100D50005831201DC034281DD034301D5823381D73
:100D60005833401D4035481D5035501D5825581DDD
:100D70005835601DC035681DD035701D5827781D49
:100D80005837801D4834881D5834901D5829981DA7
:100D90005839A01DC834A81DD834B01D582BB81D13
:100DA000583BC01D4835C81D5835D01D582DD81D7D
:100DB000583DE01DC835E81D581FF01D582FF81D7F
:100DC000583F001E4038081E5038101E9821181E2B
:100DD0009831201EC038281ED038301E9823381E67
:100DE0009833401E4039481E5039501E9825581ED1
:100DF0009835601EC039681ED039701E9827781E3D
:100E00009837801E4838881E5838901E9829981E9A
:100E10009839A01EC838A81ED838B01E982BB81E06
:100E2000983BC01E4839C81E5839D01E982DD81E70
:100E3000983DE01EC839E81E981FF01E982FF81E36
:100E4000983F001F403C081F503C101FD821181F1E
:100E5000D831201FC03C281FD03C301FD823381F5A
:100E6000D833401F403D481F503D501FD825581FC4
:100E7000D835601FC03D681FD03D701FD827781F30
:100E8000D837801F483C881F583C901FD829981F8E
:100E9000D839A01FC83CA81FD83CB01FD82BB81FFA
:100EA000D83BC01F483DC81F583DD01FD82DD81F64
:100EB000D83DE01FC83DE81FD83DF01FD82FF81FD0
:100EC000D83F082080201020202018202030282003
:100ED0008028302020223820203240200021482045
:100EE000C020502020245820203460201024682066
:100EF000C02870202026782020368820803090203E
:100F0000202898202038A0200830A8208038B02041
:100F1000202AB820203AC0200821C820C030D02084
:100F2000202CD820203CE0200831E820C038F020D8
:100F3000202EF820203E00210024082180211021AD
:100F400010241821603020212024282180293021DC
:100F5000602238216032402100254821C0215021E3
:100F6000602458216034602150246821C0297021F8
:100F700060267821603680210824882180319021E4
:100F8000602898216038A0210834A8218039B02138
:100F9000602AB821603AC0210825C821C031D0217B
:100FA000602CD821603CE0210835E821C039F021CF
:100FB000602EF821603E002200300822803010228E
:100FC00008301822A0302022103028228828302211
:100FD000A0223822A032402240304822C030502285
:100FE000A0245822A034602250306822C8287022E1
:100FF000A0267822A03680222030882288309022B5
:10100000A0289822A038A0221830A8228838B02220
:10101000A02AB822A03AC0226030C822C830D0220C
:10102000A02CD822A03CE0221831E822C838F022B7
:10103000A02EF822A03E0023003108238031102387
:1010400008311823E0302023103128238829302349
:1010500018313823E032402340314823C031502337
:10106000E0245823E034602350316823C8297023DA
:10107000E0267823E03680231824882388319023C3
:10108000E0289823E038A0231834A8238839B02317
:10109000E02AB823E03AC0231825C823C831D0235A
:1010A000E02CD823E03CE0231835E823C839F023AE
:1010B000E02EF823E03E0824802410242024182465
:1010C00020312824802C302410313824203340242F
:1010D00000254824C024502420255824203560248D
:1010E00010256824C02C70242027782420378824D9
:1010F00080349024202998242039A0244830A82422
:10110000803CB024202BB824203BC0240825C824D0
:10111000C034D024202DD824203DE0244831E824B8
:10112000C03CF024202FF824203F082580251025DE
:101130002025182560312825802D3025503138256F
:1011400060334825C0255025602558256035682521
:10115000C02D70256027782560378825803590253B
:10116000602998256039A0254834A825803DB02500
:10117000602BB825603BC825C035D025602DD8250B
:10118000603DE0254835E825C03DF025602FF82575
:10119000603F0026003408268034102608341826C4
:1011A000A031202610342826882C302618343826E2
:1011B000A033402640344826C034502648345826B0
:1011C000A035602650346826C82C7026A0277826C3
:1011D000A03780262034882688349026A029982697
:1011E000A039A0265830A826883CB026A02BB826C7
:1011F000A03BC0266034C826C834D026A02DD826EF
:10120000A03DE0265831E826C83CF026A02FF8265D
:10121000A03F0027003508278035102708351827FC
:10122000E031202710352827882D3027183538271A
:10123000E033402740354827C035502748355827E8
:10124000E035602750356827C82D7027E0277827BC
:10125000E03780272035882788359027E029982790
:10126000E039A0275834A827883DB027E02BB827BD
:10127000E03BC0276035C827C835D027E02DD827E8
:10128000E03DE0275835E827C83DF027E02FF82754
:10129000E03F0828202810288028182828302828EF
:1012A000902830288828382828324028002C4828C0
:1012B000202C5028802C582828346028082C682896
:1012C000D0287028882C78282836882890309828AC
:1012D0002838A0282830A8289038B028282AB828EC
:1012E000283AC028102CC828D030D028282CD8283C
:1012F000283CE028182CE828D038F028282EF82898
:10130000283E0029002C0829082C1029102C182907
:1013100068302029202C282990293029D0303829DC
:1013200068324029402C4829602C5029C02C58296B
:1013300068346029482C6829D0297029C82C78295C
:1013400068368029802C882990319029282C98296A
:101350006838A0292834A8299039B029682AB829E2
:10136000683AC029502CC829D031D029682CD829F6
:10137000683CE029582CE829D039F029682EF82952
:10138000683E002A0038082A2038102A8038182A97
:10139000A830202A0838282A2838302A8838382ABD
:1013A000A832402A003C482A203C502A803C582A37
:1013B000A834602A083C682A283C702A883C782A8D
:1013C000A836802A1038882A9830902A9038982A8F
:1013D000A838A02A1838A82A9838B02A9838B82AE5
:1013E000A83AC02A103CC82AD830D02AA82CD82A1B
:1013F000A83CE02A183CE82AD838F02AA82EF82A77
:10140000A83E002B4038082B6038102BC038182B12
:10141000E830202B4838282B6838302BC838382B38
:10142000E832402B403C482B603C502BC03C582BB2
:10143000E834602B483C682B683C702BC83C782B08
:10144000E836802B5038882B9831902BD038982B49
:10145000E838A02B5838A82B9839B02BD838B82B9F
:10146000E83AC02B503CC82BD831D02BE82CD82BD5
:10147000E83CE02B583CE82BD839F02BE82EF82B31
:10148000E83E082C202C102C802C182C2831282CDD
:10149000902C302C9031382C2833402C002D482CA7
:1014A000202D502C802D582C2835602C082D682C90
:1014B000D02C702C882D782C2837882C9034982CA0
:1014C0002839A02C6830A82C903CB02C6838B82C57
:1014D000283BC02C102DC82CD034D02C282DD82C33
:1014E000283DE02C182DE82CD03CF02C282FF82C8F
:1014F000283F082D202D102D802D182D6831282DE6
:10150000902D302DD031382D6833482D602D502D41
:10151000C02D582D6835682DD02D702DC82D782DF3
:101520006837882D9035982D6839A02D6834A82DFE
:10153000903DB02D683CB82D683BC82DD035D82DD6
:10154000683DE02D6835E82DD03DF02D682FF82D51
:10155000683F002E0039082E2039102E8039182EB1
:10156000A831202E0839282E2839302E8839382ED7
:10157000A833402E003D482E203D502E803D582E51
:10158000A835602E083D682E283D702E883D782EA7
:10159000A837802E1039882E9834902E9039982EA6
:1015A000A839A02E1839A82E983CB02E9839B82EFC
:1015B000A83BC02E103DC82ED834D02E903DD82E3A
:1015C000A83DE02E183DE82ED83CF02EA82FF82E8E
:1015D000A83F002F4039082F6039102FC039182F2D
:1015E000E831202F4839282F6839302FC839382F53
:1015F000E833402F403D482F603D502FC03D582FCD
:10160000E835602F483D682F683D702FC83D782F22
:10161000E837802F5039882F9835902FD039982F60
:10162000E839A02F5839A82F983DB02FD839B82FB6
:10163000E83BC02F503DC82FD835D02FD03DD82FF4
:10164000E83DE02F583DE82FD83DF02FD83DF82F4A
:10165000E83F1830303038303032403000314830D8
:10166000083150301031583030346030203168301B
:10167000283170301834783030368830A0309830C7
:101680003038A830A038B0308838B830303AC03060
:101690008031C830E030D0309031D830303CE0304C
:1016A0008831E830E038F0308839F830303E0031A9
:1016B0000034083108341031103418311834203116
:1016C00020342831283430313034383170324031D0
:1016D000003548310835503110355831703460319B
:1016E0002035683128357031583478317036803182
:1016F00080348831A0319031903498317038A031E5
:101700008834A831A039B031883CB831703AC03142
:101710008035C831E031D0319035D831703CE0317E
:101720008835E831E039F031883DF831703E0032DB
:1017300000380832803810320838183288382032A1
:10174000103828329038303218383832B0324032BF
:1017500040384832C038503248385832B03460329D
:1017600050386832D038703258387832B0368032DB
:1017700020388832A038903228389832B038A032D9
:101780003038A832A838B0329838B832B03AC032BF
:101790006038C832E038D0326838D832B03CE032F5
:1017A0007038E832E838F0329839F832B03E003319
:1017B0000039083380391033083918338839203319
:1017C0001039283390393033183938339839403349
:1017D00040394833C039503348395833F0346033D6
:1017E00050396833D039703358397833F036803314
:1017F00020398833A039903328399833F038A03312
:101800009834A833A839B033983CB833F03AC03391
:101810006039C833E039D0336839D833F03CE0332D
:101820009835E833E839F033983DF833F03E183412
:1018300030343834183940340035483408355034A1
:1018400010355834303560342035683428357034DC
:101850001835783430378834A03498343039A83487
:10186000A03CB034C838B834303BC0348035C834BC
:10187000E034D0349035D834303DE0348835E83425
:10188000E03CF034C839F834303F1835303538355D
:10189000583958357035783570378835A0359835D2
:1018A0007039A835A03DB035C83CB835703BC83557
:1018B000E035D835703DE835E03DF035C83DF835C8
:1018C000703F0036003C0836803C1036083C183625
:1018D000883C2036103C2836903C3036183C383650
:1018E000983C4036403C4836C03C5036483C583620
:1018F000C83C6036503C6836D03C7036583C783630
:10190000B0378036203C8836A03C9036283C98364C
:10191000B039A036303CA836A83CB036D838B836F6
:10192000B03BC036603CC836E03CD036683CD83668
:10193000B03DE036703CE836E83CF036D839F83651
:10194000B03F0037003D0837803D1037083D18375D
:10195000883D2037103D2837903D3037183D3837C7
:10196000983D4037403D4837C03D5037483D583797
:10197000C83D6037503D6837D03D7037583D7837A7
:10198000F0378037203D8837A03D9037283D983785
:10199000F039A037303DA837A83DB037D83CB8372C
:1019A000F03BC037603DC837E03DD037683DD837A1
:1019B000F03DE037703DE837E83DF037D83DF83787
:1019C000F03F3838983840380039483808395038AE
:1019D0001039583818396038203968382839703843
:1019E00030397838983CA838B038B838383AC038E8
:1019F0008039C8388839D0389039D838383CE03800
:101A0000A039E838F038F838383EF038A8390039CD
:101A1000003C0839083C1039103C1839183C203972
:101A2000203C2839283C3039303C3839383C403962
:101A3000003D4839083D5039103D5839183D60394E
:101A4000203D6839283D7039303D7839D83C80399F
:101A5000803C8839883C9039903C9839983CA03932
:101A6000A03CA839B039B839783AB039A83CC03967
:101A7000803DC839883DD039903DD839783CE0392F
:101A8000A03DE839F039F839783EF039A83D083AF8
:101A9000103A103A203A183A303A203A803A283A26
:101AA000903A303AA03A383AB03A403A003B483A95
:101AB000103B503A203B583A303B603A803B683A02
:101AC000903B703AA03B783AB03B883AA03A983ABB
:101AD000B03AA83AB03AC03A083BC83A183BD03AB4
:101AE000283BD83AB83CE03A883BE83A983BF03A91
:101AF000A83BF83AB83E003B003E083B103E103B86
:101B0000203E183B303E203B803E283B903E303B01
:101B1000A03E383BB03E403B003F483B103F503B6F
:101B2000203F583B303F603B803F683B903F703BDD
:101B3000A03F783BB03F803B083E883B183E903B3F
:101B4000283E983B383EA03B883EA83B983EB03BA1
:101B5000A83EB83BB83EC03B083FC83B183FD03B0F
:101B6000283FD83BF83CE03B883FE83B983FF03BC0
:101B7000A83FF83BF83E383C983C403C003D483C90
:101B8000083D503C103D583C183D603C203D683CB1
:101B9000283D703C303D783C983DA83CB03CB83C7A
:101BA000B03EC03C803DC83C883DD03C903DD83CD8
:101BB000383DE03CA03DE83CF03CF03CA83DF83C22
:101BC000383F383D983D783DD83DA83DB03DB83DC3
:101BD000B03FE83DF03D083E803EF83D783F103E86
:101BE000803E183E883E203E803E283E903E303E5D
:101BF000883E383E983E403E003F483E203F503EA3
:101C0000803F583EA03F603E083F683E283F703E00
:101C1000883F783EA83F883EA03E983EA83EC03E02
:101C2000103FA83EB03EC83E303FD03E903FD83E29
:101C3000B03FE03E183FE83E383FF03E983F083F57
:101C4000803FF83EB83F103F803F183F883F203F1D
:101C5000803F283F903F303F883F383F983F483F84
:101C6000503F503F603F583F703F603FC03F683F2C
:101C7000D03F703FE03F783FF03F883FA03F983F24
:101C8000A83FA83FB03FD83FF03FC83FE03FE83F04
:101C9000F03F0800000210000004180000062000B9
:101CA0004000280040023000400438004006400058
:101CB00080004800800250008004580080066000C8
:101CC000C0006800C0027000C0047800C006800038
:101CD0000001880000039000000598000007A000A4
:101CE0004001A8004003B0004005B8004007C00014
:101CF0008001C8008003D0008005D8008007E00084
:101D0000C001E800C003F000C005F800C0070001F2
:101D10000002080108021001080418010806200149
:101D20008002280148023001480438014806400179
:101D300000034801880250018804580188066001A8
:101D400080036801C8027001C8047801C8068001D8
:101D50000802880108039001080598010807A001FE
:101D60008802A8014803B0014805B8014807C0012E
:101D70000803C8018803D0018805D8018807E0015D
:101D80008803E801C803F001C805F801C807080284
:101D900010020002000410021004180210062002B3
:101DA00080042802500230025004380250064002DB
:101DB000000548029002500290045802900660020A
:101DC00080056802D0027002D0047802D00680023A
:101DD0000804880210039002100598021007A00260
:101DE0008804A8025003B0025005B8025007C00290
:101DF0000805C8029003D0029005D8029007E002BF
:101E00008805E802D003F002D005F802D0070003ED
:101E10000006080310061003180418031806200310
:101E20008006280390063003580438035806400300
:101E300000074803100750039804580398066003EE
:101E40008007680390077003D8047803D8068003DE
:101E50000806880318069003180598031807A003BE
:101E60008806A8039806B0035805B8035807C003AE
:101E70000807C8031807D0039805D8039807E0039C
:101E80008807E8039807F003D805F803D807080483
:101E9000800410042004180420062804800530045F
:101EA00060043804600640040006480488045004B6
:101EB000A0045804A0066004100668048805700495
:101EC000E0047804E0068804800690042005980465
:101ED0002007A0040806A8048007B0046005B80421
:101EE0006007C0042006C8048806D004A005D804F2
:101EF000A007E0041806E8048807F004E005F804E9
:101F0000E0070805200510058005180528062805A6
:101F10009005300588053805680640050007480526
:101F20002007500580075805A806600508076805C2
:101F30009805700588077805E806880590069805D5
:101F40002807A0052806A8059007B0052807B805AA
:101F50006807C0051007C8059806D0059007D80582
:101F6000A807E0051807E8059807F0059807F805A1
:101F7000E8071806300638067006400600074806CF
:101F80008007500608075806B00660061007680666
:101F90009007700618077806F0068806A0069806CF
:101FA0003007A806A007B0068807B8067007C00665
:101FB0002007C806A007D0062807D806B007E00605
:101FC0003007E806A807F0069807F806F007480764
:101FD00050073807980750076007580770076007D1
:101FE000C0076807D0077807F0077007E007B80751
:101FF000F007A807B007D807F007C807E007E80709
:10200000F00708004000100080001800C000200009
:10201000400028004800300088003800C800400018
:102020008000480050005800D00050009000600030
:10203000C0006800D000700098007800D8008800C8
:10204000C0009000A000A800D0009800E000B00000
:10205000D000B800E800D800F000C800E000E800B8
:10206000F0000800001010000020180000302000D0
:102070000040280000503000006038000070400030
:102080000002480000125000002258000032600098
:102090000042680000527000006278000072800008
:1020A0000004880000149000002498000034A00070
:1020B0000044A8000054B0000064B8000074C000E0
:1020C0000006C8000016D0000026D8000036E00048
:1020D0000046E8000056F0000066F80000760001B7
:1020E000000808010018100100281801003820011C
:1020F000004828010058300100683801007840018C
:10210000000A4801001A5001002A5801003A6001F3
:10211000004A6801005A7001006A7801007A800163
:10212000000C8801001C9001002C9801003CA001CB
:10213000004CA801005CB001006CB801007CC0013B
:10214000000EC801001ED001002ED801003EE001A3
:10215000004EE801005EF001006EF801007E08020A
:102160004010100240201802403020024040280257
:102170004050300240603802407048024012500225
:1021800040225802403260024042680240527002CF
:10219000406278024072800240048802401490023B
:1021A000402498024034A0024044A8024054B002A7
:1021B0004064B8024074C0024006C8024016D00213
:1021C0004026D8024036E0024046E8024056F0027F
:1021D0004066F802407600034008080340181003E8
:1021E0004028180340382003404828034058300353
:1021F0004068380340784003400A4803401A5003BF
:10220000402A5803403A6003404A6803405A70032A
:10221000406A7803407A8003400C8803401C900396
:10222000402C9803403CA003404CA803405CB00302
:10223000406CB803407CC003400EC803401ED0036E
:10224000402ED803403EE003404EE803405EF003DA
:10225000406EF803407E08048010100480201804AB
:10226000803020048040280480503004806038048E
:102270008070480480125004802258048032600428
:1022800080426804805270048062780480728804FE
:1022900080149004802498048034A0048044A8040E
:1022A0008054B0048064B8048074C0048006C804FC
:1022B0008016D0048026D8048036E0048046E804E6
:1022C0008056F0048066F8048076000580080805D2
:1022D00080181005802818058038200580482805BA
:1022E000805830058068380580784005800A4805A8
:1022F000801A5005802A5805803A6005804A680592
:10230000805A7005806A7805807A8005800C88057F
:10231000801C9005802C9805803CA005804CA80569
:10232000805CB005806CB805807CC005800EC80557
:10233000801ED005802ED805803EE005804EE80541
:10234000805EF005806EF805807E0806C0101006DD
:10235000C0201806C0302006C0402806C0503006F5
:10236000C0603806C0704806C0125006C022580629
:10237000C0326006C0426806C0527006C06278066D
:10238000C0728806C0149006C0249806C034A00607
:10239000C044A806C054B006C064B806C074C806DD
:1023A000C016D006C026D806C036E006C046E806ED
:1023B000C056F006C066F806C0760007C0080807D9
:1023C000C0181007C0281807C0382007C0482807C1
:1023D000C0583007C0683807C0784007C00A4807AF
:1023E000C01A5007C02A5807C03A6007C04A680799
:1023F000C05A7007C06A7807C07A8007C00C880787
:10240000C01C9007C02C9807C03CA007C04CA80770
:10241000C05CB007C06CB807C07CC007C00EC8075E
:10242000C01ED007C02ED807C03EE007C04EE80748
:10243000C05EF007C06EF807C07E080800111008E3
:1024400000211808003120080041280800513008F8
:10245000006138080071480800135008002358082C
:102460000033600800436808005370080063780870
:102470000073880800159008002598080035A0080A
:102480000045A8080055B0080065B8080075C808E0
:102490000017D0080027D8080037E0080047E808F0
:1024A0000057F0080067F8080077080900191009BC
:1024B0000029180900392009004928090059300964
:1024C0000069380900794009000B4809001B5009D0
:1024D000002B5809003B6009004B6809005B70093C
:1024E000006B7809007B8009000D8809001D9009A8
:1024F000002D9809003DA009004DA809005DB00914
:10250000006DB809007DC009000FC809001FD0097F
:10251000002FD809003FE009004FE809005FF009EB
:10252000006FF809007F080A4011100A4021180ABC
:102530004031200A4041280A4051300A4061380A9F
:102540004071480A4013500A4023580A4033600A39
:102550004043680A4053700A4063780A4073880A0F
:102560004015900A4025980A4035A00A4045A80A1F
:102570004055B00A4065B80A4075C80A4017D00AED
:102580004027D80A4037E00A4047E80A4057F00A97
:102590004067F80A4077080B4019100B4029180BC8
:1025A0004039200B4049280B4059300B4069380B0B
:1025B0004079480B401B500B402B580B403B600BA5
:1025C000404B680B405B700B406B780B407B800B83
:1025D000400D880B401D900B402D980B403DA00BEB
:1025E000404DA80B405DB00B406DB80B407DC00B5B
:1025F000400FC80B401FD00B402FD80B403FE00BC3
:10260000404FE80B405FF00B406FF80B407F080C29
:102610008011100C8021180C8031200C8041280C76
:102620008051300C8061380C8071480C8013500C44
:102630008023580C8033600C8043680C8053700CEE
:102640008063780C8073880C8015900C8025980C22
:102650008035A00C8045A80C8055B00C8065B80C66
:102660008075C80C8017D00C8027D80C8037E00C00
:102670008047E80C8057F00C8067F80C8077080DD5
:102680008019100D8029180D8039200D8049280DE2
:102690008059300D8069380D8079480D801B500DB0
:1026A000802B580D803B600D804B680D805B700D5A
:1026B000806B780D807B880D801D900D802D980D8E
:1026C000803DA00D804DA80D805DB00D806DB80DD2
:1026D000807DC00D800FC80D801FD00D802FD80DBC
:1026E000803FE00D804FE80D805FF00D806FF80DAA
:1026F000807F080EC011100EC021180EC031200EB0
:10270000C041280EC051300EC061380EC071480E55
:10271000C013500EC023580EC033600EC043680E65
:10272000C053700EC063780EC073880EC015900E33
:10273000C025980EC035A00EC045A80EC055B00EDD
:10274000C065B80EC075C80EC017D00EC027D80E11
:10275000C037E00EC047E80EC057F00EC067F80E55
:10276000C077080FC019100FC029180FC039200FEB
:10277000C049280FC059300FC069380FC079480FC1
:10278000C01B500FC02B580FC03B600FC04B680FD1
:10279000C05B700FC06B780FC07B880FC01D900F9F
:1027A000C02D980FC03DA00FC04DA80FC05DB00F49
:1027B000C06DB80FC07DC80FC01FD00FC02FD80F7D
:1027C000C03FE00FC04FE80FC05FF00FC06FF80FC1
:1027D000C07F101008201810083020100840281062
:1027E0000850301008603810087048100812501057
:1027F0000822581008326010084268100852701001
:102800000862781008728810081490100824981034
:102810000834A0100844A8100854B0100864B81078
:102820000874C8100816D0100826D8100836E01012
:102830000846E8100856F0100866F81008760811E7
:1028400008181011082818110838201108482811F4
:10285000085830110868381108784811081A5011C2
:10286000082A5811083A6011084A6811085A70116C
:10287000086A7811087A8811081C9011082C9811A0
:10288000083CA011084CA811085CB011086CB811E4
:10289000087CC811081ED011082ED811083EE0117E
:1028A000084EE811085EF011086EF811087E10124B
:1028B0004820181248302012484028124850301240
:1028C000486038124870501248225812483260123C
:1028D0004842681248527012486278124872881250
:1028E00048149012482498124834A0124844A81260
:1028F0004854B0124864B8124874C8124816D0122E
:102900004826D8124836E0124846E8124856F012D7
:102910004866F81248760813481810134828181308
:10292000483820134848281348583013486838134B
:1029300048784813481A5013482A5813483A6013E5
:10294000484A6813485A7013486A7813487A8813BB
:10295000481C9013482C9813483CA013484CA813CB
:10296000485CB013486CB813487CC813481ED01399
:10297000482ED813483EE013484EE813485EF01343
:10298000486EF813487E10148820181488302014DC
:102990008840281488503014886038148870501487
:1029A000882258148832601488426814885270143F
:1029B0008862781488729014882498148834A0143B
:1029C0008844A8148854B0148864B8148874C8144F
:1029D0008816D0148826D8148836E0148846E8145F
:1029E0008856F0148866F81488760815881810152B
:1029F00088281815883820158848281588583015D3
:102A00008868381588784815881A5015882A581506
:102A1000883A6015884A6815885A7015886A78154A
:102A2000887A8815881C9015882C9815883CA015E4
:102A3000884CA815885CB015886CB815887CC815BA
:102A4000881ED015882ED815883EE015884EE815CA
:102A5000885EF015886EF815887E1016C820181646
:102A6000C8302016C8402816C8503016C86038161E
:102A7000C8705016C8225816C8326016C842681668
:102A8000C8527016C8627816C8729016C824981674
:102A9000C834A016C844A816C854B016C864B816DE
:102AA000C874D016C826D816C836E016C846E81628
:102AB000C856F016C866F816C8760817C818101752
:102AC000C8281817C8382017C8482817C8583017FA
:102AD000C8683817C8784817C81A5017C82A58172E
:102AE000C83A6017C84A6817C85A7017C86A781772
:102AF000C87A8817C81C9017C82C9817C83CA0170C
:102B0000C84CA817C85CB017C86CB817C87CC817E1
:102B1000C81ED017C82ED817C83EE017C84EE817F1
:102B2000C85EF017C86EF817C87E1018082118186C
:102B30000831201808412818085130180861381841
:102B4000087150180823581808336018084368188B
:102B50000853701808637818087390180825981897
:102B60000835A0180845A8180855B0180865B81801
:102B70000875D0180827D8180837E0180847E8184B
:102B80000857F0180867F818087710190829181955
:102B900008392019084928190859301908693819BD
:102BA00008794819081B5019082B5819083B601957
:102BB000084B6819085B7019086B7819087B88192D
:102BC000081D9019082D9819083DA019084DA8193D
:102BD000085DB019086DB819087DC819081FD0190B
:102BE000082FD819083FE019084FE819085FF019B5
:102BF000086FF819087F101A4821181A4831201A4E
:102C00004841281A4851301A4861381A4871501AF8
:102C10004823581A4833601A4843681A4853701AB0
:102C20004863781A4873901A4825981A4835A01AAC
:102C30004845A81A4855B01A4865B81A4875D01AB8
:102C40004827D81A4837E01A4847E81A4857F01A70
:102C50004867F81A4877101B4829181B4839201B69
:102C60004849281B4859301B4869381B4879501B74
:102C7000482B581B483B601B484B681B485B701B2C
:102C8000486B781B487B881B481D901B482D981B60
:102C9000483DA01B484DA81B485DB01B486DB81BA4
:102CA000487DC81B481FD01B482FD81B483FE01B3E
:102CB000484FE81B485FF01B486FF81B487F101C0B
:102CC0008821181C8831201C8841281C8851301C00
:102CD0008861381C8871501C8823581C8833601CFC
:102CE0008843681C8853701C8863781C8873901C08
:102CF0008825981C8835A01C8845A81C8855B01CC0
:102D00008865B81C8875D01C8827D81C8837E01CBB
:102D10008847E81C8857F01C8867F81C8877101DC6
:102D20008829181D8839201D8849281D8859301D7B
:102D30008869381D8879501D882B581D883B601D77
:102D4000884B681D885B701D886B781D887B901D83
:102D5000882D981D883DA01D884DA81D885DB01D3B
:102D6000886DB81D887DC81D881FD01D882FD81D6F
:102D7000883FE01D884FE81D885FF01D886FF81DB3
:102D8000887F101EC821181EC831201EC841281E69
:102D9000C851301EC861381EC871501EC823581E45
:102DA000C833601EC843681EC853701EC863781EAF
:102DB000C873901EC825981EC835A01EC845A81EF9
:102DC000C855B01EC865B81EC875D01EC827D81E05
:102DD000C837E01EC847E81EC857F01EC867F81E6F
:102DE000C877101FC829181FC839201FC849281FB5
:102DF000C859301FC869381FC879501FC82B581FC1
:102E0000C83B601FC84B681FC85B701FC86B781F2A
:102E1000C87B901FC82D981FC83DA01FC84DA81F74
:102E2000C85DB01FC86DB81FC87DD01FC82FD81F80
:102E3000C83FE01FC84FE81FC85FF01FC86FF81FEA
:102E4000C87F18201030202010402820105030203B
:102E5000106038201070502010225820103260204E
:102E6000104268201052702010627820107290205A
:102E7000102498201034A0201044A8201054B02012
:102E80001064B8201074D0201026D8201036E0200E
:102E90001046E8201056F0201066F8201076102119
:102EA00010281821103820211048282110583021CE
:102EB0001068382110785021102A5821103A6021CA
:102EC000104A6821105A7021106A7821107A9021D6
:102ED000102C9821103CA021104CA821105CB0218E
:102EE000106CB821107CD021102ED821103EE0218A
:102EF000104EE821105EF021106EF821107E18228D
:102F00005030202250402822505030225060382229
:102F10005070582250326022504268225052702223
:102F20005062782250729022502498225034A0226D
:102F30005044A8225054B0225064B8225074D02279
:102F40005026D8225036E0225046E8225056F02231
:102F50005066F8225076102350281823503820232A
:102F60005048282350583023506838235078502335
:102F7000502A5823503A6023504A6823505A7023ED
:102F8000506A7823507A9023502C9823503CA023E9
:102F9000504CA823505CB023506CB823507CD023F5
:102FA000502ED823503EE023504EE823505EF023AD
:102FB000506EF823507E182490302024904028240E
:102FC00090503024906038249070582490326024BF
:102FD00090426824905270249062782490729824D1
:102FE0009034A0249044A8249054B0249064B82431
:102FF0009074D0249026D8249036E0249046E8247B
:103000009056F0249066F824907610259028182584
:1030100090382025904828259058302590683825EC
:1030200090785025902A5825903A6025904A682536
:10303000905A7025906A7825907A9025902C982542
:10304000903CA025904CA825905CB025906CB825AC
:10305000907CD025902ED825903EE025904EE825F6
:10306000905EF025906EF825907E1826D0302026B0
:10307000D0402826D0503026D0603826D070582630
:10308000D0326026D0426826D0527026D062782690
:10309000D0729826D034A026D044A826D054B0268A
:1030A000D064B826D074D826D036E026D046E8269C
:1030B000D056F026D066F826D0761027D0281827CC
:1030C000D0382027D0482827D0583027D068382734
:1030D000D0785027D02A5827D03A6027D04A68277E
:1030E000D05A7027D06A7827D07A9027D02C98278A
:1030F000D03CA027D04CA827D05CB027D06CB827F4
:10310000D07CD027D02ED827D03EE027D04EE8273D
:10311000D05EF027D06EF827D07E182810312028F6
:103120001041282810513028106138281071582873
:1031300010336028104368281053702810637828D3
:10314000107398281035A0281045A8281055B028CD
:103150001065B8281075D8281037E0281047E828DF
:103160001057F0281067F8281077182910392029EF
:103170001049282910593029106938291079502907
:10318000102B5829103B6029104B6829105B7029BF
:10319000106B7829107B9029102D9829103DA029BB
:1031A000104DA829105DB029106DB829107DD029C7
:1031B000102FD829103FE029104FE829105FF0297F
:1031C000106FF829107F182A5031202A5041282AE0
:1031D0005051302A5061382A5071582A5033602A91
:1031E0005043682A5053702A5063782A5073982AA3
:1031F0005035A02A5045A82A5055B02A5065B82A03
:103200005075D82A5037E02A5047E82A5057F02AFC
:103210005067F82A5077182B5039202B5049282B0B
:103220005059302B5069382B5079582B503B602B1C
:10323000504B682B505B702B506B782B507B902B36
:10324000502D982B503DA02B504DA82B505DB02BEE
:10325000506DB82B507DD02B502FD82B503FE02BEA
:10326000504FE82B505FF02B506FF82B507F182CED
:103270009031202C9041282C9051302C9061382C8A
:103280009071582C9033602C9043682C9053702C84
:103290009063782C9073982C9035A02C9045A82C96
:1032A0009055B02C9065B82C9075D82C9037E02CA8
:1032B0009047E82C9057F02C9067F82C9077182DB9
:1032C0009039202D9049282D9059302D9069382D16
:1032D0009079582D903B602D904B682D905B702D10
:1032E000906B782D907B982D903DA02D904DA82D22
:1032F000905DB02D906DB82D907DD02D902FD82D54
:10330000903FE02D904FE82D905FF02D906FF82DBD
:10331000907F182ED031202ED041282ED051302E23
:10332000D061382ED071582ED033602ED043682E05
:10333000D053702ED063782ED073982ED035A02E17
:10334000D045A82ED055B02ED065B82ED075D82E29
:10335000D037E02ED047E82ED057F02ED067F82E89
:10336000D077182FD039202FD049282FD059302F7F
:10337000D069382FD079582FD03B602FD04B682F91
:10338000D05B702FD06B782FD07B982FD03DA02FA3
:10339000D04DA82FD05DB02FD06DB82FD07DD82FB5
:1033A000D03FE02FD04FE82FD05FF02FD06FF82F15
:1033B000D07F203018402830185030301860383016
:1033C0001870583018326030184268301852703017
:1033D00018627830187298301834A0301844A83029
:1033E0001854B0301864B8301874D8301836E0303B
:1033F0001846E8301856F0301866F830187618314C
:1034000018382031184828311858303118683831A8
:1034100018785831183A6031184A6831185A7031A2
:10342000186A7831187A9831183CA031184CA831B4
:10343000185CB031186CB831187CD831183EE031C6
:10344000184EE831185EF031186EF831187E2032CF
:1034500058402832585030325860383258706032F4
:1034600058426832585270325862783258729832E4
:103470005834A0325844A8325854B0325864B83244
:103480005874D8325836E0325846E8325856F0323E
:103490005866F8325876183358382033584828334D
:1034A000585830335868383358785833583A60335E
:1034B000584A6833585A7033586A7833587A983370
:1034C000583CA033584CA833585CB033586CB833D0
:1034D000587CD833583EE033584EE833585EF033CA
:1034E000586EF833587E2034984028349850303441
:1034F00098603834987060349842683498527034C8
:10350000986278349872A0349844A8349854B034AF
:103510009864B8349874D8349836E0349846E834CF
:103520009856F0349866F8349876183598382035DF
:1035300098482835985830359868383598785835EF
:10354000983A6035984A6835985A7035986A78354F
:10355000987A9835983CA035984CA835985CB03549
:10356000986CB835987CD835983EE035984EE8355B
:10357000985EF035986EF835987E2036D84028361B
:10358000D8503036D8603836D8706036D842683671
:10359000D8527036D8627836D872A036D844A83659
:1035A000D854B036D864B836D874E036D846E83641
:1035B000D856F036D866F836D8761837D838203747
:1035C000D8482837D8583037D8683837D878583757
:1035D000D83A6037D84A6837D85A7037D86A7837B7
:1035E000D87A9837D83CA037D84CA837D85CB037B1
:1035F000D86CB837D87CD837D83EE037D84EE837C3
:10360000D85EF037D86EF837D87E20381841283881
:1036100018513038186138381871603818436838D4
:1036200018537038186378381873A0381845A838BC
:103630001855B0381865B8381875E0381847E838A4
:103640001857F0381867F83818772039184928398A
:10365000185930391869383918795839183B603990
:10366000184B6839185B7039186B7839187B9839A2
:10367000183DA039184DA839185DB039186DB83902
:10368000187DD839183FE039184FE839185FF039FC
:10369000186FF839187F203A5841283A5851303A73
:1036A0005861383A5871603A5843683A5853703AFA
:1036B0005863783A5873A03A5845A83A5855B03AE2
:1036C0005865B83A5875E03A5847E83A5857F03ACA
:1036D0005867F83A5877203B5849283B5859303BAF
:1036E0005869383B5879603B584B683B585B703B96
:1036F000586B783B587B983B583DA03B584DA83BB6
:10370000585DB03B586DB83B587DD83B583FE03BC7
:10371000584FE83B585FF03B586FF83B587F203CD0
:103720009841283C9851303C9861383C9871603CF5
:103730009843683C9853703C9863783C9873A03CDD
:103740009845A83C9855B03C9865B83C9875E03CC5
:103750009847E83C9857F03C9867F83C9877203DAC
:103760009849283D9859303D9869383D9879603D91
:10377000984B683D985B703D986B783D987BA03D79
:10378000984DA83D985DB03D986DB83D987DD83D69
:10379000983FE03D984FE83D985FF03D986FF83DC9
:1037A000987F203ED841283ED851303ED861383EDF
:1037B000D871603ED843683ED853703ED863783E97
:1037C000D873A03ED845A83ED855B03ED865B83E7F
:1037D000D875E03ED847E83ED857F03ED867F83E67
:1037E000D877203FD849283FD859303FD869383F4B
:1037F000D879603FD84B683FD85B703FD86B783F33
:10380000D87BA03FD84DA83FD85DB03FD86DB83F1A
:10381000D87DE03FD84FE83FD85FF03FD86FF83F02
:10382000D87F2840205030402060384020706040D1
:103830002042684020527040206278402072A040B0
:103840002044A8402054B0402064B8402074E04098
:103850002046E8402056F0402066F840207620417F
:103860002048284120583041206838412078604164
:10387000204A6841205A7041206A7841207AA0414C
:10388000204CA841205CB041206CB841207CE04134
:10389000204EE841205EF041206EF841207E284213
:1038A00060503042606038426070684260527042DE
:1038B000606278426072A0426044A8426054B042A4
:1038C0006064B8426074E0426046E8426056F0428C
:1038D0006066F84260762043604828436058304371
:1038E0006068384360786043604A6843605A704358
:1038F000606A7843607AA043604CA843605CB04340
:10390000606CB843607CE043604EE843605EF04327
:10391000606EF843607E2844A0503044A060384474
:10392000A0706844A0527044A0627844A072A84479
:10393000A054B044A064B844A074E044A046E84455
:10394000A056F044A066F844A0762045A04828453B
:10395000A0583045A0683845A0786045A04A684521
:10396000A05A7045A06A7845A07AA045A04CA84509
:10397000A05CB045A06CB845A07CE045A04EE845F1
:10398000A05EF045A06EF845A07E2846E050304687
:10399000E0603846E0706846E0527046E062784683
:1039A000E072A846E054B046E064B846E074E846E9
:1039B000E056F046E066F846E0762047E0482847C3
:1039C000E0583047E0683847E0786047E04A6847A9
:1039D000E05A7047E06A7847E07AA047E04CA84791
:1039E000E05CB047E06CB847E07CE047E04EE84779
:1039F000E05EF047E06EF847E07E2848205130480E
:103A00002061384820716848205370482063784806
:103A10002073A8482055B0482065B8482075E8486C
:103A20002057F0482067F848207728492059304926
:103A30002069384920796049204B6849205B7049EA
:103A4000206B7849207BA049204DA849205DB049D2
:103A5000206DB849207DE049204FE849205FF049BA
:103A6000206FF849207F284A6051304A6061384A07
:103A70006071684A6053704A6063784A6073A84A0C
:103A80006055B04A6065B84A6075E84A6057F04AC8
:103A90006067F84A6077284B6059304B6069384B53
:103AA0006079684B605B704B606B784B607BA04BC0
:103AB000604DA84B605DB04B606DB84B607DE04BD6
:103AC000604FE84B605FF04B606FF84B607F284CB5
:103AD000A051304CA061384CA071684CA053704C80
:103AE000A063784CA073A84CA055B04CA065B84C0E
:103AF000A075E84CA057F04CA067F84CA077284D73
:103B0000A059304DA069384DA079684DA05B704D2B
:103B1000A06B784DA07BA84DA05DB04DA06DB84DB9
:103B2000A07DE04DA04FE84DA05FF04DA06FF84D97
:103B3000A07F284EE051304EE061384EE071684E73
:103B4000E053704EE063784EE073A84EE055B04EFF
:103B5000E065B84EE075E84EE057F04EE067F84E8D
:103B6000E077284FE059304FE069384FE079684FEF
:103B7000E05B704FE06B784FE07BA84FE05DB04FAB
:103B8000E06DB84FE07DE84FE05FF04FE06FF84F39
:103B9000E07F3050286038502870685028527050AC
:103BA000286278502872A8502854B0502864B85021
:103BB0002874E8502856F0502866F8502876285186
:103BC000285830512868385128786851285A70513F
:103BD000286A7851287AA851285CB051286CB851CD
:103BE000287CE851285EF051286EF851287E30522A
:103BF0006860385268707052686278526872A85271
:103C00006854B0526864B8526874E8526856F0520A
:103C10006866F85268762853685830536868385395
:103C200068786853685A7053686A7853687AA853FA
:103C3000685CB053686CB853687CE853685EF053B6
:103C4000686EF853687E3054A8603854A870705479
:103C5000A8627854A872B054A864B854A874E85400
:103C6000A856F054A866F854A8762855A858305598
:103C7000A8683855A8786855A85A7055A86A785524
:103C8000A87AA855A85CB055A86CB855A87CE8558A
:103C9000A85EF055A86EF855A87E3056E8603856F4
:103CA000E8707056E8627856E872B056E864B85624
:103CB000E874F056E866F856E8762857E858305722
:103CC000E8683857E8786857E85A7057E86A7857CC
:103CD000E87AA857E85CB057E86CB857E87CE85732
:103CE000E85EF057E86EF857E87E3058286138589B
:103CF00028717058286378582873B0582865B858C8
:103D00002875F0582867F8582877305928693859A5
:103D100028796859285B7059286B7859287BA859ED
:103D2000285DB059286DB859287DE859285FF059A9
:103D3000286FF859287F305A6861385A6871705A6C
:103D40006863785A6873B05A6865B85A6875F05AEB
:103D50006867F85A6877305B6869385B6879705BC8
:103D6000686B785B687BA85B685DB05B686DB85B0F
:103D7000687DE85B685FF05B686FF85B687F305C6C
:103D8000A861385CA871705CA863785CA873B05CAB
:103D9000A865B85CA875F05CA867F85CA877305D8A
:103DA000A869385DA879705DA86B785DA87BB05D67
:103DB000A86DB85DA87DE85DA85FF05DA86FF85DAF
:103DC000A87F305EE861385EE871705EE863785E17
:103DD000E873B05EE865B85EE875F05EE867F85EC7
:103DE000E877305FE869385FE879705FE86B785FA3
:103DF000E87BB05FE86DB85FE87DF05FE86FF85F83
:103E0000E87F386030707060306278603072B06027
:103E10003064B8603074F0603066F86030763061DD
:103E20003068386130787061306A7861307AB061BA
:103E3000306CB861307CF061306EF861307E386291
:103E4000707078627072B0627064B8627074F062A0
:103E50007066F8627076306370683863707870638B
:103E6000706A7863707AB063706CB863707CF0636A
:103E7000706EF863707E3864B0707864B072B86445
:103E8000B074F064B066F864B0763065B0683865D8
:103E9000B0787065B06A7865B07AB065B06CB865B6
:103EA000B07CF065B06EF865B07E3866F07078660C
:103EB000F072B866F074F866F0763067F0683867CC
:103EC000F0787067F06A7867F07AB067F06CB8677E
:103ED000F07CF067F06EF867F07E386830717868D3
:103EE0003073B8683075F868307738693079706940
:103EF000306B7869307BB069306DB869307DF069BE
:103F0000306FF869307F386A7071786A7073B86A98
:103F10007075F86A7077386B7079786B707BB06BFE
:103F2000706DB86B707DF06B706FF86B707F386C74
:103F3000B071786CB073B86CB075F86CB077386DE0
:103F4000B079786DB07BB86DB07DF06DB06FF86D05
:103F5000B07F386EF071786EF073B86EF075F86EF1
:103F6000F077386FF079786FF07BB86FF07DF86F8D
:103F7000F07F78703872B8703874F87038763871AD
:103F800038787871387AB871387CF871387EB872C0
:103F90007874F8727876387378787873787AB8733A
:103FA000787CF873787EF874B8763875B878787558
:103FB000B87AB875B87CF875B87E3877F8787877BD
:103FC000F87AB877F87CF877F87E7879387BB87922
:103FD000387DF879387FB87B787DF87B787FF87DFD
:103FE000B87F08000002100000041800000620003E
:103FF00000082800000A3000000C3800000E4800BD
:10400000400250004004580040066000400868002C
:10401000400A7000400C7800400E8800800290003A
:10402000800498008006A0008008A800800AB000E4
:10403000800CB800800EC800C002D000C004D800B8
:10404000C006E000C008E800C00AF000C00CF8009C
:10405000C00E08010003100100051801000720012F
:1040600000092801000B3001000D3801000F480144
:1040700040035001400558014007600140096801B4
:10408000400B7001400D7801400F880180039001C2
:10409000800598018007A0018009A801800BB0016C
:1040A000800DB801800FC801C003D001C005D80140
:1040B000C007E001C009E801C00BF001C00DF80124
:1040C000C00F10020804180208062002080828027F
:1040D000080A3002080C3802080E50024804580240
:1040E0004806600248086802480A7002480C7802D4
:1040F000480E9002880498028806A0028808A80248
:10410000880AB002880CB802880ED002C804D8020F
:10411000C806E002C808E802C80AF002C80CF802A3
:10412000C80E100308051803080720030809280310
:10413000080B3003080D3803080F500348055803D7
:104140004807600348096803480B7003480D78036B
:10415000480F9003880598038807A0038809A803DF
:10416000880BB003880DB803880FD003C805D803A7
:10417000C807E003C809E803C80BF003C80DF8033B
:10418000C80F18041006200410082804100A300470
:10419000100C3804100E58045006600450086804CF
:1041A000500A7004500C7804500E98049006A00435
:1041B0009008A804900AB004900CB804900ED8049B
:1041C000D006E004D008E804D00AF004D00CF804CB
:1041D000D00E18051007200510092805100B300512
:1041E000100D3805100F5805500760055009680577
:1041F000500B7005500D7805500F98059007A005DD
:104200009009A805900BB005900DB805900FD80542
:10421000D007E005D009E805D00BF005D00DF80572
:10422000D00F200618082806180A3006180C380681
:10423000180E600658086806580A7006580C78066A
:10424000580EA0069808A806980AB006980CB8065A
:10425000980EE006D808E806D80AF006D80CF8064A
:10426000D80E200718092807180B3007180D380733
:10427000180F600758096807580B7007580D780722
:10428000580FA0079809A807980BB007980DB80712
:10429000980FE007D809E807D80BF007D80DF80702
:1042A000D80F2808200A3008200C3808200E68088B
:1042B000600A7008600C7808600EA808A00AB008B0
:1042C000A00CB808A00EE808E00AF008E00CF80816
:1042D000E00E2809200B3009200D3809200F68094D
:1042E000600B7009600D7809600FA809A00BB00978
:1042F000A00DB809A00FE809E00BF009E00DF809DE
:10430000E00F300A280C380A280E700A680C780A68
:10431000680EB00AA80CB80AA80EF00AE80CF80A51
:10432000E80E300B280D380B280F700B680D780B3A
:10433000680FB00BA80DB80BA80FF00BE80DF80B29
:10434000E80F380C300E780C700EB80CB00EF80C6C
:10435000F00E380D300F780D700FB80DB00FF80D4E
:10436000F00F08004000100080001800C00020007E
:10437000000128004001300080013800C0015000D9
:1043800088005800C80060000801680048017000FB
:1043900088017800C8019800D000A0001001A80092
:1043A0005001B0009001B800D001E0001801E80011
:1043B0005801F0009801F800D8012801600130018F
:1043C000A0013801E0017001A8017801E801B801FD
:1043D000F001000000040000684C0108FAEE00083B
:1043E0000807000080000000686C01080AFD000852
:1043F000D00000001000000068700108AAFE00084C
:104400001400000000080000E8700108D2FE000857
:10441000E00E000000010000E8B00108921C010855
:10442000B801000020000000E8B8010802200108DF
:104430003000000000100000E8B901086220010807
:10444000C00F000000020000E8390208E23F010846
:10445000C001000040000000E84902086243010872
:104460003800000000000000920E493CB10AC93C2F
:104470002BC3163D2EFB483D752B7B3D04A9963D75
:1044800080B6AF3D36BDC83D2FBCE13D73B2FA3DAD
:1044900087CF093E8340163EB5AB223EA2102F3E89
:1044A000CF6E3B3EC2C5473E0115543E135C603E95
:1044B0007F9A6C3ECCCF783EC07D823E938E883E04
:1044C000229A8E3E32A0943E86A09A3EE59AA03E65
:1044D000128FA63ED47CAC3EEF63B23E2A44B83E77
:1044E000491DBE3E15EFC33E53B9C93ECA7BCF3E00
:1044F0004136D53E80E8DA3E4F92E03E7533E63EE7
:10450000BBCBEB3EEA5AF13ECBE0F63E275DFC3EEC
:10451000E4E7003F3D9C033F824B063F9BF5083F8D
:104520006B9A0B3FDA390E3FCDD3103F2A68133F09
:10453000D9F6153FC07F183FC6021B3FD17F1D3FF4
:10454000CBF61F3F9967223F25D2243F5636273F9F
:104550001594293F4AEB2B3FDE3B2E3FBB85303F76
:10456000C9C8323FF304353F233A373F4268393FE9
:104570003B8F3B3FF9AE3D3F67C73F3F70D8413F60
:1045800001E2433F03E4453F65DE473F12D1493F27
:10459000F8BB4B3F029F4D3F207A4F3F3D4D513F6F
:1045A0004918533F31DB543FE595563F5348583F38
:1045B0006AF2593F1A945B3F532D5D3F05BE5E3F43
:1045C0002146603F97C5613F5A3C633F59AA643F0B
:1045D000880F663FD86B673F3CBF683FA7096A3FBB
:1045E0000C4B6B3F5E836C3F93B26D3F9ED86E3F2A
:1045F00073F56F3F0809713F5213723F4714733FC1
:10460000DD0B743F0BFA743FC6DE753F07BA763F89
:10461000C58B773FF853783F9812793F9DC7793F14
:1046200002737A3FBE147B3FCDAC7B3F283B7C3F7F
:10463000C9BF7C3FAC3A7D3FCCAB7D3F23137E3F6F
:10464000B0707E3F6DC47E3F580E7F3F6D4E7F3F02
:10465000AB847F3F0FB17F3F97D37F3F43EC7F3FDA
:1046600011FB7F3F0000803F11FB7F3F43EC7F3F0A
:1046700097D37F3F0FB17F3FAB847F3F6D4E7F3F2E
:10468000580E7F3F6DC47E3FB0707E3F23137E3F48
:10469000CCAB7D3FAC3A7D3FC9BF7C3F283B7C3FE4
:1046A000CDAC7B3FBE147B3F02737A3F9DC7793F01
:1046B0009812793FF853783FC58B773F07BA763F1A
:1046C000C6DE753F0BFA743FDD0B743F4714733F32
:1046D0005213723F0809713F73F56F3F9ED86E3FCA
:1046E00093B26D3F5E836C3F0C4B6B3FA7096A3FF3
:1046F0003CBF683FD86B673F880F663F59AA643F4D
:104700005A3C633F97C5613F2146603F05BE5E3F0F
:10471000532D5D3F1A945B3F6AF2593F5348583F0F
:10472000E595563F31DB543F4918533F3D4D513FCE
:10473000207A4F3F029F4D3FF8BB4B3F12D1493F7C
:1047400065DE473F03E4453F01E2433F70D8413F08
:1047500067C73F3FF9AE3D3F3B8F3B3F4268393F24
:10476000233A373FF304353FC9C8323FBB85303F5A
:10477000DE3B2E3F4AEB2B3F1594293F5636273F11
:1047800025D2243F9967223FCBF61F3FD17F1D3FA3
:10479000C6021B3FC07F183FD9F6153F2A68133F5A
:1047A000CDD3103FDA390E3F6B9A0B3F9BF5083F94
:1047B000824B063F3D9C033FE4E7003F275DFC3E04
:1047C000CBE0F63EEA5AF13EBBCBEB3E7533E63E1C
:1047D0004F92E03E80E8DA3E4136D53ECA7BCF3E7E
:1047E00053B9C93E15EFC33E491DBE3E2A44B83EEB
:1047F000EF63B23ED47CAC3E128FA63EE59AA03E5B
:1048000086A09A3E32A0943E229A8E3E938E883E97
:10481000C07D823ECCCF783E7F9A6C3E135C603E7A
:104820000115543EC2C5473ECF6E3B3EA2102F3EFF
:10483000B5AB223E8340163E87CF093E73B2FA3DA8
:104840002FBCE13D36BDC83D80B6AF3D04A9963DC5
:10485000752B7B3D2EFB483D2BC3163DB10AC93C51
:10486000920E493C00000000920E49BCB10AC9BC3E
:104870002BC316BD2EFB48BD752B7BBD04A996BD71
:1048800080B6AFBD36BDC8BD2FBCE1BD73B2FABDA9
:1048900087CF09BE834016BEB5AB22BEA2102FBE85
:1048A000CF6E3BBEC2C547BE011554BE135C60BE91
:1048B0007F9A6CBECCCF78BEC07D82BE938E88BE00
:1048C000229A8EBE32A094BE86A09ABEE59AA0BE61
:1048D000128FA6BED47CACBEEF63B2BE2A44B8BE73
:1048E000491DBEBE15EFC3BE53B9C9BECA7BCFBEFC
:1048F0004136D5BE80E8DABE4F92E0BE7533E6BEE3
:10490000BBCBEBBEEA5AF1BECBE0F6BE275DFCBEE8
:10491000E4E700BF3D9C03BF824B06BF9BF508BF89
:104920006B9A0BBFDA390EBFCDD310BF2A6813BF05
:10493000D9F615BFC07F18BFC6021BBFD17F1DBFF0
:10494000CBF61FBF996722BF25D224BF563627BF9B
:10495000159429BF4AEB2BBFDE3B2EBFBB8530BF72
:10496000C9C832BFF30435BF233A37BF426839BFE5
:104970003B8F3BBFF9AE3DBF67C73FBF70D841BF5C
:1049800001E243BF03E445BF65DE47BF12D149BF23
:10499000F8BB4BBF029F4DBF207A4FBF3D4D51BF6B
:1049A000491853BF31DB54BFE59556BF534858BF34
:1049B0006AF259BF1A945BBF532D5DBF05BE5EBF3F
:1049C000214660BF97C561BF5A3C63BF59AA64BF07
:1049D000880F66BFD86B67BF3CBF68BFA7096ABFB7
:1049E0000C4B6BBF5E836CBF93B26DBF9ED86EBF26
:1049F00073F56FBF080971BF521372BF471473BFBD
:104A0000DD0B74BF0BFA74BFC6DE75BF07BA76BF85
:104A1000C58B77BFF85378BF981279BF9DC779BF10
:104A200002737ABFBE147BBFCDAC7BBF283B7CBF7B
:104A3000C9BF7CBFAC3A7DBFCCAB7DBF23137EBF6B
:104A4000B0707EBF6DC47EBF580E7FBF6D4E7FBFFE
:104A5000AB847FBF0FB17FBF97D37FBF43EC7FBFD6
:104A600011FB7FBF000080BF11FB7FBF43EC7FBF06
:104A700097D37FBF0FB17FBFAB847FBF6D4E7FBF2A
:104A8000580E7FBF6DC47EBFB0707EBF23137EBF44
:104A9000CCAB7DBFAC3A7DBFC9BF7CBF283B7CBFE0
:104AA000CDAC7BBFBE147BBF02737ABF9DC779BFFD
:104AB000981279BFF85378BFC58B77BF07BA76BF16
:104AC000C6DE75BF0BFA74BFDD0B74BF471473BF2E
:104AD000521372BF080971BF73F56FBF9ED86EBFC6
:104AE00093B26DBF5E836CBF0C4B6BBFA7096ABFEF
:104AF0003CBF68BFD86B67BF880F66BF59AA64BF49
:104B00005A3C63BF97C561BF214660BF05BE5EBF0B
:104B1000532D5DBF1A945BBF6AF259BF534858BF0B
:104B2000E59556BF31DB54BF491853BF3D4D51BFCA
:104B3000207A4FBF029F4DBFF8BB4BBF12D149BF78
:104B400065DE47BF03E445BF01E243BF70D841BF04
:104B500067C73FBFF9AE3DBF3B8F3BBF426839BF20
:104B6000233A37BFF30435BFC9C832BFBB8530BF56
:104B7000DE3B2EBF4AEB2BBF159429BF563627BF0D
:104B800025D224BF996722BFCBF61FBFD17F1DBF9F
:104B9000C6021BBFC07F18BFD9F615BF2A6813BF56
:104BA000CDD310BFDA390EBF6B9A0BBF9BF508BF90
:104BB000824B06BF3D9C03BFE4E700BF275DFCBE00
:104BC000CBE0F6BEEA5AF1BEBBCBEBBE7533E6BE18
:104BD0004F92E0BE80E8DABE4136D5BECA7BCFBE7A
:104BE00053B9C9BE15EFC3BE491DBEBE2A44B8BEE7
:104BF000EF63B2BED47CACBE128FA6BEE59AA0BE57
:104C000086A09ABE32A094BE229A8EBE938E88BE93
:104C1000C07D82BECCCF78BE7F9A6CBE135C60BE76
:104C2000011554BEC2C547BECF6E3BBEA2102FBEFB
:104C3000B5AB22BE834016BE87CF09BE73B2FABDA4
:104C40002FBCE1BD36BDC8BD80B6AFBD04A996BDC1
:104C5000752B7BBD2EFB48BD2BC316BDB10AC9BC4D
:104C6000920E49BC000000800000803F0000000060
:104C7000C4FE7F3F890FC93B11FB7F3F900E493C2B
:104C8000E6F47F3FB6C9963C43EC7F3FB00AC93C8F
:104C900029E17F3FB949FB3C98D37F3F2CC3163DA8
:104CA0008FC37F3F07E02F3D0FB17F3F2FFB483D74
:104CB000189C7F3F6814623DAB847F3F742B7B3D23
:104CC000C76A7F3F0A208A3D6D4E7F3F05A9963D0A
:104CD0009D2F7F3F8C30A33D580E7F3F80B6AF3D68
:104CE0009DEA7E3FC33ABC3D6DC47E3F36BDC83DA4
:104CF000C99B7E3FB93DD53DB0707E3F2EBCE13DA6
:104D000023437E3F7638EE3D24137E3F73B2FA3D57
:104D1000B1E07D3F0295033ECCAB7D3F86CF093E9F
:104D200074747D3FB708103EAC3A7D3F8340163E19
:104D300073FE7C3FDE761C3EC9BF7C3FB6AB223E95
:104D4000B07E7C3FFCDE283E283B7C3FA2102F3EFD
:104D500031F57B3F9840353ECDAC7B3FCF6E3B3E3F
:104D6000FC617B3F379B413EBE147B3FC2C5473E43
:104D700016C57A3F60EE4D3E02737A3F0115543EF0
:104D8000841E7A3F97395A3E9DC7793F135C603E37
:104D90004E6E793F667C663E9812793F7F9A6C3EF4
:104DA0007BB4783F51B6723EF853783FCCCF783E13
:104DB00010F1773FE1E67E3EC58B773FC07D823EB6
:104DC0001724773FCE86853E07BA763F938E883E7E
:104DD000974D763F07958B3EC6DE753F229A8E3EF5
:104DE000976D753FDD9D913E0BFA743F31A0943E67
:104DF0002284743F17A1973EDD0B743F86A09A3E34
:104E00003F91733F789E9D3E4714733FE59AA03EC5
:104E1000F894723FC595A33E5213723F128FA63E7F
:104E2000578F713FC486A93E0809713FD47CAC3EC0
:104E30006680703F3A71AF3E73F56F3FEF63B23EED
:104E400030686F3FEC54B53E9ED86E3F2A44B83E62
:104E5000BE466E3FA031BB3E93B26D3F4A1DBE3E83
:104E60001D1C6D3F1E07C13E5E836C3F15EFC33EA8
:104E700058E86B3F29D5C63E0C4B6B3F53B9C93E32
:104E80007BAB6A3F8B9BCC3EA7096A3FCA7BCF3E78
:104E90009165693F095AD23E3CBF683F4136D53ED5
:104EA000A816683F6B10D83ED86B673F80E8DA3EA3
:104EB000CCBE663F79BEDD3E880F663F4F92E03E36
:104EC0000B5E653FFA63E33E59AA643F7533E63EE5
:104ED00073F4633FB700E93E5A3C633FBBCBEB3E04
:104EE0001082623F7994EE3E98C5613FEA5AF13EE6
:104EF000F206613F071FF43E2146603FCBE0F63EDD
:104F000027835F3F2DA0F93E05BE5E3F275DFC3E37
:104F1000BEF65D3FB217FF3E532D5D3FE4E7003F15
:104F2000C7615C3FB142023F1A945B3F3D9C033F27
:104F300050C45A3F84F4043F6AF2593F824B063F03
:104F40006A1E593F36A1073F5348583F9BF5083F1B
:104F50002670573FAD480A3FE595563F6B9A0B3F89
:104F600093B9553FD0EA0C3F31DB543FDA390E3F5D
:104F7000C3FA533F84870F3F4918533FCDD3103FA7
:104F8000C633523FB01E123F3D4D513F2A68133F7A
:104F9000AF64503F39B0143F1F7A4F3FD9F6153FE9
:104FA000908D4E3F073C173F029F4D3FC07F183FFB
:104FB00079AE4C3F00C2193FF8BB4B3FC6021B3FC6
:104FC0007FC74A3F0C421C3F12D1493FD17F1D3F52
:104FD000B3D8483F12BC1E3F65DE473FCBF61F3FAC
:104FE0002AE2463FF92F213F03E4453F9967223FDC
:104FF000F5E3443FA99D233F00E2433F25D2243FF0
:1050000029DE423F0A05263F70D8413F5636273FEA
:10501000DAD0403F0566283F67C73F3F1594293FD8
:105020001BBC3E3F82C02A3FF9AE3D3F4AEB2B3FBF
:1050300003A03C3F69142D3F3B8F3B3FDE3B2E3F9F
:10504000A47C3A3FA5612F3F4268393FBB85303F82
:105050001652383F1DA8313F233A373FC9C8323F67
:105060006C20363FBCE7333FF304353FF304353F54
:10507000BCE7333F6C20363FC9C8323F233A373F45
:105080001DA8313F1652383FBB85303F4268393F3B
:10509000A5612F3FA47C3A3FDE3B2E3F3B8F3B3F39
:1050A00069142D3F03A03C3F4AEB2B3FF9AE3D3F37
:1050B00082C02A3F1BBC3E3F1594293F67C73F3F34
:1050C0000566283FDAD0403F5636273F70D8413F2B
:1050D0000A05263F29DE423F25D2243F00E2433F16
:1050E000A99D233FF5E3443F9967223F03E4453FF1
:1050F000F92F213F2AE2463FCBF61F3F65DE473FAF
:1051000012BC1E3FB3D8483FD17F1D3F12D1493F4B
:105110000C421C3F7FC74A3FC6021B3FF8BB4B3FB8
:1051200000C2193F79AE4C3FC07F183F029F4D3FF0
:10513000073C173F908D4E3FD9F6153F1F7A4F3FE2
:1051400039B0143FAF64503F2A68133F3D4D513F83
:10515000B01E123FC633523FCDD3103F4918533FC4
:1051600084870F3FC3FA533FDA390E3F31DB543F98
:10517000D0EA0C3F93B9553F6B9A0B3FE595563FEC
:10518000AD480A3F2670573F9BF5083F5348583FAC
:1051900036A1073F6A1E593F824B063F6AF2593FCC
:1051A00084F4043F50C45A3F3D9C033F1A945B3F34
:1051B000B142023FC7615C3FE4E7003F532D5D3FD2
:1051C000B217FF3EBEF65D3F275DFC3E05BE5E3F6B
:1051D0002DA0F93E27835F3FCBE0F63E2146603F9E
:1051E000071FF43EF206613FEA5AF13E98C5613F5F
:1051F0007994EE3E1082623FBBCBEB3E5A3C633F5C
:10520000B700E93E73F4633F7533E63E59AA643F45
:10521000FA63E33E0B5E653F4F92E03E880F663FC8
:1052200079BEDD3ECCBE663F80E8DA3ED86B673F94
:105230006B10D83EA816683F4136D53E3CBF683F4C
:10524000095AD23E9165693FCA7BCF3EA7096A3FA2
:105250008B9BCC3E7BAB6A3F53B9C93E0C4B6B3F3B
:1052600029D5C63E58E86B3F15EFC33E5E836C3FC1
:105270001E07C13E1D1C6D3F4A1DBE3E93B26D3FD1
:10528000A031BB3EBE466E3F2A44B83E9ED86E3F1C
:10529000EC54B53E30686F3FEF63B23E73F56F3F3D
:1052A0003A71AF3E6680703FD47CAC3E0809713FD6
:1052B000C486A93E578F713F128FA63E5213723F8C
:1052C000C595A33EF894723FE59AA03E4714733FFC
:1052D000789E9D3E3F91733F86A09A3EDD0B743FC2
:1052E00017A1973E2284743F31A0943E0BFA743F7D
:1052F000DD9D913E976D753F229A8E3EC6DE753FCD
:1053000007958B3E974D763F938E883E07BA763F42
:10531000CE86853E1724773FC07D823EC58B773F82
:10532000E1E67E3E10F1773FCCCF783EF853783FF0
:1053300051B6723E7BB4783F7F9A6C3E9812793FAB
:10534000667C663E4E6E793F135C603E9DC7793F3A
:1053500097395A3E841E7A3F0115543E02737A3FB4
:1053600060EE4D3E16C57A3FC2C5473EBE147B3F38
:10537000379B413EFC617B3FCF6E3B3ECDAC7B3FDC
:105380009840353E31F57B3FA2102F3E283B7C3FB5
:10539000FCDE283EB07E7C3FB6AB223EC9BF7C3FE0
:1053A000DE761C3E73FE7C3F8340163EAC3A7D3F6A
:1053B000B708103E74747D3F86CF093ECCAB7D3F6D
:1053C0000295033EB1E07D3F73B2FA3D24137E3F68
:1053D0007638EE3D23437E3F2EBCE13DB0707E3FEC
:1053E000B93DD53DC99B7E3F36BDC83D6DC47E3FAE
:1053F000C33ABC3D9DEA7E3F80B6AF3D580E7F3F2D
:105400008C30A33D9D2F7F3F05A9963D6D4E7F3F7C
:105410000A208A3DC76A7F3F742B7B3DAB847F3F68
:105420006814623D189C7F3F2FFB483D0FB17F3FC2
:1054300007E02F3D8FC37F3F2CC3163D98D37F3F9E
:10544000B949FB3C29E17F3FB00AC93C43EC7F3FAF
:10545000B6C9963CE6F47F3F900E493C11FB7F3F76
:10546000890FC93BC4FE7F3F000000000000803F61
:10547000890FC9BBC4FE7F3F900E49BC11FB7F3F23
:10548000B6C996BCE6F47F3FB00AC9BC43EC7F3F87
:10549000B949FBBC29E17F3F2CC316BD98D37F3FA0
:1054A00007E02FBD8FC37F3F2FFB48BD0FB17F3F6C
:1054B000681462BD189C7F3F742B7BBDAB847F3F1B
:1054C0000A208ABDC76A7F3F05A996BD6D4E7F3F02
:1054D0008C30A3BD9D2F7F3F80B6AFBD580E7F3F60
:1054E000C33ABCBD9DEA7E3F36BDC8BD6DC47E3F9C
:1054F000B93DD5BDC99B7E3F2EBCE1BDB0707E3F9E
:105500007638EEBD23437E3F73B2FABD24137E3F4F
:10551000029503BEB1E07D3F86CF09BECCAB7D3F97
:10552000B70810BE74747D3F834016BEAC3A7D3F11
:10553000DE761CBE73FE7C3FB6AB22BEC9BF7C3F8D
:10554000FCDE28BEB07E7C3FA2102FBE283B7C3FF5
:10555000984035BE31F57B3FCF6E3BBECDAC7B3F37
:10556000379B41BEFC617B3FC2C547BEBE147B3F3B
:1055700060EE4DBE16C57A3F011554BE02737A3FE8
:1055800097395ABE841E7A3F135C60BE9DC7793F2F
:10559000667C66BE4E6E793F7F9A6CBE9812793FEC
:1055A00051B672BE7BB4783FCCCF78BEF853783F0B
:1055B000E1E67EBE10F1773FC07D82BEC58B773FAE
:1055C000CE8685BE1724773F938E88BE07BA763F76
:1055D00007958BBE974D763F229A8EBEC6DE753FED
:1055E000DD9D91BE976D753F31A094BE0BFA743F5F
:1055F00017A197BE2284743F86A09ABEDD0B743F2C
:10560000789E9DBE3F91733FE59AA0BE4714733FBD
:10561000C595A3BEF894723F128FA6BE5213723F77
:10562000C486A9BE578F713FD47CACBE0809713FB8
:105630003A71AFBE6680703FEF63B2BE73F56F3FE5
:10564000EC54B5BE30686F3F2A44B8BE9ED86E3F5A
:10565000A031BBBEBE466E3F4A1DBEBE93B26D3F7B
:105660001E07C1BE1D1C6D3F15EFC3BE5E836C3FA0
:1056700029D5C6BE58E86B3F53B9C9BE0C4B6B3F2A
:105680008B9BCCBE7BAB6A3FCA7BCFBEA7096A3F70
:10569000095AD2BE9165693F4136D5BE3CBF683FCD
:1056A0006B10D8BEA816683F80E8DABED86B673F9B
:1056B00079BEDDBECCBE663F4F92E0BE880F663F2E
:1056C000FA63E3BE0B5E653F7533E6BE59AA643FDD
:1056D000B700E9BE73F4633FBBCBEBBE5A3C633FFC
:1056E0007994EEBE1082623FEA5AF1BE98C5613FDE
:1056F000071FF4BEF206613FCBE0F6BE2146603FD5
:105700002DA0F9BE27835F3F275DFCBE05BE5E3F2F
:10571000B217FFBEBEF65D3FE4E700BF532D5D3F0D
:10572000B14202BFC7615C3F3D9C03BF1A945B3F1F
:1057300084F404BF50C45A3F824B06BF6AF2593FFB
:1057400036A107BF6A1E593F9BF508BF5348583F13
:10575000AD480ABF2670573F6B9A0BBFE595563F81
:10576000D0EA0CBF93B9553FDA390EBF31DB543F55
:1057700084870FBFC3FA533FCDD310BF4918533F9F
:10578000B01E12BFC633523F2A6813BF3D4D513F72
:1057900039B014BFAF64503FD9F615BF1F7A4F3FE1
:1057A000073C17BF908D4E3FC07F18BF029F4D3FF3
:1057B00000C219BF79AE4C3FC6021BBFF8BB4B3FBE
:1057C0000C421CBF7FC74A3FD17F1DBF12D1493F4A
:1057D00012BC1EBFB3D8483FCBF61FBF65DE473FA4
:1057E000F92F21BF2AE2463F996722BF03E4453FD4
:1057F000A99D23BFF5E3443F25D224BF00E2433FE8
:105800000A0526BF29DE423F563627BF70D8413FE2
:10581000056628BFDAD0403F159429BF67C73F3FD0
:1058200082C02ABF1BBC3E3F4AEB2BBFF9AE3D3FB7
:1058300069142DBF03A03C3FDE3B2EBF3B8F3B3F97
:10584000A5612FBFA47C3A3FBB8530BF4268393F7A
:105850001DA831BF1652383FC9C832BF233A373F5F
:10586000BCE733BF6C20363FF30435BFF304353F4C
:105870006C2036BFBCE7333F233A37BFC9C8323F3D
:10588000165238BF1DA8313F426839BFBB85303F33
:10589000A47C3ABFA5612F3F3B8F3BBFDE3B2E3F31
:1058A00003A03CBF69142D3FF9AE3DBF4AEB2B3F2F
:1058B0001BBC3EBF82C02A3F67C73FBF1594293F2C
:1058C000DAD040BF0566283F70D841BF5636273F23
:1058D00029DE42BF0A05263F00E243BF25D2243F0E
:1058E000F5E344BFA99D233F03E445BF9967223FE9
:1058F0002AE246BFF92F213F65DE47BFCBF61F3FA7
:10590000B3D848BF12BC1E3F12D149BFD17F1D3F43
:105910007FC74ABF0C421C3FF8BB4BBFC6021B3FB0
:1059200079AE4CBF00C2193F029F4DBFC07F183FE8
:10593000908D4EBF073C173F1F7A4FBFD9F6153FDA
:10594000AF6450BF39B0143F3D4D51BF2A68133F7B
:10595000C63352BFB01E123F491853BFCDD3103FBC
:10596000C3FA53BF84870F3F31DB54BFDA390E3F90
:1059700093B955BFD0EA0C3FE59556BF6B9A0B3FE4
:10598000267057BFAD480A3F534858BF9BF5083FA4
:105990006A1E59BF36A1073F6AF259BF824B063FC4
:1059A00050C45ABF84F4043F1A945BBF3D9C033F2C
:1059B000C7615CBFB142023F532D5DBFE4E7003FCA
:1059C000BEF65DBFB217FF3E05BE5EBF275DFC3E63
:1059D00027835FBF2DA0F93E214660BFCBE0F63E96
:1059E000F20661BF071FF43E98C561BFEA5AF13E57
:1059F000108262BF7994EE3E5A3C63BFBBCBEB3E54
:105A000073F463BFB700E93E59AA64BF7533E63E3D
:105A10000B5E65BFFA63E33E880F66BF4F92E03EC0
:105A2000CCBE66BF79BEDD3ED86B67BF80E8DA3E8C
:105A3000A81668BF6B10D83E3CBF68BF4136D53E44
:105A4000916569BF095AD23EA7096ABFCA7BCF3E9A
:105A50007BAB6ABF8B9BCC3E0C4B6BBF53B9C93E33
:105A600058E86BBF29D5C63E5E836CBF15EFC33EB9
:105A70001D1C6DBF1E07C13E93B26DBF4A1DBE3EC9
:105A8000BE466EBFA031BB3E9ED86EBF2A44B83E14
:105A900030686FBFEC54B53E73F56FBFEF63B23E35
:105AA000668070BF3A71AF3E080971BFD47CAC3ECE
:105AB000578F71BFC486A93E521372BF128FA63E84
:105AC000F89472BFC595A33E471473BFE59AA03EF4
:105AD0003F9173BF789E9D3EDD0B74BF86A09A3EBA
:105AE000228474BF17A1973E0BFA74BF31A0943E75
:105AF000976D75BFDD9D913EC6DE75BF229A8E3EC5
:105B0000974D76BF07958B3E07BA76BF938E883E3A
:105B1000172477BFCE86853EC58B77BFC07D823E7A
:105B200010F177BFE1E67E3EF85378BFCCCF783EE8
:105B30007BB478BF51B6723E981279BF7F9A6C3EA3
:105B40004E6E79BF667C663E9DC779BF135C603E32
:105B5000841E7ABF97395A3E02737ABF0115543EAC
:105B600016C57ABF60EE4D3EBE147BBFC2C5473E30
:105B7000FC617BBF379B413ECDAC7BBFCF6E3B3ED4
:105B800031F57BBF9840353E283B7CBFA2102F3EAD
:105B9000B07E7CBFFCDE283EC9BF7CBFB6AB223ED8
:105BA00073FE7CBFDE761C3EAC3A7DBF8340163E62
:105BB00074747DBFB708103ECCAB7DBF86CF093E65
:105BC000B1E07DBF0295033E24137EBF73B2FA3D60
:105BD00023437EBF7638EE3DB0707EBF2EBCE13DE4
:105BE000C99B7EBFB93DD53D6DC47EBF36BDC83DA6
:105BF0009DEA7EBFC33ABC3D580E7FBF80B6AF3D25
:105C00009D2F7FBF8C30A33D6D4E7FBF05A9963D74
:105C1000C76A7FBF0A208A3DAB847FBF742B7B3D60
:105C2000189C7FBF6814623D0FB17FBF2FFB483DBA
:105C30008FC37FBF07E02F3D98D37FBF2CC3163D96
:105C400029E17FBFB949FB3C43EC7FBFB00AC93CA7
:105C5000E6F47FBFB6C9963C11FB7FBF900E493C6E
:105C6000C4FE7FBF890FC93B000080BF0000000059
:105C7000C4FE7FBF890FC9BB11FB7FBF900E49BC1B
:105C8000E6F47FBFB6C996BC43EC7FBFB00AC9BC7F
:105C900029E17FBFB949FBBC98D37FBF2CC316BD98
:105CA0008FC37FBF07E02FBD0FB17FBF2FFB48BD64
:105CB000189C7FBF681462BDAB847FBF742B7BBD13
:105CC000C76A7FBF0A208ABD6D4E7FBF05A996BDFA
:105CD0009D2F7FBF8C30A3BD580E7FBF80B6AFBD58
:105CE0009DEA7EBFC33ABCBD6DC47EBF36BDC8BD94
:105CF000C99B7EBFB93DD5BDB0707EBF2EBCE1BD96
:105D000023437EBF7638EEBD24137EBF73B2FABD47
:105D1000B1E07DBF029503BECCAB7DBF86CF09BE8F
:105D200074747DBFB70810BEAC3A7DBF834016BE09
:105D300073FE7CBFDE761CBEC9BF7CBFB6AB22BE85
:105D4000B07E7CBFFCDE28BE283B7CBFA2102FBEED
:105D500031F57BBF984035BECDAC7BBFCF6E3BBE2F
:105D6000FC617BBF379B41BEBE147BBFC2C547BE33
:105D700016C57ABF60EE4DBE02737ABF011554BEE0
:105D8000841E7ABF97395ABE9DC779BF135C60BE27
:105D90004E6E79BF667C66BE981279BF7F9A6CBEE4
:105DA0007BB478BF51B672BEF85378BFCCCF78BE03
:105DB00010F177BFE1E67EBEC58B77BFC07D82BEA6
:105DC000172477BFCE8685BE07BA76BF938E88BE6E
:105DD000974D76BF07958BBEC6DE75BF229A8EBEE5
:105DE000976D75BFDD9D91BE0BFA74BF31A094BE57
:105DF000228474BF17A197BEDD0B74BF86A09ABE24
:105E00003F9173BF789E9DBE471473BFE59AA0BEB5
:105E1000F89472BFC595A3BE521372BF128FA6BE6F
:105E2000578F71BFC486A9BE080971BFD47CACBEB0
:105E3000668070BF3A71AFBE73F56FBFEF63B2BEDD
:105E400030686FBFEC54B5BE9ED86EBF2A44B8BE52
:105E5000BE466EBFA031BBBE93B26DBF4A1DBEBE73
:105E60001D1C6DBF1E07C1BE5E836CBF15EFC3BE98
:105E700058E86BBF29D5C6BE0C4B6BBF53B9C9BE22
:105E80007BAB6ABF8B9BCCBEA7096ABFCA7BCFBE68
:105E9000916569BF095AD2BE3CBF68BF4136D5BEC5
:105EA000A81668BF6B10D8BED86B67BF80E8DABE93
:105EB000CCBE66BF79BEDDBE880F66BF4F92E0BE26
:105EC0000B5E65BFFA63E3BE59AA64BF7533E6BED5
:105ED00073F463BFB700E9BE5A3C63BFBBCBEBBEF4
:105EE000108262BF7994EEBE98C561BFEA5AF1BED6
:105EF000F20661BF071FF4BE214660BFCBE0F6BECD
:105F000027835FBF2DA0F9BE05BE5EBF275DFCBE27
:105F1000BEF65DBFB217FFBE532D5DBFE4E700BF05
:105F2000C7615CBFB14202BF1A945BBF3D9C03BF17
:105F300050C45ABF84F404BF6AF259BF824B06BFF3
:105F40006A1E59BF36A107BF534858BF9BF508BF0B
:105F5000267057BFAD480ABFE59556BF6B9A0BBF79
:105F600093B955BFD0EA0CBF31DB54BFDA390EBF4D
:105F7000C3FA53BF84870FBF491853BFCDD310BF97
:105F8000C63352BFB01E12BF3D4D51BF2A6813BF6A
:105F9000AF6450BF39B014BF1F7A4FBFD9F615BFD9
:105FA000908D4EBF073C17BF029F4DBFC07F18BFEB
:105FB00079AE4CBF00C219BFF8BB4BBFC6021BBFB6
:105FC0007FC74ABF0C421CBF12D149BFD17F1DBF42
:105FD000B3D848BF12BC1EBF65DE47BFCBF61FBF9C
:105FE0002AE246BFF92F21BF03E445BF996722BFCC
:105FF000F5E344BFA99D23BF00E243BF25D224BFE0
:1060000029DE42BF0A0526BF70D841BF563627BFDA
:10601000DAD040BF056628BF67C73FBF159429BFC8
:106020001BBC3EBF82C02ABFF9AE3DBF4AEB2BBFAF
:1060300003A03CBF69142DBF3B8F3BBFDE3B2EBF8F
:10604000A47C3ABFA5612FBF426839BFBB8530BF72
:10605000165238BF1DA831BF233A37BFC9C832BF57
:106060006C2036BFBCE733BFF30435BFF30435BF44
:10607000BCE733BF6C2036BFC9C832BF233A37BF35
:106080001DA831BF165238BFBB8530BF426839BF2B
:10609000A5612FBFA47C3ABFDE3B2EBF3B8F3BBF29
:1060A00069142DBF03A03CBF4AEB2BBFF9AE3DBF27
:1060B00082C02ABF1BBC3EBF159429BF67C73FBF24
:1060C000056628BFDAD040BF563627BF70D841BF1B
:1060D0000A0526BF29DE42BF25D224BF00E243BF06
:1060E000A99D23BFF5E344BF996722BF03E445BFE1
:1060F000F92F21BF2AE246BFCBF61FBF65DE47BF9F
:1061000012BC1EBFB3D848BFD17F1DBF12D149BF3B
:106110000C421CBF7FC74ABFC6021BBFF8BB4BBFA8
:1061200000C219BF79AE4CBFC07F18BF029F4DBFE0
:10613000073C17BF908D4EBFD9F615BF1F7A4FBFD2
:1061400039B014BFAF6450BF2A6813BF3D4D51BF73
:10615000B01E12BFC63352BFCDD310BF491853BFB4
:1061600084870FBFC3FA53BFDA390EBF31DB54BF88
:10617000D0EA0CBF93B955BF6B9A0BBFE59556BFDC
:10618000AD480ABF267057BF9BF508BF534858BF9C
:1061900036A107BF6A1E59BF824B06BF6AF259BFBC
:1061A00084F404BF50C45ABF3D9C03BF1A945BBF24
:1061B000B14202BFC7615CBFE4E700BF532D5DBFC2
:1061C000B217FFBEBEF65DBF275DFCBE05BE5EBF5B
:1061D0002DA0F9BE27835FBFCBE0F6BE214660BF8E
:1061E000071FF4BEF20661BFEA5AF1BE98C561BF4F
:1061F0007994EEBE108262BFBBCBEBBE5A3C63BF4C
:10620000B700E9BE73F463BF7533E6BE59AA64BF35
:10621000FA63E3BE0B5E65BF4F92E0BE880F66BFB8
:1062200079BEDDBECCBE66BF80E8DABED86B67BF84
:106230006B10D8BEA81668BF4136D5BE3CBF68BF3C
:10624000095AD2BE916569BFCA7BCFBEA7096ABF92
:106250008B9BCCBE7BAB6ABF53B9C9BE0C4B6BBF2B
:1062600029D5C6BE58E86BBF15EFC3BE5E836CBFB1
:106270001E07C1BE1D1C6DBF4A1DBEBE93B26DBFC1
:10628000A031BBBEBE466EBF2A44B8BE9ED86EBF0C
:10629000EC54B5BE30686FBFEF63B2BE73F56FBF2D
:1062A0003A71AFBE668070BFD47CACBE080971BFC6
:1062B000C486A9BE578F71BF128FA6BE521372BF7C
:1062C000C595A3BEF89472BFE59AA0BE471473BFEC
:1062D000789E9DBE3F9173BF86A09ABEDD0B74BFB2
:1062E00017A197BE228474BF31A094BE0BFA74BF6D
:1062F000DD9D91BE976D75BF229A8EBEC6DE75BFBD
:1063000007958BBE974D76BF938E88BE07BA76BF32
:10631000CE8685BE172477BFC07D82BEC58B77BF72
:10632000E1E67EBE10F177BFCCCF78BEF85378BFE0
:1063300051B672BE7BB478BF7F9A6CBE981279BF9B
:10634000667C66BE4E6E79BF135C60BE9DC779BF2A
:1063500097395ABE841E7ABF011554BE02737ABFA4
:1063600060EE4DBE16C57ABFC2C547BEBE147BBF28
:10637000379B41BEFC617BBFCF6E3BBECDAC7BBFCC
:10638000984035BE31F57BBFA2102FBE283B7CBFA5
:10639000FCDE28BEB07E7CBFB6AB22BEC9BF7CBFD0
:1063A000DE761CBE73FE7CBF834016BEAC3A7DBF5A
:1063B000B70810BE74747DBF86CF09BECCAB7DBF5D
:1063C000029503BEB1E07DBF73B2FABD24137EBF58
:1063D0007638EEBD23437EBF2EBCE1BDB0707EBFDC
:1063E000B93DD5BDC99B7EBF36BDC8BD6DC47EBF9E
:1063F000C33ABCBD9DEA7EBF80B6AFBD580E7FBF1D
:106400008C30A3BD9D2F7FBF05A996BD6D4E7FBF6C
:106410000A208ABDC76A7FBF742B7BBDAB847FBF58
:10642000681462BD189C7FBF2FFB48BD0FB17FBFB2
:1064300007E02FBD8FC37FBF2CC316BD98D37FBF8E
:10644000B949FBBC29E17FBFB00AC9BC43EC7FBF9F
:10645000B6C996BCE6F47FBF900E49BC11FB7FBF66
:10646000890FC9BBC4FE7FBF00000080000080BF51
:10647000890FC93BC4FE7FBF900E493C11FB7FBF13
:10648000B6C9963CE6F47FBFB00AC93C43EC7FBF77
:10649000B949FB3C29E17FBF2CC3163D98D37FBF90
:1064A00007E02F3D8FC37FBF2FFB483D0FB17FBF5C
:1064B0006814623D189C7FBF742B7B3DAB847FBF0B
:1064C0000A208A3DC76A7FBF05A9963D6D4E7FBFF2
:1064D0008C30A33D9D2F7FBF80B6AF3D580E7FBF50
:1064E000C33ABC3D9DEA7EBF36BDC83D6DC47EBF8C
:1064F000B93DD53DC99B7EBF2EBCE13DB0707EBF8E
:106500007638EE3D23437EBF73B2FA3D24137EBF3F
:106510000295033EB1E07DBF86CF093ECCAB7DBF87
:10652000B708103E74747DBF8340163EAC3A7DBF01
:10653000DE761C3E73FE7CBFB6AB223EC9BF7CBF7D
:10654000FCDE283EB07E7CBFA2102F3E283B7CBFE5
:106550009840353E31F57BBFCF6E3B3ECDAC7BBF27
:10656000379B413EFC617BBFC2C5473EBE147BBF2B
:1065700060EE4D3E16C57ABF0115543E02737ABFD8
:1065800097395A3E841E7ABF135C603E9DC779BF1F
:10659000667C663E4E6E79BF7F9A6C3E981279BFDC
:1065A00051B6723E7BB478BFCCCF783EF85378BFFB
:1065B000E1E67E3E10F177BFC07D823EC58B77BF9E
:1065C000CE86853E172477BF938E883E07BA76BF66
:1065D00007958B3E974D76BF229A8E3EC6DE75BFDD
:1065E000DD9D913E976D75BF31A0943E0BFA74BF4F
:1065F00017A1973E228474BF86A09A3EDD0B74BF1C
:10660000789E9D3E3F9173BFE59AA03E471473BFAD
:10661000C595A33EF89472BF128FA63E521372BF67
:10662000C486A93E578F71BFD47CAC3E080971BFA8
:106630003A71AF3E668070BFEF63B23E73F56FBFD5
:10664000EC54B53E30686FBF2A44B83E9ED86EBF4A
:10665000A031BB3EBE466EBF4A1DBE3E93B26DBF6B
:106660001E07C13E1D1C6DBF15EFC33E5E836CBF90
:1066700029D5C63E58E86BBF53B9C93E0C4B6BBF1A
:106680008B9BCC3E7BAB6ABFCA7BCF3EA7096ABF60
:10669000095AD23E916569BF4136D53E3CBF68BFBD
:1066A0006B10D83EA81668BF80E8DA3ED86B67BF8B
:1066B00079BEDD3ECCBE66BF4F92E03E880F66BF1E
:1066C000FA63E33E0B5E65BF7533E63E59AA64BFCD
:1066D000B700E93E73F463BFBBCBEB3E5A3C63BFEC
:1066E0007994EE3E108262BFEA5AF13E98C561BFCE
:1066F000071FF43EF20661BFCBE0F63E214660BFC5
:106700002DA0F93E27835FBF275DFC3E05BE5EBF1F
:10671000B217FF3EBEF65DBFE4E7003F532D5DBFFD
:10672000B142023FC7615CBF3D9C033F1A945BBF0F
:1067300084F4043F50C45ABF824B063F6AF259BFEB
:1067400036A1073F6A1E59BF9BF5083F534858BF03
:10675000AD480A3F267057BF6B9A0B3FE59556BF71
:10676000D0EA0C3F93B955BFDA390E3F31DB54BF45
:1067700084870F3FC3FA53BFCDD3103F491853BF8F
:10678000B01E123FC63352BF2A68133F3D4D51BF62
:1067900039B0143FAF6450BFD9F6153F1F7A4FBFD1
:1067A000073C173F908D4EBFC07F183F029F4DBFE3
:1067B00000C2193F79AE4CBFC6021B3FF8BB4BBFAE
:1067C0000C421C3F7FC74ABFD17F1D3F12D149BF3A
:1067D00012BC1E3FB3D848BFCBF61F3F65DE47BF94
:1067E000F92F213F2AE246BF9967223F03E445BFC4
:1067F000A99D233FF5E344BF25D2243F00E243BFD8
:106800000A05263F29DE42BF5636273F70D841BFD2
:106810000566283FDAD040BF1594293F67C73FBFC0
:1068200082C02A3F1BBC3EBF4AEB2B3FF9AE3DBFA7
:1068300069142D3F03A03CBFDE3B2E3F3B8F3BBF87
:10684000A5612F3FA47C3ABFBB85303F426839BF6A
:106850001DA8313F165238BFC9C8323F233A37BF4F
:10686000BCE7333F6C2036BFF304353FF30435BF3C
:106870006C20363FBCE733BF233A373FC9C832BF2D
:106880001652383F1DA831BF4268393FBB8530BF23
:10689000A47C3A3FA5612FBF3B8F3B3FDE3B2EBF21
:1068A00003A03C3F69142DBFF9AE3D3F4AEB2BBF1F
:1068B0001BBC3E3F82C02ABF67C73F3F159429BF1C
:1068C000DAD0403F056628BF70D8413F563627BF13
:1068D00029DE423F0A0526BF00E2433F25D224BFFE
:1068E000F5E3443FA99D23BF03E4453F996722BFD9
:1068F0002AE2463FF92F21BF65DE473FCBF61FBF97
:10690000B3D8483F12BC1EBF12D1493FD17F1DBF33
:106910007FC74A3F0C421CBFF8BB4B3FC6021BBFA0
:1069200079AE4C3F00C219BF029F4D3FC07F18BFD8
:10693000908D4E3F073C17BF1F7A4F3FD9F615BFCA
:10694000AF64503F39B014BF3D4D513F2A6813BF6B
:10695000C633523FB01E12BF4918533FCDD310BFAC
:10696000C3FA533F84870FBF31DB543FDA390EBF80
:1069700093B9553FD0EA0CBFE595563F6B9A0BBFD4
:106980002670573FAD480ABF5348583F9BF508BF94
:106990006A1E593F36A107BF6AF2593F824B06BFB4
:1069A00050C45A3F84F404BF1A945B3F3D9C03BF1C
:1069B000C7615C3FB14202BF532D5D3FE4E700BFBA
:1069C000BEF65D3FB217FFBE05BE5E3F275DFCBE53
:1069D00027835F3F2DA0F9BE2146603FCBE0F6BE86
:1069E000F206613F071FF4BE98C5613FEA5AF1BE47
:1069F0001082623F7994EEBE5A3C633FBBCBEBBE44
:106A000073F4633FB700E9BE59AA643F7533E6BE2D
:106A10000B5E653FFA63E3BE880F663F4F92E0BEB0
:106A2000CCBE663F79BEDDBED86B673F80E8DABE7C
:106A3000A816683F6B10D8BE3CBF683F4136D5BE34
:106A40009165693F095AD2BEA7096A3FCA7BCFBE8A
:106A50007BAB6A3F8B9BCCBE0C4B6B3F53B9C9BE23
:106A600058E86B3F29D5C6BE5E836C3F15EFC3BEA9
:106A70001D1C6D3F1E07C1BE93B26D3F4A1DBEBEB9
:106A8000BE466E3FA031BBBE9ED86E3F2A44B8BE04
:106A900030686F3FEC54B5BE73F56F3FEF63B2BE25
:106AA0006680703F3A71AFBE0809713FD47CACBEBE
:106AB000578F713FC486A9BE5213723F128FA6BE74
:106AC000F894723FC595A3BE4714733FE59AA0BEE4
:106AD0003F91733F789E9DBEDD0B743F86A09ABEAA
:106AE0002284743F17A197BE0BFA743F31A094BE65
:106AF000976D753FDD9D91BEC6DE753F229A8EBEB5
:106B0000974D763F07958BBE07BA763F938E88BE2A
:106B10001724773FCE8685BEC58B773FC07D82BE6A
:106B200010F1773FE1E67EBEF853783FCCCF78BED8
:106B30007BB4783F51B672BE9812793F7F9A6CBE93
:106B40004E6E793F667C66BE9DC7793F135C60BE22
:106B5000841E7A3F97395ABE02737A3F011554BE9C
:106B600016C57A3F60EE4DBEBE147B3FC2C547BE20
:106B7000FC617B3F379B41BECDAC7B3FCF6E3BBEC4
:106B800031F57B3F984035BE283B7C3FA2102FBE9D
:106B9000B07E7C3FFCDE28BEC9BF7C3FB6AB22BEC8
:106BA00073FE7C3FDE761CBEAC3A7D3F834016BE52
:106BB00074747D3FB70810BECCAB7D3F86CF09BE55
:106BC000B1E07D3F029503BE24137E3F73B2FABD50
:106BD00023437E3F7638EEBDB0707E3F2EBCE1BDD4
:106BE000C99B7E3FB93DD5BD6DC47E3F36BDC8BD96
:106BF0009DEA7E3FC33ABCBD580E7F3F80B6AFBD15
:106C00009D2F7F3F8C30A3BD6D4E7F3F05A996BD64
:106C1000C76A7F3F0A208ABDAB847F3F742B7BBD50
:106C2000189C7F3F681462BD0FB17F3F2FFB48BDAA
:106C30008FC37F3F07E02FBD98D37F3F2CC316BD86
:106C400029E17F3FB949FBBC43EC7F3FB00AC9BC97
:106C5000E6F47F3FB6C996BC11FB7F3F900E49BC5E
:106C6000C4FE7F3F890FC9BB0000803F00000000C9
:106C70000FB17F3F2FFB483D6DC47E3F36BDC83D01
:106C8000AC3A7D3F8340163EBE147B3FC2C5473EB3
:106C9000F853783FCCCF783E0BFA743F31A0943E46
:106CA0000809713FD47CAC3E5E836C3F15EFC33E58
:106CB000D86B673F80E8DA3E98C5613FEA5AF13EFB
:106CC0001A945B3F3D9C033F31DB543FDA390E3F62
:106CD000029F4D3FC07F183F03E4453F9967223F25
:106CE000F9AE3D3F4AEB2B3FF304353FF304353F0C
:106CF0004AEB2B3FF9AE3D3F9967223F03E4453F06
:106D0000C07F183F029F4D3FDA390E3F31DB543FC1
:106D10003D9C033F1A945B3FEA5AF13E98C5613FA0
:106D200080E8DA3ED86B673F15EFC33E5E836C3F69
:106D3000D47CAC3E0809713F31A0943E0BFA743FFD
:106D4000CCCF783EF853783FC2C5473EBE147B3F58
:106D50008340163EAC3A7D3F36BDC83D6DC47E3F94
:106D60002FFB483D0FB17F3F000000000000803F37
:106D70002FFB48BD0FB17F3F36BDC8BD6DC47E3F00
:106D8000834016BEAC3A7D3FC2C547BEBE147B3FB2
:106D9000CCCF78BEF853783F31A094BE0BFA743F45
:106DA000D47CACBE0809713F15EFC3BE5E836C3F57
:106DB00080E8DABED86B673FEA5AF1BE98C5613FFA
:106DC0003D9C03BF1A945B3FDA390EBF31DB543F61
:106DD000C07F18BF029F4D3F996722BF03E4453F24
:106DE0004AEB2BBFF9AE3D3FF30435BFF304353F0B
:106DF000F9AE3DBF4AEB2B3F03E445BF9967223F05
:106E0000029F4DBFC07F183F31DB54BFDA390E3FC0
:106E10001A945BBF3D9C033F98C561BFEA5AF13E9F
:106E2000D86B67BF80E8DA3E5E836CBF15EFC33E68
:106E3000080971BFD47CAC3E0BFA74BF31A0943EFC
:106E4000F85378BFCCCF783EBE147BBFC2C5473E57
:106E5000AC3A7DBF8340163E6DC47EBF36BDC83D93
:106E60000FB17FBF2FFB483D000080BF0000000036
:106E70000FB17FBF2FFB48BD6DC47EBF36BDC8BDFF
:106E8000AC3A7DBF834016BEBE147BBFC2C547BEB1
:106E9000F85378BFCCCF78BE0BFA74BF31A094BE44
:106EA000080971BFD47CACBE5E836CBF15EFC3BE56
:106EB000D86B67BF80E8DABE98C561BFEA5AF1BEF9
:106EC0001A945BBF3D9C03BF31DB54BFDA390EBF60
:106ED000029F4DBFC07F18BF03E445BF996722BF23
:106EE000F9AE3DBF4AEB2BBFF30435BFF30435BF0A
:106EF0004AEB2BBFF9AE3DBF996722BF03E445BF04
:106F0000C07F18BF029F4DBFDA390EBF31DB54BFBF
:106F10003D9C03BF1A945BBFEA5AF1BE98C561BF9E
:106F200080E8DABED86B67BF15EFC3BE5E836CBF67
:106F3000D47CACBE080971BF31A094BE0BFA74BFFB
:106F4000CCCF78BEF85378BFC2C547BEBE147BBF56
:106F5000834016BEAC3A7DBF36BDC8BD6DC47EBF92
:106F60002FFB48BD0FB17FBF00000080000080BF35
:106F70002FFB483D0FB17FBF36BDC83D6DC47EBFFE
:106F80008340163EAC3A7DBFC2C5473EBE147BBFB0
:106F9000CCCF783EF85378BF31A0943E0BFA74BF43
:106FA000D47CAC3E080971BF15EFC33E5E836CBF55
:106FB00080E8DA3ED86B67BFEA5AF13E98C561BFF8
:106FC0003D9C033F1A945BBFDA390E3F31DB54BF5F
:106FD000C07F183F029F4DBF9967223F03E445BF22
:106FE0004AEB2B3FF9AE3DBFF304353FF30435BF09
:106FF000F9AE3D3F4AEB2BBF03E4453F996722BF03
:10700000029F4D3FC07F18BF31DB543FDA390EBFBE
:107010001A945B3F3D9C03BF98C5613FEA5AF1BE9D
:10702000D86B673F80E8DABE5E836C3F15EFC3BE66
:107030000809713FD47CACBE0BFA743F31A094BEFA
:10704000F853783FCCCF78BEBE147B3FC2C547BE55
:10705000AC3A7D3F834016BE6DC47E3F36BDC8BD91
:107060000FB17F3F2FFB48BD0000803F00000000B4
:107070005E836C3F15EFC33EF304353FF304353FA9
:1070800015EFC33E5E836C3F000000000000803FB0
:1070900015EFC3BE5E836C3FF30435BFF304353F89
:1070A0005E836CBF15EFC33E000080BF0000000090
:1070B0005E836CBF15EFC3BEF30435BFF30435BF69
:1070C00015EFC3BE5E836CBF00000080000080BF70
:1070D00015EFC33E5E836CBFF304353FF30435BF49
:1070E0005E836C3F15EFC3BE0000803F00000000D0
:1070F000B1FF7F3FC70F493BC4FE7F3F890FC93BAC
:1071000039FD7F3F59CB163C11FB7F3F900E493C28
:107110004AF87F3F4B517B3CE6F47F3FB6C9963C33
:10712000E3F07F3F69EAAF3C43EC7F3FB00AC93CE4
:1071300005E77F3F7B2AE23C29E17F3FB949FB3CE1
:10714000AFDA7F3F2F340A3D98D37F3F2CC3163DE3
:10715000E2CB7F3FCC51233D8FC37F3F07E02F3DE4
:107160009EBA7F3FD56D3C3D0FB17F3F2FFB483D21
:10717000E3A67F3F0E88553D189C7F3F6814623D13
:10718000B1907F3F38A06E3DAB847F3F742B7B3D39
:1071900008787F3F0ADB833DC76A7F3F0A208A3D2C
:1071A000E95C7F3FB464903D6D4E7F3F05A9963DFD
:1071B000543F7F3FF9EC9C3D9D2F7F3F8C30A33D9A
:1071C000491F7F3FBA73A93D580E7F3F80B6AF3D40
:1071D000C9FC7E3FDAF8B53D9DEA7E3FC33ABC3D2F
:1071E000D4D77E3F397CC23D6DC47E3F36BDC83D9D
:1071F00069B07E3FB7FDCE3DC99B7E3FB93DD53DD1
:107200008B867E3F377DDB3DB0707E3F2EBCE13DFF
:10721000385A7E3F9AFAE73D23437E3F7638EE3D6B
:10722000722B7E3FC075F43D24137E3F73B2FA3D4E
:1072300038FA7D3F4577003EB1E07D3F0295033E41
:107240008CC67D3F6EB2063ECCAB7D3F86CF093EFD
:107250006E907D3F4AEC0C3E74747D3FB708103E43
:10726000DE577D3FCA24133EAC3A7D3F8340163E35
:10727000DD1C7D3FE05B193E73FE7C3FDE761C3EED
:107280006CDF7C3F7B911F3EC9BF7C3FB6AB223E8B
:107290008A9F7C3F8CC5253EB07E7C3FFCDE283E2D
:1072A0003A5D7C3F04F82B3E283B7C3FA2102F3EEA
:1072B0007A187C3FD428323E31F57B3F9840353EEA
:1072C0004DD17B3FEC57383ECDAC7B3FCF6E3B3E44
:1072D000B2877B3F3E853E3EFC617B3F379B413E14
:1072E000AB3B7B3FB9B0443EBE147B3FC2C5473E7B
:1072F00037ED7A3F4FDA4A3E16C57A3F60EE4D3E93
:10730000599C7A3FF101513E02737A3F0115543E78
:1073100010497A3F8F27573E841E7A3F97395A3E4D
:107320005EF3793F1A4B5D3E9DC7793F135C603E2B
:10733000439B793F836C633E4E6E793F667C663E2D
:10734000C040793FBA8B693E9812793F7F9A6C3E74
:10735000D6E3783FB2A86F3E7BB4783F51B6723E19
:107360008684783F5AC3753EF853783FCCCF783E39
:10737000D122783FA4DB7B3E10F1773FE1E67E3EF1
:10738000B7BE773FC0F8803EC58B773FC07D823E59
:107390003A58773F7002843E1724773FCE86853E69
:1073A0005BEF763FDA0A873E07BA763F938E883ED8
:1073B0001B84763FF8118A3E974D763F07958B3EAA
:1073C0007A16763FC0178D3EC6DE753F229A8E3EF6
:1073D0007BA6753F2C1C903E976D753FDD9D913EC1
:1073E0001D34753F351F933E0BFA743F31A0943E18
:1073F00062BF743FD220963E2284743F17A1973E0D
:107400004B48743FFE20993EDD0B743F86A09A3EA8
:10741000D9CE733FAF1F9C3E3F91733F789E9D3EF8
:107420000E53733FDF1C9F3E4714733FE59AA03E07
:10743000EBD4723F8718A23EF894723FC595A33EE5
:107440007054723F9F12A53E5213723F128FA63E98
:107450009FD1713F1F0BA83E578F713FC486A93E35
:107460007A4C713F0102AB3E0809713FD47CAC3EBF
:1074700002C5703F3CF7AD3E6680703F3A71AF3E4B
:10748000373B703FCBEAB03E73F56F3FEF63B23EE0
:107490001BAF6F3FA5DCB33E30686F3FEC54B53E89
:1074A000B0206F3FC3CCB63E9ED86E3F2A44B83E54
:1074B000F88F6E3F1EBBB93EBE466E3FA031BB3E4D
:1074C000F2FC6D3FAFA7BC3E93B26D3F4A1DBE3E7E
:1074D000A1676D3F6F92BF3E1D1C6D3F1E07C13EF1
:1074E00007D06C3F557BC23E5E836C3F15EFC33EB9
:1074F00024366C3F5C62C53E58E86B3F29D5C63EDA
:10750000FB996B3F7C47C83E0C4B6B3F53B9C93E60
:107510008CFB6A3FAE2ACB3E7BAB6A3F8B9BCC3E5B
:10752000D95A6A3FEA0BCE3EA7096A3FCA7BCF3ED3
:10753000E4B7693F2AEBD03E9165693F095AD23ED4
:10754000AE12693F67C8D33E3CBF683F4136D53E67
:10755000396B683F99A3D63EA816683F6B10D83E9A
:1075600087C1673FB97CD93ED86B673F80E8DA3E78
:107570009915673FC153DC3ECCBE663F79BEDD3E08
:107580007167663FA928DF3E880F663F4F92E03E55
:1075900010B7653F6AFBE13E0B5E653FFA63E33E71
:1075A0007904653FFECBE43E59AA643F7533E63E5D
:1075B000AC4F643F5D9AE73E73F4633FB700E93E2A
:1075C000AC98633F8166EA3E5A3C633FBBCBEB3EDF
:1075D0007BDF623F6330ED3E1082623F7994EE3E86
:1075E0001A24623FFBF7EF3E98C5613FEA5AF13E2D
:1075F0008A66613F43BDF23EF206613F071FF43EDB
:10760000CFA6603F3580F53E2146603FCBE0F63E99
:10761000E9E45F3FC840F83E27835F3F2DA0F93E75
:10762000DB205F3FF7FEFA3E05BE5E3F275DFC3E76
:10763000A65A5E3FBBBAFD3EBEF65D3FB217FF3EA7
:107640004D925D3F063A003F532D5D3FE4E7003F1A
:10765000D1C75C3F7395013FC7615C3FB142023FB8
:1076600034FB5B3F9FEF023F1A945B3F3D9C033F1F
:10767000792C5B3F8948043F50C45A3F84F4043F4F
:10768000A05B5A3F2CA0053F6AF2593F824B063F50
:10769000AD88593F86F6063F6A1E593F36A1073F1F
:1076A000A1B3583F924B083F5348583F9BF5083FC2
:1076B0007FDC573F4E9F093F2670573FAD480A3F3A
:1076C0004803573FB7F10A3FE595563F6B9A0B3F8A
:1076D000FE27563FC9420C3F93B9553FD0EA0C3FB5
:1076E000A44A553F81920D3F31DB543FDA390E3FBA
:1076F0003B6B543FDBE00E3FC3FA533F84870F3FA1
:10770000C789533FD52D103F4918533FCDD3103F64
:1077100049A6523F6B79113FC633523FB01E123F0C
:10772000C2C0513F9AC3123F3D4D513F2A68133F9B
:1077300037D9503F5F0C143FAF64503F39B0143F0E
:10774000A8EF4F3FB753153F1F7A4F3FD9F6153F6C
:1077500017044F3F9F99163F908D4E3F073C173FB0
:1077600089164E3F12DE173F029F4D3FC07F183FE4
:10777000FD264D3F0F21193F79AE4C3F00C2193F06
:1077800078354C3F93621A3FF8BB4B3FC6021B3F14
:10779000FA414B3F99A21B3F7FC74A3F0C421C3F17
:1077A000874C4A3F1FE11C3F12D1493FD17F1D3F0B
:1077B0002155493F221E1E3FB3D8483F12BC1E3FF1
:1077C000CA5B483F9F591F3F65DE473FCBF61F3FCF
:1077D0008560473F9393203F2AE2463FF92F213FA0
:1077E0005463463FFBCB213F03E4453F9967223F6B
:1077F0003964453FD302233FF5E3443FA99D233F2E
:107800003763443F1A38243F00E2433F25D2243FE8
:107810005160433FCB6B253F29DE423F0A05263F9F
:10782000895B423FE39D263F70D8413F5636273F54
:10783000E154413F61CE273FDAD0403F0566283F03
:107840005C4C403F41FD283F67C73F3F1594293FAF
:10785000FC413F3F802A2A3F1BBC3E3F82C02A3F5B
:10786000C5353E3F1B562B3FF9AE3D3F4AEB2B3F04
:10787000B8273D3F0F802C3F03A03C3F69142D3FAC
:10788000D9173C3F59A82D3F3B8F3B3FDE3B2E3F56
:1078900029063B3FF7CE2E3FA47C3A3FA5612F3F00
:1078A000ACF2393FE6F32F3F4268393FBB85303FAA
:1078B00065DD383F2217313F1652383F1DA8313F52
:1078C00055C6373FAA38323F233A373FC9C8323FFF
:1078D0007FAD363F7A58333F6C20363FBCE7333FAD
:1078E000E792353F8F76343FF304353FF304353F5D
:1078F0008F76343FE792353FBCE7333F6C20363F0D
:107900007A58333F7FAD363FC9C8323F233A373FBD
:10791000AA38323F55C6373F1DA8313F1652383F6F
:107920002217313F65DD383FBB85303F4268393F24
:10793000E6F32F3FACF2393FA5612F3FA47C3A3FDD
:10794000F7CE2E3F29063B3FDE3B2E3F3B8F3B3F92
:1079500059A82D3FD9173C3F69142D3F03A03C3F48
:107960000F802C3FB8273D3F4AEB2B3FF9AE3D3F00
:107970001B562B3FC5353E3F82C02A3F1BBC3E3FB6
:10798000802A2A3FFC413F3F1594293F67C73F3F6C
:1079900041FD283F5C4C403F0566283FDAD0403F20
:1079A00061CE273FE154413F5636273F70D8413FD3
:1079B000E39D263F895B423F0A05263F29DE423F81
:1079C000CB6B253F5160433F25D2243F00E2433F2C
:1079D0001A38243F3763443FA99D233FF5E3443FD2
:1079E000D302233F3964453F9967223F03E4453F73
:1079F000FBCB213F5463463FF92F213F2AE2463F0C
:107A00009393203F8560473FCBF61F3F65DE473F9E
:107A10009F591F3FCA5B483F12BC1E3FB3D8483F27
:107A2000221E1E3F2155493FD17F1D3F12D1493FA4
:107A30001FE11C3F874C4A3F0C421C3F7FC74A3F17
:107A400099A21B3FFA414B3FC6021B3FF8BB4B3F7D
:107A500093621A3F78354C3F00C2193F79AE4C3FD4
:107A60000F21193FFD264D3FC07F183F029F4D3F1C
:107A700012DE173F89164E3F073C173F908D4E3F51
:107A80009F99163F17044F3FD9F6153F1F7A4F3F76
:107A9000B753153FA8EF4F3F39B0143FAF64503F85
:107AA0005F0C143F37D9503F2A68133F3D4D513F7B
:107AB0009AC3123FC2C0513FB01E123FC633523F5D
:107AC0006B79113F49A6523FCDD3103F4918533F20
:107AD000D52D103FC789533F84870F3FC3FA533FCB
:107AE000DBE00E3F3B6B543FDA390E3F31DB543F56
:107AF00081920D3FA44A553FD0EA0C3F93B9553FC0
:107B0000C9420C3FFE27563F6B9A0B3FE595563F07
:107B1000B7F10A3F4803573FAD480A3F2670573F29
:107B20004E9F093F7FDC573F9BF5083F5348583F26
:107B3000924B083FA1B3583F36A1073F6A1E593FF9
:107B400086F6063FAD88593F824B063F6AF2593FA1
:107B50002CA0053FA05B5A3F84F4043F50C45A3F19
:107B60008948043F792C5B3F3D9C033F1A945B3F5F
:107B70009FEF023F34FB5B3FB142023FC7615C3F76
:107B80007395013FD1C75C3FE4E7003F532D5D3F54
:107B9000063A003F4D925D3FB217FF3EBEF65D3F95
:107BA000BBBAFD3EA65A5E3F275DFC3E05BE5E3F6A
:107BB000F7FEFA3EDB205F3F2DA0F93E27835F3FB3
:107BC000C840F83EE9E45F3FCBE0F63E2146603F27
:107BD0003580F53ECFA6603F071FF43EF206613FB9
:107BE00043BDF23E8A66613FEA5AF13E98C5613F65
:107BF000FBF7EF3E1A24623F7994EE3E1082623F1B
:107C00006330ED3E7BDF623FBBCBEB3E5A3C633FD4
:107C10008166EA3EAC98633FB700E93E73F4633F88
:107C20005D9AE73EAC4F643F7533E63E59AA643F28
:107C3000FECBE43E7904653FFA63E33E0B5E653FAD
:107C40006AFBE13E10B7653F4F92E03E880F663F0A
:107C5000A928DF3E7167663F79BEDD3ECCBE663F38
:107C6000C153DC3E9915673F80E8DA3ED86B673F29
:107C7000B97CD93E87C1673F6B10D83EA816683FD4
:107C800099A3D63E396B683F4136D53E3CBF683F2D
:107C900067C8D33EAE12693F095AD23E9165693F2B
:107CA0002AEBD03EE4B7693FCA7BCF3EA7096A3FC3
:107CB000EA0BCE3ED95A6A3F8B9BCC3E7BAB6A3FE8
:107CC000AE2ACB3E8CFB6A3F53B9C93E0C4B6B3F8F
:107CD0007C47C83EFB996B3F29D5C63E58E86B3FB1
:107CE0005C62C53E24366C3F15EFC33E5E836C3F3D
:107CF000557BC23E07D06C3F1E07C13E1D1C6D3F29
:107D00006F92BF3EA1676D3F4A1DBE3E93B26D3F6D
:107D1000AFA7BC3EF2FC6D3FA031BB3EBE466E3FFE
:107D20001EBBB93EF88F6E3F2A44B83E9ED86E3FC8
:107D3000C3CCB63EB0206F3FEC54B53E30686F3FC9
:107D4000A5DCB33E1BAF6F3FEF63B23E73F56F3FF1
:107D5000CBEAB03E373B703F3A71AF3E6680703F32
:107D60003CF7AD3E02C5703FD47CAC3E0809713F84
:107D70000102AB3E7A4C713FC486A93E578F713FDA
:107D80001F0BA83E9FD1713F128FA63E5213723F28
:107D90009F12A53E7054723FC595A33EF894723F62
:107DA0008718A23EEBD4723FE59AA03E4714733F7A
:107DB000DF1C9F3E0E53733F789E9D3E3F91733F65
:107DC000AF1F9C3ED9CE733F86A09A3EDD0B743F19
:107DD000FE20993E4B48743F17A1973E2284743F82
:107DE000D220963E62BF743F31A0943E0BFA743F9E
:107DF000351F933E1D34753FDD9D913E976D753F58
:107E00002C1C903E7BA6753F229A8E3EC6DE753FA7
:107E1000C0178D3E7A16763F07958B3E974D763F7D
:107E2000F8118A3E1B84763F938E883E07BA763FD0
:107E3000DA0A873E5BEF763FCE86853E1724773F92
:107E40007002843E3A58773FC07D823EC58B773FB3
:107E5000C0F8803EB7BE773FE1E67E3E10F1773F47
:107E6000A4DB7B3ED122783FCCCF783EF853783FDD
:107E70005AC3753E8684783F51B6723E7BB4783FD4
:107E8000B2A86F3ED6E3783F7F9A6C3E9812793F56
:107E9000BA8B693EC040793F667C663E4E6E793F44
:107EA000836C633E439B793F135C603E9DC7793F83
:107EB0001A4B5D3E5EF3793F97395A3E841E7A3FF6
:107EC0008F27573E10497A3F0115543E02737A3F7F
:107ED000F101513E599C7A3F60EE4D3E16C57A3F06
:107EE0004FDA4A3E37ED7A3FC2C5473EBE147B3F6C
:107EF000B9B0443EAB3B7B3F379B413EFC617B3F8F
:107F00003E853E3EB2877B3FCF6E3B3ECDAC7B3F56
:107F1000EC57383E4DD17B3F9840353E31F57B3FA5
:107F2000D428323E7A187C3FA2102F3E283B7C3F5B
:107F300004F82B3E3A5D7C3FFCDE283EB07E7C3F61
:107F40008CC5253E8A9F7C3FB6AB223EC9BF7C3F95
:107F50007B911F3E6CDF7C3FDE761C3E73FE7C3FD8
:107F6000E05B193EDD1C7D3F8340163EAC3A7D3F11
:107F7000CA24133EDE577D3FB708103E74747D3F20
:107F80004AEC0C3E6E907D3F86CF093ECCAB7D3FE8
:107F90006EB2063E8CC67D3F0295033EB1E07D3F4A
:107FA0004577003E38FA7D3F73B2FA3D24137E3F99
:107FB000C075F43D722B7E3F7638EE3D23437E3F05
:107FC0009AFAE73D385A7E3F2EBCE13DB0707E3FC5
:107FD000377DDB3D8B867E3FB93DD53DC99B7E3FDE
:107FE000B7FDCE3D69B07E3F36BDC83D6DC47E3F16
:107FF000397CC23DD4D77E3FC33ABC3D9DEA7E3F2B
:10800000DAF8B53DC9FC7E3F80B6AF3D580E7F3FE4
:10801000BA73A93D491F7F3F8C30A33D9D2F7F3F01
:10802000F9EC9C3D543F7F3F05A9963D6D4E7F3F47
:10803000B464903DE95C7F3F0A208A3DC76A7F3F78
:108040000ADB833D08787F3F742B7B3DAB847F3F09
:1080500038A06E3DB1907F3F6814623D189C7F3F11
:108060000E88553DE3A67F3F2FFB483D0FB17F3F74
:10807000D56D3C3D9EBA7F3F07E02F3D8FC37F3FCC
:10808000CC51233DE2CB7F3F2CC3163D98D37F3F9D
:108090002F340A3DAFDA7F3FB949FB3C29E17F3FEE
:1080A0007B2AE23C05E77F3FB00AC93C43EC7F3FB7
:1080B00069EAAF3CE3F07F3FB6C9963CE6F47F3F08
:1080C0004B517B3C4AF87F3F900E493C11FB7F3F70
:1080D00059CB163C39FD7F3F890FC93BC4FE7F3F1A
:1080E000C70F493BB1FF7F3F000000000000803F09
:1080F000C70F49BBB1FF7F3F890FC9BBC4FE7F3F9C
:1081000059CB16BC39FD7F3F900E49BC11FB7F3F18
:108110004B517BBC4AF87F3FB6C996BCE6F47F3F23
:1081200069EAAFBCE3F07F3FB00AC9BC43EC7F3FD4
:108130007B2AE2BC05E77F3FB949FBBC29E17F3FD1
:108140002F340ABDAFDA7F3F2CC316BD98D37F3FD3
:10815000CC5123BDE2CB7F3F07E02FBD8FC37F3FD4
:10816000D56D3CBD9EBA7F3F2FFB48BD0FB17F3F11
:108170000E8855BDE3A67F3F681462BD189C7F3F03
:1081800038A06EBDB1907F3F742B7BBDAB847F3F29
:108190000ADB83BD08787F3F0A208ABDC76A7F3F1C
:1081A000B46490BDE95C7F3F05A996BD6D4E7F3FED
:1081B000F9EC9CBD543F7F3F8C30A3BD9D2F7F3F8A
:1081C000BA73A9BD491F7F3F80B6AFBD580E7F3F30
:1081D000DAF8B5BDC9FC7E3FC33ABCBD9DEA7E3F1F
:1081E000397CC2BDD4D77E3F36BDC8BD6DC47E3F8D
:1081F000B7FDCEBD69B07E3FB93DD5BDC99B7E3FC1
:10820000377DDBBD8B867E3F2EBCE1BDB0707E3FEF
:108210009AFAE7BD385A7E3F7638EEBD23437E3F5B
:10822000C075F4BD722B7E3F73B2FABD24137E3F3E
:10823000457700BE38FA7D3F029503BEB1E07D3F31
:108240006EB206BE8CC67D3F86CF09BECCAB7D3FED
:108250004AEC0CBE6E907D3FB70810BE74747D3F33
:10826000CA2413BEDE577D3F834016BEAC3A7D3F25
:10827000E05B19BEDD1C7D3FDE761CBE73FE7C3FDD
:108280007B911FBE6CDF7C3FB6AB22BEC9BF7C3F7B
:108290008CC525BE8A9F7C3FFCDE28BEB07E7C3F1D
:1082A00004F82BBE3A5D7C3FA2102FBE283B7C3FDA
:1082B000D42832BE7A187C3F984035BE31F57B3FDA
:1082C000EC5738BE4DD17B3FCF6E3BBECDAC7B3F34
:1082D0003E853EBEB2877B3F379B41BEFC617B3F04
:1082E000B9B044BEAB3B7B3FC2C547BEBE147B3F6B
:1082F0004FDA4ABE37ED7A3F60EE4DBE16C57A3F83
:10830000F10151BE599C7A3F011554BE02737A3F68
:108310008F2757BE10497A3F97395ABE841E7A3F3D
:108320001A4B5DBE5EF3793F135C60BE9DC7793F1B
:10833000836C63BE439B793F667C66BE4E6E793F1D
:10834000BA8B69BEC040793F7F9A6CBE9812793F64
:10835000B2A86FBED6E3783F51B672BE7BB4783F09
:108360005AC375BE8684783FCCCF78BEF853783F29
:10837000A4DB7BBED122783FE1E67EBE10F1773FE1
:10838000C0F880BEB7BE773FC07D82BEC58B773F49
:10839000700284BE3A58773FCE8685BE1724773F59
:1083A000DA0A87BE5BEF763F938E88BE07BA763FC8
:1083B000F8118ABE1B84763F07958BBE974D763F9A
:1083C000C0178DBE7A16763F229A8EBEC6DE753FE6
:1083D0002C1C90BE7BA6753FDD9D91BE976D753FB1
:1083E000351F93BE1D34753F31A094BE0BFA743F08
:1083F000D22096BE62BF743F17A197BE2284743FFD
:10840000FE2099BE4B48743F86A09ABEDD0B743F98
:10841000AF1F9CBED9CE733F789E9DBE3F91733FE8
:10842000DF1C9FBE0E53733FE59AA0BE4714733FF7
:108430008718A2BEEBD4723FC595A3BEF894723FD5
:108440009F12A5BE7054723F128FA6BE5213723F88
:108450001F0BA8BE9FD1713FC486A9BE578F713F25
:108460000102ABBE7A4C713FD47CACBE0809713FAF
:108470003CF7ADBE02C5703F3A71AFBE6680703F3B
:10848000CBEAB0BE373B703FEF63B2BE73F56F3FD0
:10849000A5DCB3BE1BAF6F3FEC54B5BE30686F3F79
:1084A000C3CCB6BEB0206F3F2A44B8BE9ED86E3F44
:1084B0001EBBB9BEF88F6E3FA031BBBEBE466E3F3D
:1084C000AFA7BCBEF2FC6D3F4A1DBEBE93B26D3F6E
:1084D0006F92BFBEA1676D3F1E07C1BE1D1C6D3FE1
:1084E000557BC2BE07D06C3F15EFC3BE5E836C3FA9
:1084F0005C62C5BE24366C3F29D5C6BE58E86B3FCA
:108500007C47C8BEFB996B3F53B9C9BE0C4B6B3F50
:10851000AE2ACBBE8CFB6A3F8B9BCCBE7BAB6A3F4B
:10852000EA0BCEBED95A6A3FCA7BCFBEA7096A3FC3
:108530002AEBD0BEE4B7693F095AD2BE9165693FC4
:1085400067C8D3BEAE12693F4136D5BE3CBF683F57
:1085500099A3D6BE396B683F6B10D8BEA816683F8A
:10856000B97CD9BE87C1673F80E8DABED86B673F68
:10857000C153DCBE9915673F79BEDDBECCBE663FF8
:10858000A928DFBE7167663F4F92E0BE880F663F45
:108590006AFBE1BE10B7653FFA63E3BE0B5E653F61
:1085A000FECBE4BE7904653F7533E6BE59AA643F4D
:1085B0005D9AE7BEAC4F643FB700E9BE73F4633F1A
:1085C0008166EABEAC98633FBBCBEBBE5A3C633FCF
:1085D0006330EDBE7BDF623F7994EEBE1082623F76
:1085E000FBF7EFBE1A24623FEA5AF1BE98C5613F1D
:1085F00043BDF2BE8A66613F071FF4BEF206613FCB
:108600003580F5BECFA6603FCBE0F6BE2146603F89
:10861000C840F8BEE9E45F3F2DA0F9BE27835F3F65
:10862000F7FEFABEDB205F3F275DFCBE05BE5E3F66
:10863000BBBAFDBEA65A5E3FB217FFBEBEF65D3F97
:10864000063A00BF4D925D3FE4E700BF532D5D3F0A
:10865000739501BFD1C75C3FB14202BFC7615C3FA8
:108660009FEF02BF34FB5B3F3D9C03BF1A945B3F0F
:10867000894804BF792C5B3F84F404BF50C45A3F3F
:108680002CA005BFA05B5A3F824B06BF6AF2593F40
:1086900086F606BFAD88593F36A107BF6A1E593F0F
:1086A000924B08BFA1B3583F9BF508BF5348583FB2
:1086B0004E9F09BF7FDC573FAD480ABF2670573F2A
:1086C000B7F10ABF4803573F6B9A0BBFE595563F7A
:1086D000C9420CBFFE27563FD0EA0CBF93B9553FA5
:1086E00081920DBFA44A553FDA390EBF31DB543FAA
:1086F000DBE00EBF3B6B543F84870FBFC3FA533F91
:10870000D52D10BFC789533FCDD310BF4918533F54
:108710006B7911BF49A6523FB01E12BFC633523FFC
:108720009AC312BFC2C0513F2A6813BF3D4D513F8B
:108730005F0C14BF37D9503F39B014BFAF64503FFE
:10874000B75315BFA8EF4F3FD9F615BF1F7A4F3F5C
:108750009F9916BF17044F3F073C17BF908D4E3FA0
:1087600012DE17BF89164E3FC07F18BF029F4D3FD4
:108770000F2119BFFD264D3F00C219BF79AE4C3FF6
:1087800093621ABF78354C3FC6021BBFF8BB4B3F04
:1087900099A21BBFFA414B3F0C421CBF7FC74A3F07
:1087A0001FE11CBF874C4A3FD17F1DBF12D1493FFB
:1087B000221E1EBF2155493F12BC1EBFB3D8483FE1
:1087C0009F591FBFCA5B483FCBF61FBF65DE473FBF
:1087D000939320BF8560473FF92F21BF2AE2463F90
:1087E000FBCB21BF5463463F996722BF03E4453F5B
:1087F000D30223BF3964453FA99D23BFF5E3443F1E
:108800001A3824BF3763443F25D224BF00E2433FD8
:10881000CB6B25BF5160433F0A0526BF29DE423F8F
:10882000E39D26BF895B423F563627BF70D8413F44
:1088300061CE27BFE154413F056628BFDAD0403FF3
:1088400041FD28BF5C4C403F159429BF67C73F3F9F
:10885000802A2ABFFC413F3F82C02ABF1BBC3E3F4B
:108860001B562BBFC5353E3F4AEB2BBFF9AE3D3FF4
:108870000F802CBFB8273D3F69142DBF03A03C3F9C
:1088800059A82DBFD9173C3FDE3B2EBF3B8F3B3F46
:10889000F7CE2EBF29063B3FA5612FBFA47C3A3FF0
:1088A000E6F32FBFACF2393FBB8530BF4268393F9A
:1088B000221731BF65DD383F1DA831BF1652383F42
:1088C000AA3832BF55C6373FC9C832BF233A373FEF
:1088D0007A5833BF7FAD363FBCE733BF6C20363F9D
:1088E0008F7634BFE792353FF30435BFF304353F4D
:1088F000E79235BF8F76343F6C2036BFBCE7333FFD
:108900007FAD36BF7A58333F233A37BFC9C8323FAD
:1089100055C637BFAA38323F165238BF1DA8313F5F
:1089200065DD38BF2217313F426839BFBB85303F14
:10893000ACF239BFE6F32F3FA47C3ABFA5612F3FCD
:1089400029063BBFF7CE2E3F3B8F3BBFDE3B2E3F82
:10895000D9173CBF59A82D3F03A03CBF69142D3F38
:10896000B8273DBF0F802C3FF9AE3DBF4AEB2B3FF0
:10897000C5353EBF1B562B3F1BBC3EBF82C02A3FA6
:10898000FC413FBF802A2A3F67C73FBF1594293F5C
:108990005C4C40BF41FD283FDAD040BF0566283F10
:1089A000E15441BF61CE273F70D841BF5636273FC3
:1089B000895B42BFE39D263F29DE42BF0A05263F71
:1089C000516043BFCB6B253F00E243BF25D2243F1C
:1089D000376344BF1A38243FF5E344BFA99D233FC2
:1089E000396445BFD302233F03E445BF9967223F63
:1089F000546346BFFBCB213F2AE246BFF92F213FFC
:108A0000856047BF9393203F65DE47BFCBF61F3F8E
:108A1000CA5B48BF9F591F3FB3D848BF12BC1E3F17
:108A2000215549BF221E1E3F12D149BFD17F1D3F94
:108A3000874C4ABF1FE11C3F7FC74ABF0C421C3F07
:108A4000FA414BBF99A21B3FF8BB4BBFC6021B3F6D
:108A500078354CBF93621A3F79AE4CBF00C2193FC4
:108A6000FD264DBF0F21193F029F4DBFC07F183F0C
:108A700089164EBF12DE173F908D4EBF073C173F41
:108A800017044FBF9F99163F1F7A4FBFD9F6153F66
:108A9000A8EF4FBFB753153FAF6450BF39B0143F75
:108AA00037D950BF5F0C143F3D4D51BF2A68133F6B
:108AB000C2C051BF9AC3123FC63352BFB01E123F4D
:108AC00049A652BF6B79113F491853BFCDD3103F10
:108AD000C78953BFD52D103FC3FA53BF84870F3FBB
:108AE0003B6B54BFDBE00E3F31DB54BFDA390E3F46
:108AF000A44A55BF81920D3F93B955BFD0EA0C3FB0
:108B0000FE2756BFC9420C3FE59556BF6B9A0B3FF7
:108B1000480357BFB7F10A3F267057BFAD480A3F19
:108B20007FDC57BF4E9F093F534858BF9BF5083F16
:108B3000A1B358BF924B083F6A1E59BF36A1073FE9
:108B4000AD8859BF86F6063F6AF259BF824B063F91
:108B5000A05B5ABF2CA0053F50C45ABF84F4043F09
:108B6000792C5BBF8948043F1A945BBF3D9C033F4F
:108B700034FB5BBF9FEF023FC7615CBFB142023F66
:108B8000D1C75CBF7395013F532D5DBFE4E7003F44
:108B90004D925DBF063A003FBEF65DBFB217FF3E85
:108BA000A65A5EBFBBBAFD3E05BE5EBF275DFC3E5A
:108BB000DB205FBFF7FEFA3E27835FBF2DA0F93EA3
:108BC000E9E45FBFC840F83E214660BFCBE0F63E17
:108BD000CFA660BF3580F53EF20661BF071FF43EA9
:108BE0008A6661BF43BDF23E98C561BFEA5AF13E55
:108BF0001A2462BFFBF7EF3E108262BF7994EE3E0B
:108C00007BDF62BF6330ED3E5A3C63BFBBCBEB3EC4
:108C1000AC9863BF8166EA3E73F463BFB700E93E78
:108C2000AC4F64BF5D9AE73E59AA64BF7533E63E18
:108C3000790465BFFECBE43E0B5E65BFFA63E33E9D
:108C400010B765BF6AFBE13E880F66BF4F92E03EFA
:108C5000716766BFA928DF3ECCBE66BF79BEDD3E28
:108C6000991567BFC153DC3ED86B67BF80E8DA3E19
:108C700087C167BFB97CD93EA81668BF6B10D83EC4
:108C8000396B68BF99A3D63E3CBF68BF4136D53E1D
:108C9000AE1269BF67C8D33E916569BF095AD23E1B
:108CA000E4B769BF2AEBD03EA7096ABFCA7BCF3EB3
:108CB000D95A6ABFEA0BCE3E7BAB6ABF8B9BCC3ED8
:108CC0008CFB6ABFAE2ACB3E0C4B6BBF53B9C93E7F
:108CD000FB996BBF7C47C83E58E86BBF29D5C63EA1
:108CE00024366CBF5C62C53E5E836CBF15EFC33E2D
:108CF00007D06CBF557BC23E1D1C6DBF1E07C13E19
:108D0000A1676DBF6F92BF3E93B26DBF4A1DBE3E5D
:108D1000F2FC6DBFAFA7BC3EBE466EBFA031BB3EEE
:108D2000F88F6EBF1EBBB93E9ED86EBF2A44B83EB8
:108D3000B0206FBFC3CCB63E30686FBFEC54B53EB9
:108D40001BAF6FBFA5DCB33E73F56FBFEF63B23EE1
:108D5000373B70BFCBEAB03E668070BF3A71AF3E22
:108D600002C570BF3CF7AD3E080971BFD47CAC3E74
:108D70007A4C71BF0102AB3E578F71BFC486A93ECA
:108D80009FD171BF1F0BA83E521372BF128FA63E18
:108D9000705472BF9F12A53EF89472BFC595A33E52
:108DA000EBD472BF8718A23E471473BFE59AA03E6A
:108DB0000E5373BFDF1C9F3E3F9173BF789E9D3E55
:108DC000D9CE73BFAF1F9C3EDD0B74BF86A09A3E09
:108DD0004B4874BFFE20993E228474BF17A1973E72
:108DE00062BF74BFD220963E0BFA74BF31A0943E8E
:108DF0001D3475BF351F933E976D75BFDD9D913E48
:108E00007BA675BF2C1C903EC6DE75BF229A8E3E97
:108E10007A1676BFC0178D3E974D76BF07958B3E6D
:108E20001B8476BFF8118A3E07BA76BF938E883EC0
:108E30005BEF76BFDA0A873E172477BFCE86853E82
:108E40003A5877BF7002843EC58B77BFC07D823EA3
:108E5000B7BE77BFC0F8803E10F177BFE1E67E3E37
:108E6000D12278BFA4DB7B3EF85378BFCCCF783ECD
:108E7000868478BF5AC3753E7BB478BF51B6723EC4
:108E8000D6E378BFB2A86F3E981279BF7F9A6C3E46
:108E9000C04079BFBA8B693E4E6E79BF667C663E34
:108EA000439B79BF836C633E9DC779BF135C603E73
:108EB0005EF379BF1A4B5D3E841E7ABF97395A3EE6
:108EC00010497ABF8F27573E02737ABF0115543E6F
:108ED000599C7ABFF101513E16C57ABF60EE4D3EF6
:108EE00037ED7ABF4FDA4A3EBE147BBFC2C5473E5C
:108EF000AB3B7BBFB9B0443EFC617BBF379B413E7F
:108F0000B2877BBF3E853E3ECDAC7BBFCF6E3B3E46
:108F10004DD17BBFEC57383E31F57BBF9840353E95
:108F20007A187CBFD428323E283B7CBFA2102F3E4B
:108F30003A5D7CBF04F82B3EB07E7CBFFCDE283E51
:108F40008A9F7CBF8CC5253EC9BF7CBFB6AB223E85
:108F50006CDF7CBF7B911F3E73FE7CBFDE761C3EC8
:108F6000DD1C7DBFE05B193EAC3A7DBF8340163E01
:108F7000DE577DBFCA24133E74747DBFB708103E10
:108F80006E907DBF4AEC0C3ECCAB7DBF86CF093ED8
:108F90008CC67DBF6EB2063EB1E07DBF0295033E3A
:108FA00038FA7DBF4577003E24137EBF73B2FA3D89
:108FB000722B7EBFC075F43D23437EBF7638EE3DF5
:108FC000385A7EBF9AFAE73DB0707EBF2EBCE13DB5
:108FD0008B867EBF377DDB3DC99B7EBFB93DD53DCE
:108FE00069B07EBFB7FDCE3D6DC47EBF36BDC83D06
:108FF000D4D77EBF397CC23D9DEA7EBFC33ABC3D1B
:10900000C9FC7EBFDAF8B53D580E7FBF80B6AF3DD4
:10901000491F7FBFBA73A93D9D2F7FBF8C30A33DF1
:10902000543F7FBFF9EC9C3D6D4E7FBF05A9963D37
:10903000E95C7FBFB464903DC76A7FBF0A208A3D68
:1090400008787FBF0ADB833DAB847FBF742B7B3DF9
:10905000B1907FBF38A06E3D189C7FBF6814623D01
:10906000E3A67FBF0E88553D0FB17FBF2FFB483D64
:109070009EBA7FBFD56D3C3D8FC37FBF07E02F3DBC
:10908000E2CB7FBFCC51233D98D37FBF2CC3163D8D
:10909000AFDA7FBF2F340A3D29E17FBFB949FB3CDE
:1090A00005E77FBF7B2AE23C43EC7FBFB00AC93CA7
:1090B000E3F07FBF69EAAF3CE6F47FBFB6C9963CF8
:1090C0004AF87FBF4B517B3C11FB7FBF900E493C60
:1090D00039FD7FBF59CB163CC4FE7FBF890FC93B0A
:1090E000B1FF7FBFC70F493B000080BF00000000F9
:1090F000B1FF7FBFC70F49BBC4FE7FBF890FC9BB8C
:1091000039FD7FBF59CB16BC11FB7FBF900E49BC08
:109110004AF87FBF4B517BBCE6F47FBFB6C996BC13
:10912000E3F07FBF69EAAFBC43EC7FBFB00AC9BCC4
:1091300005E77FBF7B2AE2BC29E17FBFB949FBBCC1
:10914000AFDA7FBF2F340ABD98D37FBF2CC316BDC3
:10915000E2CB7FBFCC5123BD8FC37FBF07E02FBDC4
:109160009EBA7FBFD56D3CBD0FB17FBF2FFB48BD01
:10917000E3A67FBF0E8855BD189C7FBF681462BDF3
:10918000B1907FBF38A06EBDAB847FBF742B7BBD19
:1091900008787FBF0ADB83BDC76A7FBF0A208ABD0C
:1091A000E95C7FBFB46490BD6D4E7FBF05A996BDDD
:1091B000543F7FBFF9EC9CBD9D2F7FBF8C30A3BD7A
:1091C000491F7FBFBA73A9BD580E7FBF80B6AFBD20
:1091D000C9FC7EBFDAF8B5BD9DEA7EBFC33ABCBD0F
:1091E000D4D77EBF397CC2BD6DC47EBF36BDC8BD7D
:1091F00069B07EBFB7FDCEBDC99B7EBFB93DD5BDB1
:109200008B867EBF377DDBBDB0707EBF2EBCE1BDDF
:10921000385A7EBF9AFAE7BD23437EBF7638EEBD4B
:10922000722B7EBFC075F4BD24137EBF73B2FABD2E
:1092300038FA7DBF457700BEB1E07DBF029503BE21
:109240008CC67DBF6EB206BECCAB7DBF86CF09BEDD
:109250006E907DBF4AEC0CBE74747DBFB70810BE23
:10926000DE577DBFCA2413BEAC3A7DBF834016BE15
:10927000DD1C7DBFE05B19BE73FE7CBFDE761CBECD
:109280006CDF7CBF7B911FBEC9BF7CBFB6AB22BE6B
:109290008A9F7CBF8CC525BEB07E7CBFFCDE28BE0D
:1092A0003A5D7CBF04F82BBE283B7CBFA2102FBECA
:1092B0007A187CBFD42832BE31F57BBF984035BECA
:1092C0004DD17BBFEC5738BECDAC7BBFCF6E3BBE24
:1092D000B2877BBF3E853EBEFC617BBF379B41BEF4
:1092E000AB3B7BBFB9B044BEBE147BBFC2C547BE5B
:1092F00037ED7ABF4FDA4ABE16C57ABF60EE4DBE73
:10930000599C7ABFF10151BE02737ABF011554BE58
:1093100010497ABF8F2757BE841E7ABF97395ABE2D
:109320005EF379BF1A4B5DBE9DC779BF135C60BE0B
:10933000439B79BF836C63BE4E6E79BF667C66BE0D
:10934000C04079BFBA8B69BE981279BF7F9A6CBE54
:10935000D6E378BFB2A86FBE7BB478BF51B672BEF9
:10936000868478BF5AC375BEF85378BFCCCF78BE19
:10937000D12278BFA4DB7BBE10F177BFE1E67EBED1
:10938000B7BE77BFC0F880BEC58B77BFC07D82BE39
:109390003A5877BF700284BE172477BFCE8685BE49
:1093A0005BEF76BFDA0A87BE07BA76BF938E88BEB8
:1093B0001B8476BFF8118ABE974D76BF07958BBE8A
:1093C0007A1676BFC0178DBEC6DE75BF229A8EBED6
:1093D0007BA675BF2C1C90BE976D75BFDD9D91BEA1
:1093E0001D3475BF351F93BE0BFA74BF31A094BEF8
:1093F00062BF74BFD22096BE228474BF17A197BEED
:109400004B4874BFFE2099BEDD0B74BF86A09ABE88
:10941000D9CE73BFAF1F9CBE3F9173BF789E9DBED8
:109420000E5373BFDF1C9FBE471473BFE59AA0BEE7
:10943000EBD472BF8718A2BEF89472BFC595A3BEC5
:10944000705472BF9F12A5BE521372BF128FA6BE78
:109450009FD171BF1F0BA8BE578F71BFC486A9BE15
:109460007A4C71BF0102ABBE080971BFD47CACBE9F
:1094700002C570BF3CF7ADBE668070BF3A71AFBE2B
:10948000373B70BFCBEAB0BE73F56FBFEF63B2BEC0
:109490001BAF6FBFA5DCB3BE30686FBFEC54B5BE69
:1094A000B0206FBFC3CCB6BE9ED86EBF2A44B8BE34
:1094B000F88F6EBF1EBBB9BEBE466EBFA031BBBE2D
:1094C000F2FC6DBFAFA7BCBE93B26DBF4A1DBEBE5E
:1094D000A1676DBF6F92BFBE1D1C6DBF1E07C1BED1
:1094E00007D06CBF557BC2BE5E836CBF15EFC3BE99
:1094F00024366CBF5C62C5BE58E86BBF29D5C6BEBA
:10950000FB996BBF7C47C8BE0C4B6BBF53B9C9BE40
:109510008CFB6ABFAE2ACBBE7BAB6ABF8B9BCCBE3B
:10952000D95A6ABFEA0BCEBEA7096ABFCA7BCFBEB3
:10953000E4B769BF2AEBD0BE916569BF095AD2BEB4
:10954000AE1269BF67C8D3BE3CBF68BF4136D5BE47
:10955000396B68BF99A3D6BEA81668BF6B10D8BE7A
:1095600087C167BFB97CD9BED86B67BF80E8DABE58
:10957000991567BFC153DCBECCBE66BF79BEDDBEE8
:10958000716766BFA928DFBE880F66BF4F92E0BE35
:1095900010B765BF6AFBE1BE0B5E65BFFA63E3BE51
:1095A000790465BFFECBE4BE59AA64BF7533E6BE3D
:1095B000AC4F64BF5D9AE7BE73F463BFB700E9BE0A
:1095C000AC9863BF8166EABE5A3C63BFBBCBEBBEBF
:1095D0007BDF62BF6330EDBE108262BF7994EEBE66
:1095E0001A2462BFFBF7EFBE98C561BFEA5AF1BE0D
:1095F0008A6661BF43BDF2BEF20661BF071FF4BEBB
:10960000CFA660BF3580F5BE214660BFCBE0F6BE79
:10961000E9E45FBFC840F8BE27835FBF2DA0F9BE55
:10962000DB205FBFF7FEFABE05BE5EBF275DFCBE56
:10963000A65A5EBFBBBAFDBEBEF65DBFB217FFBE87
:109640004D925DBF063A00BF532D5DBFE4E700BFFA
:10965000D1C75CBF739501BFC7615CBFB14202BF98
:1096600034FB5BBF9FEF02BF1A945BBF3D9C03BFFF
:10967000792C5BBF894804BF50C45ABF84F404BF2F
:10968000A05B5ABF2CA005BF6AF259BF824B06BF30
:10969000AD8859BF86F606BF6A1E59BF36A107BFFF
:1096A000A1B358BF924B08BF534858BF9BF508BFA2
:1096B0007FDC57BF4E9F09BF267057BFAD480ABF1A
:1096C000480357BFB7F10ABFE59556BF6B9A0BBF6A
:1096D000FE2756BFC9420CBF93B955BFD0EA0CBF95
:1096E000A44A55BF81920DBF31DB54BFDA390EBF9A
:1096F0003B6B54BFDBE00EBFC3FA53BF84870FBF81
:10970000C78953BFD52D10BF491853BFCDD310BF44
:1097100049A652BF6B7911BFC63352BFB01E12BFEC
:10972000C2C051BF9AC312BF3D4D51BF2A6813BF7B
:1097300037D950BF5F0C14BFAF6450BF39B014BFEE
:10974000A8EF4FBFB75315BF1F7A4FBFD9F615BF4C
:1097500017044FBF9F9916BF908D4EBF073C17BF90
:1097600089164EBF12DE17BF029F4DBFC07F18BFC4
:10977000FD264DBF0F2119BF79AE4CBF00C219BFE6
:1097800078354CBF93621ABFF8BB4BBFC6021BBFF4
:10979000FA414BBF99A21BBF7FC74ABF0C421CBFF7
:1097A000874C4ABF1FE11CBF12D149BFD17F1DBFEB
:1097B000215549BF221E1EBFB3D848BF12BC1EBFD1
:1097C000CA5B48BF9F591FBF65DE47BFCBF61FBFAF
:1097D000856047BF939320BF2AE246BFF92F21BF80
:1097E000546346BFFBCB21BF03E445BF996722BF4B
:1097F000396445BFD30223BFF5E344BFA99D23BF0E
:10980000376344BF1A3824BF00E243BF25D224BFC8
:10981000516043BFCB6B25BF29DE42BF0A0526BF7F
:10982000895B42BFE39D26BF70D841BF563627BF34
:10983000E15441BF61CE27BFDAD040BF056628BFE3
:109840005C4C40BF41FD28BF67C73FBF159429BF8F
:10985000FC413FBF802A2ABF1BBC3EBF82C02ABF3B
:10986000C5353EBF1B562BBFF9AE3DBF4AEB2BBFE4
:10987000B8273DBF0F802CBF03A03CBF69142DBF8C
:10988000D9173CBF59A82DBF3B8F3BBFDE3B2EBF36
:1098900029063BBFF7CE2EBFA47C3ABFA5612FBFE0
:1098A000ACF239BFE6F32FBF426839BFBB8530BF8A
:1098B00065DD38BF221731BF165238BF1DA831BF32
:1098C00055C637BFAA3832BF233A37BFC9C832BFDF
:1098D0007FAD36BF7A5833BF6C2036BFBCE733BF8D
:1098E000E79235BF8F7634BFF30435BFF30435BF3D
:1098F0008F7634BFE79235BFBCE733BF6C2036BFED
:109900007A5833BF7FAD36BFC9C832BF233A37BF9D
:10991000AA3832BF55C637BF1DA831BF165238BF4F
:10992000221731BF65DD38BFBB8530BF426839BF04
:10993000E6F32FBFACF239BFA5612FBFA47C3ABFBD
:10994000F7CE2EBF29063BBFDE3B2EBF3B8F3BBF72
:1099500059A82DBFD9173CBF69142DBF03A03CBF28
:109960000F802CBFB8273DBF4AEB2BBFF9AE3DBFE0
:109970001B562BBFC5353EBF82C02ABF1BBC3EBF96
:10998000802A2ABFFC413FBF159429BF67C73FBF4C
:1099900041FD28BF5C4C40BF056628BFDAD040BF00
:1099A00061CE27BFE15441BF563627BF70D841BFB3
:1099B000E39D26BF895B42BF0A0526BF29DE42BF61
:1099C000CB6B25BF516043BF25D224BF00E243BF0C
:1099D0001A3824BF376344BFA99D23BFF5E344BFB2
:1099E000D30223BF396445BF996722BF03E445BF53
:1099F000FBCB21BF546346BFF92F21BF2AE246BFEC
:109A0000939320BF856047BFCBF61FBF65DE47BF7E
:109A10009F591FBFCA5B48BF12BC1EBFB3D848BF07
:109A2000221E1EBF215549BFD17F1DBF12D149BF84
:109A30001FE11CBF874C4ABF0C421CBF7FC74ABFF7
:109A400099A21BBFFA414BBFC6021BBFF8BB4BBF5D
:109A500093621ABF78354CBF00C219BF79AE4CBFB4
:109A60000F2119BFFD264DBFC07F18BF029F4DBFFC
:109A700012DE17BF89164EBF073C17BF908D4EBF31
:109A80009F9916BF17044FBFD9F615BF1F7A4FBF56
:109A9000B75315BFA8EF4FBF39B014BFAF6450BF65
:109AA0005F0C14BF37D950BF2A6813BF3D4D51BF5B
:109AB0009AC312BFC2C051BFB01E12BFC63352BF3D
:109AC0006B7911BF49A652BFCDD310BF491853BF00
:109AD000D52D10BFC78953BF84870FBFC3FA53BFAB
:109AE000DBE00EBF3B6B54BFDA390EBF31DB54BF36
:109AF00081920DBFA44A55BFD0EA0CBF93B955BFA0
:109B0000C9420CBFFE2756BF6B9A0BBFE59556BFE7
:109B1000B7F10ABF480357BFAD480ABF267057BF09
:109B20004E9F09BF7FDC57BF9BF508BF534858BF06
:109B3000924B08BFA1B358BF36A107BF6A1E59BFD9
:109B400086F606BFAD8859BF824B06BF6AF259BF81
:109B50002CA005BFA05B5ABF84F404BF50C45ABFF9
:109B6000894804BF792C5BBF3D9C03BF1A945BBF3F
:109B70009FEF02BF34FB5BBFB14202BFC7615CBF56
:109B8000739501BFD1C75CBFE4E700BF532D5DBF34
:109B9000063A00BF4D925DBFB217FFBEBEF65DBF75
:109BA000BBBAFDBEA65A5EBF275DFCBE05BE5EBF4A
:109BB000F7FEFABEDB205FBF2DA0F9BE27835FBF93
:109BC000C840F8BEE9E45FBFCBE0F6BE214660BF07
:109BD0003580F5BECFA660BF071FF4BEF20661BF99
:109BE00043BDF2BE8A6661BFEA5AF1BE98C561BF45
:109BF000FBF7EFBE1A2462BF7994EEBE108262BFFB
:109C00006330EDBE7BDF62BFBBCBEBBE5A3C63BFB4
:109C10008166EABEAC9863BFB700E9BE73F463BF68
:109C20005D9AE7BEAC4F64BF7533E6BE59AA64BF08
:109C3000FECBE4BE790465BFFA63E3BE0B5E65BF8D
:109C40006AFBE1BE10B765BF4F92E0BE880F66BFEA
:109C5000A928DFBE716766BF79BEDDBECCBE66BF18
:109C6000C153DCBE991567BF80E8DABED86B67BF09
:109C7000B97CD9BE87C167BF6B10D8BEA81668BFB4
:109C800099A3D6BE396B68BF4136D5BE3CBF68BF0D
:109C900067C8D3BEAE1269BF095AD2BE916569BF0B
:109CA0002AEBD0BEE4B769BFCA7BCFBEA7096ABFA3
:109CB000EA0BCEBED95A6ABF8B9BCCBE7BAB6ABFC8
:109CC000AE2ACBBE8CFB6ABF53B9C9BE0C4B6BBF6F
:109CD0007C47C8BEFB996BBF29D5C6BE58E86BBF91
:109CE0005C62C5BE24366CBF15EFC3BE5E836CBF1D
:109CF000557BC2BE07D06CBF1E07C1BE1D1C6DBF09
:109D00006F92BFBEA1676DBF4A1DBEBE93B26DBF4D
:109D1000AFA7BCBEF2FC6DBFA031BBBEBE466EBFDE
:109D20001EBBB9BEF88F6EBF2A44B8BE9ED86EBFA8
:109D3000C3CCB6BEB0206FBFEC54B5BE30686FBFA9
:109D4000A5DCB3BE1BAF6FBFEF63B2BE73F56FBFD1
:109D5000CBEAB0BE373B70BF3A71AFBE668070BF12
:109D60003CF7ADBE02C570BFD47CACBE080971BF64
:109D70000102ABBE7A4C71BFC486A9BE578F71BFBA
:109D80001F0BA8BE9FD171BF128FA6BE521372BF08
:109D90009F12A5BE705472BFC595A3BEF89472BF42
:109DA0008718A2BEEBD472BFE59AA0BE471473BF5A
:109DB000DF1C9FBE0E5373BF789E9DBE3F9173BF45
:109DC000AF1F9CBED9CE73BF86A09ABEDD0B74BFF9
:109DD000FE2099BE4B4874BF17A197BE228474BF62
:109DE000D22096BE62BF74BF31A094BE0BFA74BF7E
:109DF000351F93BE1D3475BFDD9D91BE976D75BF38
:109E00002C1C90BE7BA675BF229A8EBEC6DE75BF87
:109E1000C0178DBE7A1676BF07958BBE974D76BF5D
:109E2000F8118ABE1B8476BF938E88BE07BA76BFB0
:109E3000DA0A87BE5BEF76BFCE8685BE172477BF72
:109E4000700284BE3A5877BFC07D82BEC58B77BF93
:109E5000C0F880BEB7BE77BFE1E67EBE10F177BF27
:109E6000A4DB7BBED12278BFCCCF78BEF85378BFBD
:109E70005AC375BE868478BF51B672BE7BB478BFB4
:109E8000B2A86FBED6E378BF7F9A6CBE981279BF36
:109E9000BA8B69BEC04079BF667C66BE4E6E79BF24
:109EA000836C63BE439B79BF135C60BE9DC779BF63
:109EB0001A4B5DBE5EF379BF97395ABE841E7ABFD6
:109EC0008F2757BE10497ABF011554BE02737ABF5F
:109ED000F10151BE599C7ABF60EE4DBE16C57ABFE6
:109EE0004FDA4ABE37ED7ABFC2C547BEBE147BBF4C
:109EF000B9B044BEAB3B7BBF379B41BEFC617BBF6F
:109F00003E853EBEB2877BBFCF6E3BBECDAC7BBF36
:109F1000EC5738BE4DD17BBF984035BE31F57BBF85
:109F2000D42832BE7A187CBFA2102FBE283B7CBF3B
:109F300004F82BBE3A5D7CBFFCDE28BEB07E7CBF41
:109F40008CC525BE8A9F7CBFB6AB22BEC9BF7CBF75
:109F50007B911FBE6CDF7CBFDE761CBE73FE7CBFB8
:109F6000E05B19BEDD1C7DBF834016BEAC3A7DBFF1
:109F7000CA2413BEDE577DBFB70810BE74747DBF00
:109F80004AEC0CBE6E907DBF86CF09BECCAB7DBFC8
:109F90006EB206BE8CC67DBF029503BEB1E07DBF2A
:109FA000457700BE38FA7DBF73B2FABD24137EBF79
:109FB000C075F4BD722B7EBF7638EEBD23437EBFE5
:109FC0009AFAE7BD385A7EBF2EBCE1BDB0707EBFA5
:109FD000377DDBBD8B867EBFB93DD5BDC99B7EBFBE
:109FE000B7FDCEBD69B07EBF36BDC8BD6DC47EBFF6
:109FF000397CC2BDD4D77EBFC33ABCBD9DEA7EBF0B
:10A00000DAF8B5BDC9FC7EBF80B6AFBD580E7FBFC4
:10A01000BA73A9BD491F7FBF8C30A3BD9D2F7FBFE1
:10A02000F9EC9CBD543F7FBF05A996BD6D4E7FBF27
:10A03000B46490BDE95C7FBF0A208ABDC76A7FBF58
:10A040000ADB83BD08787FBF742B7BBDAB847FBFE9
:10A0500038A06EBDB1907FBF681462BD189C7FBFF1
:10A060000E8855BDE3A67FBF2FFB48BD0FB17FBF54
:10A07000D56D3CBD9EBA7FBF07E02FBD8FC37FBFAC
:10A08000CC5123BDE2CB7FBF2CC316BD98D37FBF7D
:10A090002F340ABDAFDA7FBFB949FBBC29E17FBFCE
:10A0A0007B2AE2BC05E77FBFB00AC9BC43EC7FBF97
:10A0B00069EAAFBCE3F07FBFB6C996BCE6F47FBFE8
:10A0C0004B517BBC4AF87FBF900E49BC11FB7FBF50
:10A0D00059CB16BC39FD7FBF890FC9BBC4FE7FBFFA
:10A0E000C70F49BBB1FF7FBF00000080000080BFE9
:10A0F000C70F493BB1FF7FBF890FC93BC4FE7FBF7C
:10A1000059CB163C39FD7FBF900E493C11FB7FBFF8
:10A110004B517B3C4AF87FBFB6C9963CE6F47FBF03
:10A1200069EAAF3CE3F07FBFB00AC93C43EC7FBFB4
:10A130007B2AE23C05E77FBFB949FB3C29E17FBFB1
:10A140002F340A3DAFDA7FBF2CC3163D98D37FBFB3
:10A15000CC51233DE2CB7FBF07E02F3D8FC37FBFB4
:10A16000D56D3C3D9EBA7FBF2FFB483D0FB17FBFF1
:10A170000E88553DE3A67FBF6814623D189C7FBFE3
:10A1800038A06E3DB1907FBF742B7B3DAB847FBF09
:10A190000ADB833D08787FBF0A208A3DC76A7FBFFC
:10A1A000B464903DE95C7FBF05A9963D6D4E7FBFCD
:10A1B000F9EC9C3D543F7FBF8C30A33D9D2F7FBF6A
:10A1C000BA73A93D491F7FBF80B6AF3D580E7FBF10
:10A1D000DAF8B53DC9FC7EBFC33ABC3D9DEA7EBFFF
:10A1E000397CC23DD4D77EBF36BDC83D6DC47EBF6D
:10A1F000B7FDCE3D69B07EBFB93DD53DC99B7EBFA1
:10A20000377DDB3D8B867EBF2EBCE13DB0707EBFCF
:10A210009AFAE73D385A7EBF7638EE3D23437EBF3B
:10A22000C075F43D722B7EBF73B2FA3D24137EBF1E
:10A230004577003E38FA7DBF0295033EB1E07DBF11
:10A240006EB2063E8CC67DBF86CF093ECCAB7DBFCD
:10A250004AEC0C3E6E907DBFB708103E74747DBF13
:10A26000CA24133EDE577DBF8340163EAC3A7DBF05
:10A27000E05B193EDD1C7DBFDE761C3E73FE7CBFBD
:10A280007B911F3E6CDF7CBFB6AB223EC9BF7CBF5B
:10A290008CC5253E8A9F7CBFFCDE283EB07E7CBFFD
:10A2A00004F82B3E3A5D7CBFA2102F3E283B7CBFBA
:10A2B000D428323E7A187CBF9840353E31F57BBFBA
:10A2C000EC57383E4DD17BBFCF6E3B3ECDAC7BBF14
:10A2D0003E853E3EB2877BBF379B413EFC617BBFE4
:10A2E000B9B0443EAB3B7BBFC2C5473EBE147BBF4B
:10A2F0004FDA4A3E37ED7ABF60EE4D3E16C57ABF63
:10A30000F101513E599C7ABF0115543E02737ABF48
:10A310008F27573E10497ABF97395A3E841E7ABF1D
:10A320001A4B5D3E5EF379BF135C603E9DC779BFFB
:10A33000836C633E439B79BF667C663E4E6E79BFFD
:10A34000BA8B693EC04079BF7F9A6C3E981279BF44
:10A35000B2A86F3ED6E378BF51B6723E7BB478BFE9
:10A360005AC3753E868478BFCCCF783EF85378BF09
:10A37000A4DB7B3ED12278BFE1E67E3E10F177BFC1
:10A38000C0F8803EB7BE77BFC07D823EC58B77BF29
:10A390007002843E3A5877BFCE86853E172477BF39
:10A3A000DA0A873E5BEF76BF938E883E07BA76BFA8
:10A3B000F8118A3E1B8476BF07958B3E974D76BF7A
:10A3C000C0178D3E7A1676BF229A8E3EC6DE75BFC6
:10A3D0002C1C903E7BA675BFDD9D913E976D75BF91
:10A3E000351F933E1D3475BF31A0943E0BFA74BFE8
:10A3F000D220963E62BF74BF17A1973E228474BFDD
:10A40000FE20993E4B4874BF86A09A3EDD0B74BF78
:10A41000AF1F9C3ED9CE73BF789E9D3E3F9173BFC8
:10A42000DF1C9F3E0E5373BFE59AA03E471473BFD7
:10A430008718A23EEBD472BFC595A33EF89472BFB5
:10A440009F12A53E705472BF128FA63E521372BF68
:10A450001F0BA83E9FD171BFC486A93E578F71BF05
:10A460000102AB3E7A4C71BFD47CAC3E080971BF8F
:10A470003CF7AD3E02C570BF3A71AF3E668070BF1B
:10A48000CBEAB03E373B70BFEF63B23E73F56FBFB0
:10A49000A5DCB33E1BAF6FBFEC54B53E30686FBF59
:10A4A000C3CCB63EB0206FBF2A44B83E9ED86EBF24
:10A4B0001EBBB93EF88F6EBFA031BB3EBE466EBF1D
:10A4C000AFA7BC3EF2FC6DBF4A1DBE3E93B26DBF4E
:10A4D0006F92BF3EA1676DBF1E07C13E1D1C6DBFC1
:10A4E000557BC23E07D06CBF15EFC33E5E836CBF89
:10A4F0005C62C53E24366CBF29D5C63E58E86BBFAA
:10A500007C47C83EFB996BBF53B9C93E0C4B6BBF30
:10A51000AE2ACB3E8CFB6ABF8B9BCC3E7BAB6ABF2B
:10A52000EA0BCE3ED95A6ABFCA7BCF3EA7096ABFA3
:10A530002AEBD03EE4B769BF095AD23E916569BFA4
:10A5400067C8D33EAE1269BF4136D53E3CBF68BF37
:10A5500099A3D63E396B68BF6B10D83EA81668BF6A
:10A56000B97CD93E87C167BF80E8DA3ED86B67BF48
:10A57000C153DC3E991567BF79BEDD3ECCBE66BFD8
:10A58000A928DF3E716766BF4F92E03E880F66BF25
:10A590006AFBE13E10B765BFFA63E33E0B5E65BF41
:10A5A000FECBE43E790465BF7533E63E59AA64BF2D
:10A5B0005D9AE73EAC4F64BFB700E93E73F463BFFA
:10A5C0008166EA3EAC9863BFBBCBEB3E5A3C63BFAF
:10A5D0006330ED3E7BDF62BF7994EE3E108262BF56
:10A5E000FBF7EF3E1A2462BFEA5AF13E98C561BFFD
:10A5F00043BDF23E8A6661BF071FF43EF20661BFAB
:10A600003580F53ECFA660BFCBE0F63E214660BF69
:10A61000C840F83EE9E45FBF2DA0F93E27835FBF45
:10A62000F7FEFA3EDB205FBF275DFC3E05BE5EBF46
:10A63000BBBAFD3EA65A5EBFB217FF3EBEF65DBF77
:10A64000063A003F4D925DBFE4E7003F532D5DBFEA
:10A650007395013FD1C75CBFB142023FC7615CBF88
:10A660009FEF023F34FB5BBF3D9C033F1A945BBFEF
:10A670008948043F792C5BBF84F4043F50C45ABF1F
:10A680002CA0053FA05B5ABF824B063F6AF259BF20
:10A6900086F6063FAD8859BF36A1073F6A1E59BFEF
:10A6A000924B083FA1B358BF9BF5083F534858BF92
:10A6B0004E9F093F7FDC57BFAD480A3F267057BF0A
:10A6C000B7F10A3F480357BF6B9A0B3FE59556BF5A
:10A6D000C9420C3FFE2756BFD0EA0C3F93B955BF85
:10A6E00081920D3FA44A55BFDA390E3F31DB54BF8A
:10A6F000DBE00E3F3B6B54BF84870F3FC3FA53BF71
:10A70000D52D103FC78953BFCDD3103F491853BF34
:10A710006B79113F49A652BFB01E123FC63352BFDC
:10A720009AC3123FC2C051BF2A68133F3D4D51BF6B
:10A730005F0C143F37D950BF39B0143FAF6450BFDE
:10A74000B753153FA8EF4FBFD9F6153F1F7A4FBF3C
:10A750009F99163F17044FBF073C173F908D4EBF80
:10A7600012DE173F89164EBFC07F183F029F4DBFB4
:10A770000F21193FFD264DBF00C2193F79AE4CBFD6
:10A7800093621A3F78354CBFC6021B3FF8BB4BBFE4
:10A7900099A21B3FFA414BBF0C421C3F7FC74ABFE7
:10A7A0001FE11C3F874C4ABFD17F1D3F12D149BFDB
:10A7B000221E1E3F215549BF12BC1E3FB3D848BFC1
:10A7C0009F591F3FCA5B48BFCBF61F3F65DE47BF9F
:10A7D0009393203F856047BFF92F213F2AE246BF70
:10A7E000FBCB213F546346BF9967223F03E445BF3B
:10A7F000D302233F396445BFA99D233FF5E344BFFE
:10A800001A38243F376344BF25D2243F00E243BFB8
:10A81000CB6B253F516043BF0A05263F29DE42BF6F
:10A82000E39D263F895B42BF5636273F70D841BF24
:10A8300061CE273FE15441BF0566283FDAD040BFD3
:10A8400041FD283F5C4C40BF1594293F67C73FBF7F
:10A85000802A2A3FFC413FBF82C02A3F1BBC3EBF2B
:10A860001B562B3FC5353EBF4AEB2B3FF9AE3DBFD4
:10A870000F802C3FB8273DBF69142D3F03A03CBF7C
:10A8800059A82D3FD9173CBFDE3B2E3F3B8F3BBF26
:10A89000F7CE2E3F29063BBFA5612F3FA47C3ABFD0
:10A8A000E6F32F3FACF239BFBB85303F426839BF7A
:10A8B0002217313F65DD38BF1DA8313F165238BF22
:10A8C000AA38323F55C637BFC9C8323F233A37BFCF
:10A8D0007A58333F7FAD36BFBCE7333F6C2036BF7D
:10A8E0008F76343FE79235BFF304353FF30435BF2D
:10A8F000E792353F8F7634BF6C20363FBCE733BFDD
:10A900007FAD363F7A5833BF233A373FC9C832BF8D
:10A9100055C6373FAA3832BF1652383F1DA831BF3F
:10A9200065DD383F221731BF4268393FBB8530BFF4
:10A93000ACF2393FE6F32FBFA47C3A3FA5612FBFAD
:10A9400029063B3FF7CE2EBF3B8F3B3FDE3B2EBF62
:10A95000D9173C3F59A82DBF03A03C3F69142DBF18
:10A96000B8273D3F0F802CBFF9AE3D3F4AEB2BBFD0
:10A97000C5353E3F1B562BBF1BBC3E3F82C02ABF86
:10A98000FC413F3F802A2ABF67C73F3F159429BF3C
:10A990005C4C403F41FD28BFDAD0403F056628BFF0
:10A9A000E154413F61CE27BF70D8413F563627BFA3
:10A9B000895B423FE39D26BF29DE423F0A0526BF51
:10A9C0005160433FCB6B25BF00E2433F25D224BFFC
:10A9D0003763443F1A3824BFF5E3443FA99D23BFA2
:10A9E0003964453FD30223BF03E4453F996722BF43
:10A9F0005463463FFBCB21BF2AE2463FF92F21BFDC
:10AA00008560473F939320BF65DE473FCBF61FBF6E
:10AA1000CA5B483F9F591FBFB3D8483F12BC1EBFF7
:10AA20002155493F221E1EBF12D1493FD17F1DBF74
:10AA3000874C4A3F1FE11CBF7FC74A3F0C421CBFE7
:10AA4000FA414B3F99A21BBFF8BB4B3FC6021BBF4D
:10AA500078354C3F93621ABF79AE4C3F00C219BFA4
:10AA6000FD264D3F0F2119BF029F4D3FC07F18BFEC
:10AA700089164E3F12DE17BF908D4E3F073C17BF21
:10AA800017044F3F9F9916BF1F7A4F3FD9F615BF46
:10AA9000A8EF4F3FB75315BFAF64503F39B014BF55
:10AAA00037D9503F5F0C14BF3D4D513F2A6813BF4B
:10AAB000C2C0513F9AC312BFC633523FB01E12BF2D
:10AAC00049A6523F6B7911BF4918533FCDD310BFF0
:10AAD000C789533FD52D10BFC3FA533F84870FBF9B
:10AAE0003B6B543FDBE00EBF31DB543FDA390EBF26
:10AAF000A44A553F81920DBF93B9553FD0EA0CBF90
:10AB0000FE27563FC9420CBFE595563F6B9A0BBFD7
:10AB10004803573FB7F10ABF2670573FAD480ABFF9
:10AB20007FDC573F4E9F09BF5348583F9BF508BFF6
:10AB3000A1B3583F924B08BF6A1E593F36A107BFC9
:10AB4000AD88593F86F606BF6AF2593F824B06BF71
:10AB5000A05B5A3F2CA005BF50C45A3F84F404BFE9
:10AB6000792C5B3F894804BF1A945B3F3D9C03BF2F
:10AB700034FB5B3F9FEF02BFC7615C3FB14202BF46
:10AB8000D1C75C3F739501BF532D5D3FE4E700BF24
:10AB90004D925D3F063A00BFBEF65D3FB217FFBE65
:10ABA000A65A5E3FBBBAFDBE05BE5E3F275DFCBE3A
:10ABB000DB205F3FF7FEFABE27835F3F2DA0F9BE83
:10ABC000E9E45F3FC840F8BE2146603FCBE0F6BEF7
:10ABD000CFA6603F3580F5BEF206613F071FF4BE89
:10ABE0008A66613F43BDF2BE98C5613FEA5AF1BE35
:10ABF0001A24623FFBF7EFBE1082623F7994EEBEEB
:10AC00007BDF623F6330EDBE5A3C633FBBCBEBBEA4
:10AC1000AC98633F8166EABE73F4633FB700E9BE58
:10AC2000AC4F643F5D9AE7BE59AA643F7533E6BEF8
:10AC30007904653FFECBE4BE0B5E653FFA63E3BE7D
:10AC400010B7653F6AFBE1BE880F663F4F92E0BEDA
:10AC50007167663FA928DFBECCBE663F79BEDDBE08
:10AC60009915673FC153DCBED86B673F80E8DABEF9
:10AC700087C1673FB97CD9BEA816683F6B10D8BEA4
:10AC8000396B683F99A3D6BE3CBF683F4136D5BEFD
:10AC9000AE12693F67C8D3BE9165693F095AD2BEFB
:10ACA000E4B7693F2AEBD0BEA7096A3FCA7BCFBE93
:10ACB000D95A6A3FEA0BCEBE7BAB6A3F8B9BCCBEB8
:10ACC0008CFB6A3FAE2ACBBE0C4B6B3F53B9C9BE5F
:10ACD000FB996B3F7C47C8BE58E86B3F29D5C6BE81
:10ACE00024366C3F5C62C5BE5E836C3F15EFC3BE0D
:10ACF00007D06C3F557BC2BE1D1C6D3F1E07C1BEF9
:10AD0000A1676D3F6F92BFBE93B26D3F4A1DBEBE3D
:10AD1000F2FC6D3FAFA7BCBEBE466E3FA031BBBECE
:10AD2000F88F6E3F1EBBB9BE9ED86E3F2A44B8BE98
:10AD3000B0206F3FC3CCB6BE30686F3FEC54B5BE99
:10AD40001BAF6F3FA5DCB3BE73F56F3FEF63B2BEC1
:10AD5000373B703FCBEAB0BE6680703F3A71AFBE02
:10AD600002C5703F3CF7ADBE0809713FD47CACBE54
:10AD70007A4C713F0102ABBE578F713FC486A9BEAA
:10AD80009FD1713F1F0BA8BE5213723F128FA6BEF8
:10AD90007054723F9F12A5BEF894723FC595A3BE32
:10ADA000EBD4723F8718A2BE4714733FE59AA0BE4A
:10ADB0000E53733FDF1C9FBE3F91733F789E9DBE35
:10ADC000D9CE733FAF1F9CBEDD0B743F86A09ABEE9
:10ADD0004B48743FFE2099BE2284743F17A197BE52
:10ADE00062BF743FD22096BE0BFA743F31A094BE6E
:10ADF0001D34753F351F93BE976D753FDD9D91BE28
:10AE00007BA6753F2C1C90BEC6DE753F229A8EBE77
:10AE10007A16763FC0178DBE974D763F07958BBE4D
:10AE20001B84763FF8118ABE07BA763F938E88BEA0
:10AE30005BEF763FDA0A87BE1724773FCE8685BE62
:10AE40003A58773F700284BEC58B773FC07D82BE83
:10AE5000B7BE773FC0F880BE10F1773FE1E67EBE17
:10AE6000D122783FA4DB7BBEF853783FCCCF78BEAD
:10AE70008684783F5AC375BE7BB4783F51B672BEA4
:10AE8000D6E3783FB2A86FBE9812793F7F9A6CBE26
:10AE9000C040793FBA8B69BE4E6E793F667C66BE14
:10AEA000439B793F836C63BE9DC7793F135C60BE53
:10AEB0005EF3793F1A4B5DBE841E7A3F97395ABEC6
:10AEC00010497A3F8F2757BE02737A3F011554BE4F
:10AED000599C7A3FF10151BE16C57A3F60EE4DBED6
:10AEE00037ED7A3F4FDA4ABEBE147B3FC2C547BE3C
:10AEF000AB3B7B3FB9B044BEFC617B3F379B41BE5F
:10AF0000B2877B3F3E853EBECDAC7B3FCF6E3BBE26
:10AF10004DD17B3FEC5738BE31F57B3F984035BE75
:10AF20007A187C3FD42832BE283B7C3FA2102FBE2B
:10AF30003A5D7C3F04F82BBEB07E7C3FFCDE28BE31
:10AF40008A9F7C3F8CC525BEC9BF7C3FB6AB22BE65
:10AF50006CDF7C3F7B911FBE73FE7C3FDE761CBEA8
:10AF6000DD1C7D3FE05B19BEAC3A7D3F834016BEE1
:10AF7000DE577D3FCA2413BE74747D3FB70810BEF0
:10AF80006E907D3F4AEC0CBECCAB7D3F86CF09BEB8
:10AF90008CC67D3F6EB206BEB1E07D3F029503BE1A
:10AFA00038FA7D3F457700BE24137E3F73B2FABD69
:10AFB000722B7E3FC075F4BD23437E3F7638EEBDD5
:10AFC000385A7E3F9AFAE7BDB0707E3F2EBCE1BD95
:10AFD0008B867E3F377DDBBDC99B7E3FB93DD5BDAE
:10AFE00069B07E3FB7FDCEBD6DC47E3F36BDC8BDE6
:10AFF000D4D77E3F397CC2BD9DEA7E3FC33ABCBDFB
:10B00000C9FC7E3FDAF8B5BD580E7F3F80B6AFBDB4
:10B01000491F7F3FBA73A9BD9D2F7F3F8C30A3BDD1
:10B02000543F7F3FF9EC9CBD6D4E7F3F05A996BD17
:10B03000E95C7F3FB46490BDC76A7F3F0A208ABD48
:10B0400008787F3F0ADB83BDAB847F3F742B7BBDD9
:10B05000B1907F3F38A06EBD189C7F3F681462BDE1
:10B06000E3A67F3F0E8855BD0FB17F3F2FFB48BD44
:10B070009EBA7F3FD56D3CBD8FC37F3F07E02FBD9C
:10B08000E2CB7F3FCC5123BD98D37F3F2CC316BD6D
:10B09000AFDA7F3F2F340ABD29E17F3FB949FBBCBE
:10B0A00005E77F3F7B2AE2BC43EC7F3FB00AC9BC87
:10B0B000E3F07F3F69EAAFBCE6F47F3FB6C996BCD8
:10B0C0004AF87F3F4B517BBC11FB7F3F900E49BC40
:10B0D00039FD7F3F59CB16BCC4FE7F3F890FC9BBEA
:10B0E000B1FF7F3FC70F49BB0000803F0000000059
:10B0F00043EC7F3FB00AC93C0FB17F3F2FFB483D77
:10B100006D4E7F3F05A9963D6DC47E3F36BDC83D5F
:10B1100024137E3F73B2FA3DAC3A7D3F8340163E26
:10B12000283B7C3FA2102F3EBE147B3FC2C5473E4A
:10B130009DC7793F135C603EF853783FCCCF783E93
:10B1400007BA763F938E883E0BFA743F31A0943E47
:10B150004714733FE59AA03E0809713FD47CAC3E8A
:10B160009ED86E3F2A44B83E5E836C3F15EFC33EC7
:10B17000A7096A3FCA7BCF3ED86B673F80E8DA3EBB
:10B1800059AA643F7533E63E98C5613FEA5AF13EDD
:10B1900005BE5E3F275DFC3E1A945B3F3D9C033F2E
:10B1A0005348583F9BF5083F31DB543FDA390E3F97
:10B1B0003D4D513F2A68133F029F4D3FC07F183FCE
:10B1C00012D1493FD17F1D3F03E4453F9967223F9C
:10B1D00070D8413F5636273FF9AE3D3F4AEB2B3FF3
:10B1E0004268393FBB85303FF304353FF304353FB8
:10B1F000BB85303F4268393F4AEB2B3FF9AE3D3FBC
:10B200005636273F70D8413F9967223F03E4453FB8
:10B21000D17F1D3F12D1493FC07F183F029F4D3F54
:10B220002A68133F3D4D513FDA390E3F31DB543F21
:10B230009BF5083F5348583F3D9C033F1A945B3FA2
:10B24000275DFC3E05BE5E3FEA5AF13E98C5613F70
:10B250007533E63E59AA643F80E8DA3ED86B673F13
:10B26000CA7BCF3EA7096A3F15EFC33E5E836C3FA2
:10B270002A44B83E9ED86E3FD47CAC3E0809713F4C
:10B28000E59AA03E4714733F31A0943E0BFA743FF9
:10B29000938E883E07BA763FCCCF783EF853783FFE
:10B2A000135C603E9DC7793FC2C5473EBE147B3FDD
:10B2B000A2102F3E283B7C3F8340163EAC3A7D3F98
:10B2C00073B2FA3D24137E3F36BDC83D6DC47E3F48
:10B2D00005A9963D6D4E7F3F2FFB483D0FB17F3F47
:10B2E000B00AC93C43EC7F3F000000000000803FF3
:10B2F000B00AC9BC43EC7F3F2FFB48BD0FB17F3F75
:10B3000005A996BD6D4E7F3F36BDC8BD6DC47E3F5D
:10B3100073B2FABD24137E3F834016BEAC3A7D3F24
:10B32000A2102FBE283B7C3FC2C547BEBE147B3F48
:10B33000135C60BE9DC7793FCCCF78BEF853783F91
:10B34000938E88BE07BA763F31A094BE0BFA743F45
:10B35000E59AA0BE4714733FD47CACBE0809713F88
:10B360002A44B8BE9ED86E3F15EFC3BE5E836C3FC5
:10B37000CA7BCFBEA7096A3F80E8DABED86B673FB9
:10B380007533E6BE59AA643FEA5AF1BE98C5613FDB
:10B39000275DFCBE05BE5E3F3D9C03BF1A945B3F2C
:10B3A0009BF508BF5348583FDA390EBF31DB543F95
:10B3B0002A6813BF3D4D513FC07F18BF029F4D3FCC
:10B3C000D17F1DBF12D1493F996722BF03E4453F9A
:10B3D000563627BF70D8413F4AEB2BBFF9AE3D3FF1
:10B3E000BB8530BF4268393FF30435BFF304353FB6
:10B3F000426839BFBB85303FF9AE3DBF4AEB2B3FBA
:10B4000070D841BF5636273F03E445BF9967223FB6
:10B4100012D149BFD17F1D3F029F4DBFC07F183F52
:10B420003D4D51BF2A68133F31DB54BFDA390E3F1F
:10B43000534858BF9BF5083F1A945BBF3D9C033FA0
:10B4400005BE5EBF275DFC3E98C561BFEA5AF13E6E
:10B4500059AA64BF7533E63ED86B67BF80E8DA3E11
:10B46000A7096ABFCA7BCF3E5E836CBF15EFC33EA0
:10B470009ED86EBF2A44B83E080971BFD47CAC3E4A
:10B48000471473BFE59AA03E0BFA74BF31A0943EF7
:10B4900007BA76BF938E883EF85378BFCCCF783EFC
:10B4A0009DC779BF135C603EBE147BBFC2C5473EDB
:10B4B000283B7CBFA2102F3EAC3A7DBF8340163E96
:10B4C00024137EBF73B2FA3D6DC47EBF36BDC83D46
:10B4D0006D4E7FBF05A9963D0FB17FBF2FFB483D45
:10B4E00043EC7FBFB00AC93C000080BF00000000F1
:10B4F00043EC7FBFB00AC9BC0FB17FBF2FFB48BD73
:10B500006D4E7FBF05A996BD6DC47EBF36BDC8BD5B
:10B5100024137EBF73B2FABDAC3A7DBF834016BE22
:10B52000283B7CBFA2102FBEBE147BBFC2C547BE46
:10B530009DC779BF135C60BEF85378BFCCCF78BE8F
:10B5400007BA76BF938E88BE0BFA74BF31A094BE43
:10B55000471473BFE59AA0BE080971BFD47CACBE86
:10B560009ED86EBF2A44B8BE5E836CBF15EFC3BEC3
:10B57000A7096ABFCA7BCFBED86B67BF80E8DABEB7
:10B5800059AA64BF7533E6BE98C561BFEA5AF1BED9
:10B5900005BE5EBF275DFCBE1A945BBF3D9C03BF2A
:10B5A000534858BF9BF508BF31DB54BFDA390EBF93
:10B5B0003D4D51BF2A6813BF029F4DBFC07F18BFCA
:10B5C00012D149BFD17F1DBF03E445BF996722BF98
:10B5D00070D841BF563627BFF9AE3DBF4AEB2BBFEF
:10B5E000426839BFBB8530BFF30435BFF30435BFB4
:10B5F000BB8530BF426839BF4AEB2BBFF9AE3DBFB8
:10B60000563627BF70D841BF996722BF03E445BFB4
:10B61000D17F1DBF12D149BFC07F18BF029F4DBF50
:10B620002A6813BF3D4D51BFDA390EBF31DB54BF1D
:10B630009BF508BF534858BF3D9C03BF1A945BBF9E
:10B64000275DFCBE05BE5EBFEA5AF1BE98C561BF6C
:10B650007533E6BE59AA64BF80E8DABED86B67BF0F
:10B66000CA7BCFBEA7096ABF15EFC3BE5E836CBF9E
:10B670002A44B8BE9ED86EBFD47CACBE080971BF48
:10B68000E59AA0BE471473BF31A094BE0BFA74BFF5
:10B69000938E88BE07BA76BFCCCF78BEF85378BFFA
:10B6A000135C60BE9DC779BFC2C547BEBE147BBFD9
:10B6B000A2102FBE283B7CBF834016BEAC3A7DBF94
:10B6C00073B2FABD24137EBF36BDC8BD6DC47EBF44
:10B6D00005A996BD6D4E7FBF2FFB48BD0FB17FBF43
:10B6E000B00AC9BC43EC7FBF00000080000080BFEF
:10B6F000B00AC93C43EC7FBF2FFB483D0FB17FBF71
:10B7000005A9963D6D4E7FBF36BDC83D6DC47EBF59
:10B7100073B2FA3D24137EBF8340163EAC3A7DBF20
:10B72000A2102F3E283B7CBFC2C5473EBE147BBF44
:10B73000135C603E9DC779BFCCCF783EF85378BF8D
:10B74000938E883E07BA76BF31A0943E0BFA74BF41
:10B75000E59AA03E471473BFD47CAC3E080971BF84
:10B760002A44B83E9ED86EBF15EFC33E5E836CBFC1
:10B77000CA7BCF3EA7096ABF80E8DA3ED86B67BFB5
:10B780007533E63E59AA64BFEA5AF13E98C561BFD7
:10B79000275DFC3E05BE5EBF3D9C033F1A945BBF28
:10B7A0009BF5083F534858BFDA390E3F31DB54BF91
:10B7B0002A68133F3D4D51BFC07F183F029F4DBFC8
:10B7C000D17F1D3F12D149BF9967223F03E445BF96
:10B7D0005636273F70D841BF4AEB2B3FF9AE3DBFED
:10B7E000BB85303F426839BFF304353FF30435BFB2
:10B7F0004268393FBB8530BFF9AE3D3F4AEB2BBFB6
:10B8000070D8413F563627BF03E4453F996722BFB2
:10B8100012D1493FD17F1DBF029F4D3FC07F18BF4E
:10B820003D4D513F2A6813BF31DB543FDA390EBF1B
:10B830005348583F9BF508BF1A945B3F3D9C03BF9C
:10B8400005BE5E3F275DFCBE98C5613FEA5AF1BE6A
:10B8500059AA643F7533E6BED86B673F80E8DABE0D
:10B86000A7096A3FCA7BCFBE5E836C3F15EFC3BE9C
:10B870009ED86E3F2A44B8BE0809713FD47CACBE46
:10B880004714733FE59AA0BE0BFA743F31A094BEF3
:10B8900007BA763F938E88BEF853783FCCCF78BEF8
:10B8A0009DC7793F135C60BEBE147B3FC2C547BED7
:10B8B000283B7C3FA2102FBEAC3A7D3F834016BE92
:10B8C00024137E3F73B2FABD6DC47E3F36BDC8BD42
:10B8D0006D4E7F3F05A996BD0FB17F3F2FFB48BD41
:10B8E00043EC7F3FB00AC9BC0000803F000000006D
:10B8F000BE147B3FC2C5473E5E836C3F15EFC33E1F
:10B9000031DB543FDA390E3FF304353FF304353F62
:10B91000DA390E3F31DB543F15EFC33E5E836C3F97
:10B92000C2C5473EBE147B3F000000000000803FC0
:10B93000C2C547BEBE147B3F15EFC3BE5E836C3FDE
:10B94000DA390EBF31DB543FF30435BFF304353F22
:10B9500031DB54BFDA390E3F5E836CBF15EFC33E57
:10B96000BE147BBFC2C5473E000080BF0000000080
:10B97000BE147BBFC2C547BE5E836CBF15EFC3BE9E
:10B9800031DB54BFDA390EBFF30435BFF30435BFE2
:10B99000DA390EBF31DB54BF15EFC3BE5E836CBF17
:10B9A000C2C547BEBE147BBF00000080000080BF40
:10B9B000C2C5473EBE147BBF15EFC33E5E836CBF5E
:10B9C000DA390E3F31DB54BFF304353FF30435BFA2
:10B9D00031DB543FDA390EBF5E836C3F15EFC3BED7
:10B9E000BE147B3FC2C547BE0000803F0000000080
:10B9F000ECFF7F3FD40FC93AB1FF7F3FC70F493BF0
:10BA00004EFF7F3FC1CB963BC4FE7F3F890FC93BB2
:10BA100013FE7F3F3053FB3B39FD7F3F59CB163C34
:10BA200039FC7F3F02ED2F3C11FB7F3F900E493CDC
:10BA3000C1F97F3F0030623C4AF87F3F4B517B3C6D
:10BA4000ACF67F3F38398A3CE6F47F3FB6C9963C76
:10BA5000F8F27F3F1C5AA33CE3F07F3F69EAAF3C1A
:10BA6000A7EE7F3F9B7ABC3C43EC7F3FB00AC93CCA
:10BA7000B8E97F3FA69AD53C05E77F3F7B2AE23CA9
:10BA80002BE47F3F2DBAEE3C29E17F3FB949FB3CD7
:10BA900000DE7F3F90EC033DAFDA7F3F2F340A3D5D
:10BAA00037D77F3FB87B103D98D37F3F2CC3163DDF
:10BAB000D1CF7F3F880A1D3DE2CB7F3FCC51233D54
:10BAC000CCC77F3FF698293D8FC37F3F07E02F3DCE
:10BAD0002ABF7F3FFC26363D9EBA7F3FD56D3C3D59
:10BAE000EAB57F3F91B4423D0FB17F3F2FFB483D08
:10BAF0000DAC7F3FAF414F3DE3A67F3F0E88553DE4
:10BB000091A17F3F4CCE5B3D189C7F3F6814623D06
:10BB100078967F3F625A683DB1907F3F38A06E3D76
:10BB2000C28A7F3FE9E5743DAB847F3F742B7B3D48
:10BB30006D7E7F3F6CB8803D08787F3F0ADB833D98
:10BB40007B717F3F94FD863DC76A7F3F0A208A3D17
:10BB5000EC637F3F6A428D3DE95C7F3FB464903D7A
:10BB6000BF557F3FE786933D6D4E7F3F05A9963DCC
:10BB7000F4467F3F0ACB993D543F7F3FF9EC9C3D13
:10BB80008D377F3FCF0EA03D9D2F7F3F8C30A33D53
:10BB900087277F3F3052A63D491F7F3FBA73A93D9B
:10BBA000E4167F3F2B95AC3D580E7F3F80B6AF3DEE
:10BBB000A4057F3FBBD7B23DC9FC7E3FDAF8B53D57
:10BBC000C7F37E3FDD19B93D9DEA7E3FC33ABC3DD8
:10BBD0004CE17E3F8D5BBF3DD4D77E3F397CC23D7B
:10BBE00034CE7E3FC69CC53D6DC47E3F36BDC83D4C
:10BBF0007FBA7E3F86DDCB3D69B07E3FB7FDCE3D4F
:10BC00002DA67E3FC81DD23DC99B7E3FB93DD53D87
:10BC10003D917E3F895DD83D8B867E3F377DDB3D04
:10BC2000B17B7E3FC49CDE3DB0707E3F2EBCE13DCB
:10BC300088657E3F76DBE43D385A7E3F9AFAE73DE1
:10BC4000C14E7E3F9A19EB3D23437E3F7638EE3D51
:10BC50005E377E3F2E57F13D722B7E3FC075F43D1F
:10BC60005E1F7E3F2C94F73D24137E3F73B2FA3D56
:10BC7000C2067E3F92D0FD3D38FA7D3F4577003EBB
:10BC800088ED7D3F2E06023EB1E07D3F0295033EEA
:10BC9000B2D37D3FC223053E8CC67D3F6EB2063EC9
:10BCA00040B97D3F0541083ECCAB7D3F86CF093E84
:10BCB000309E7D3FF35D0B3E6E907D3F4AEC0C3E27
:10BCC00085827D3F8B7A0E3E74747D3FB708103EAF
:10BCD0003D667D3FCC96113EDE577D3FCA24133E24
:10BCE00059497D3FB2B2143EAC3A7D3F8340163E87
:10BCF000D82B7D3F3DCE173EDD1C7D3FE05B193EDE
:10BD0000BC0D7D3F6BE91A3E73FE7C3FDE761C3E28
:10BD100003EF7C3F38041E3E6CDF7C3F7B911F3E6F
:10BD2000AECF7C3FA51E213EC9BF7C3FB6AB223EB5
:10BD3000BDAF7C3FAD38243E8A9F7C3F8CC5253EFD
:10BD4000318F7C3F5152273EB07E7C3FFCDE283E47
:10BD5000086E7C3F8D6B2A3E3A5D7C3F04F82B3E9B
:10BD6000444C7C3F61842D3E283B7C3FA2102F3EFB
:10BD7000E5297C3FC99C303E7A187C3FD428323E6E
:10BD8000E9067C3FC4B4333E31F57B3F9840353EF5
:10BD900053E37B3F50CC363E4DD17B3FEC57383E92
:10BDA00020BF7B3F6CE3393ECDAC7B3FCF6E3B3E4B
:10BDB000539A7B3F15FA3C3EB2877B3F3E853E3E21
:10BDC000EA747B3F4910403EFC617B3F379B413E1C
:10BDD000E74E7B3F0726433EAB3B7B3FB9B0443E3B
:10BDE00048287B3F4D3B463EBE147B3FC2C5473E85
:10BDF0000E017B3F1850493E37ED7A3F4FDA4A3EFD
:10BE00003AD97A3F67644C3E16C57A3F60EE4D3EA4
:10BE1000CBB07A3F38784F3E599C7A3FF101513E82
:10BE2000C1877A3F898B523E02737A3F0115543E97
:10BE30001C5E7A3F589E553E10497A3F8F27573EE9
:10BE4000DD337A3FA4B0583E841E7A3F97395A3E7C
:10BE500004097A3F6AC25B3E5EF3793F1A4B5D3E4E
:10BE600091DD793FA8D35E3E9DC7793F135C603E6C
:10BE700083B1793F5CE4613E439B793F836C633ED1
:10BE8000DC84793F86F4643E4E6E793F667C663E84
:10BE90009A57793F2204683EC040793FBA8B693E89
:10BEA000BF29793F2F136B3E9812793F7F9A6C3EE2
:10BEB0004AFB783FAB216E3ED6E3783FB2A86F3E97
:10BEC0003BCC783F942F713E7BB4783F51B6723EA5
:10BED000939C783FE83C743E8684783F5AC3753E15
:10BEE000526C783FA649773EF853783FCCCF783EE6
:10BEF000773B783FCB557A3ED122783FA4DB7B3E1F
:10BF0000040A783F56617D3E10F1773FE1E67E3EC0
:10BF1000F7D7773F2236803EB7BE773FC0F8803EE6
:10BF200051A5773F4ABB813EC58B773FC07D823E9E
:10BF30001372773F2240833E3A58773F7002843E27
:10BF40003C3E773FAAC4843E1724773FCE86853E89
:10BF5000CC09773FDF48863E5BEF763FDA0A873EC3
:10BF6000C4D4763FC1CC873E07BA763F938E883ED5
:10BF7000249F763F5050893E1B84763FF8118A3EBD
:10BF8000EC68763F8AD38A3E974D763F07958B3E85
:10BF90001B32763F6E568C3E7A16763FC0178D3E2A
:10BFA000B3FA753FFCD88D3EC6DE753F229A8E3EB1
:10BFB000B3C2753F325B8F3E7BA6753F2C1C903E13
:10BFC0001C8A753F10DD903E976D753FDD9D913E5B
:10BFD000ED50753F945E923E1D34753F351F933E84
:10BFE0002717753FBFDF933E0BFA743F31A0943E95
:10BFF000C9DC743F8D60953E62BF743FD220963E8F
:10C00000D5A1743F00E1963E2284743F17A1973E6C
:10C010004966743F1661983E4B48743FFE20993E36
:10C02000272A743FCEE0993EDD0B743F86A09A3EEE
:10C030006EED733F27609B3ED9CE733FAF1F9C3E92
:10C040001FB0733F20DF9C3E3F91733F789E9D3E23
:10C050003972733FB85D9E3E0E53733FDF1C9F3EA7
:10C06000BE33733FEEDB9F3E4714733FE59AA03E1D
:10C07000ACF4723FC259A13EEBD4723F8718A23E86
:10C0800004B5723F33D7A23EF894723FC595A33EE4
:10C09000C774723F3F54A43E7054723F9F12A53E36
:10C0A000F433723FE5D0A53E5213723F128FA63E85
:10C0B0008CF2713F254DA73E9FD1713F1F0BA83ECB
:10C0C0008EB0713FFEC8A83E578F713FC486A93E0F
:10C0D000FB6D713F6F44AA3E7A4C713F0102AB3E4B
:10C0E000D42A713F77BFAB3E0809713FD47CAC3E88
:10C0F00017E7703F153AAD3E02C5703F3CF7AD3EC5
:10C10000C6A2703F49B4AE3E6680703F3A71AF3E02
:10C11000E15D703F102EB03E373B703FCBEAB03E42
:10C120006718703F6BA7B13E73F56F3FEF63B23E88
:10C130005AD26F3F5820B33E1BAF6F3FA5DCB33ED2
:10C14000B88B6F3FD698B43E30686F3FEC54B53E25
:10C1500083446F3FE610B63EB0206F3FC3CCB63E7F
:10C16000BAFC6E3F8488B73E9ED86E3F2A44B83EE4
:10C170005DB46E3FB2FFB83EF88F6E3F1EBBB93E56
:10C180006D6B6E3F6E76BA3EBE466E3FA031BB3ED3
:10C19000EB216E3FB6ECBB3EF2FC6D3FAFA7BC3E61
:10C1A000D5D76D3F8B62BD3E93B26D3F4A1DBE3EFB
:10C1B0002D8D6D3FEBD7BE3EA1676D3F6F92BF3EA9
:10C1C000F2416D3FD54CC03E1D1C6D3F1E07C13E68
:10C1D00024F66C3F48C1C13E07D06C3F557BC23E40
:10C1E000C5A96C3F4435C33E5E836C3F15EFC33E2B
:10C1F000D45C6C3FC8A8C43E24366C3F5C62C53E2C
:10C20000500F6C3FD21BC63E58E86B3F29D5C63E47
:10C210003BC16B3F628EC73EFB996B3F7C47C83E7C
:10C2200095726B3F7700C93E0C4B6B3F53B9C93ECB
:10C230005E236B3F1072CA3E8CFB6A3FAE2ACB3E38
:10C2400095D36A3F2CE3CB3E7BAB6A3F8B9BCC3EC6
:10C250003C836A3FCA53CD3ED95A6A3FEA0BCE3E71
:10C2600052326A3FEAC3CE3EA7096A3FCA7BCF3E3D
:10C27000D7E0693F8A33D03EE4B7693F2AEBD03E2E
:10C28000CC8E693FAAA2D13E9165693F095AD23E40
:10C29000323C693F4811D33EAE12693F67C8D33E76
:10C2A00007E9683F647FD43E3CBF683F4136D53ED6
:10C2B0004C95683FFDECD53E396B683F99A3D63E5F
:10C2C0000341683F135AD73EA816683F6B10D83E0B
:10C2D0002AEC673FA3C6D83E87C1673FB97CD93EE9
:10C2E000C196673FAD32DA3ED86B673F80E8DA3EF1
:10C2F000CA40673F319EDB3E9915673FC153DC3E24
:10C3000045EA663F2E09DD3ECCBE663F79BEDD3E86
:10C310003093663FA273DE3E7167663FA928DF3E19
:10C320008E3B663F8DDDDF3E880F663F4F92E03EDD
:10C330005EE3653FEE46E13E10B7653F6AFBE13ED6
:10C34000A08A653FC4AFE23E0B5E653FFA63E33E01
:10C350005431653F0E18E43E7904653FFECBE43E60
:10C360007BD7643FCB7FE53E59AA643F7533E63EF9
:10C37000147D643FFBE6E63EAC4F643F5D9AE73ECA
:10C380002122643F9C4DE83E73F4633FB700E93ED1
:10C39000A1C6633FAEB3E93EAC98633F8166EA3E17
:10C3A000956A633F3019EB3E5A3C633FBBCBEB3E93
:10C3B000FC0D633F217EEC3E7BDF623F6330ED3E50
:10C3C000D7B0623F80E2ED3E1082623F7994EE3E4C
:10C3D0002653623F4C46EF3E1A24623FFBF7EF3E86
:10C3E000EAF4613F85A9F03E98C5613FEA5AF13E03
:10C3F0002296613F290CF23E8A66613F43BDF23EC0
:10C40000D036613F386EF33EF206613F071FF43EBF
:10C41000F2D6603FB1CFF43ECFA6603F3580F53E07
:10C420008976603F9330F63E2146603FCBE0F63E92
:10C430009615603FDC90F73EE9E45F3FC840F83E68
:10C4400019B45F3F8EF0F83E27835F3F2DA0F93E81
:10C4500012525F3FA54FFA3EDB205F3FF7FEFA3EE8
:10C4600081EF5E3F22AEFB3E05BE5E3F275DFC3E98
:10C47000678C5E3F040CFD3EA65A5E3FBBBAFD3E94
:10C48000C3285E3F4A69FE3EBEF65D3FB217FF3EDF
:10C4900097C45D3FF3C5FF3E4D925D3F063A003FB6
:10C4A000E15F5D3FFF90003F532D5D3FE4E7003FBC
:10C4B000A3FA5C3FB53E013FD1C75C3F7395013F96
:10C4C000DD945C3F1CEC013FC7615C3FB142023F21
:10C4D0008E2E5C3F3299023F34FB5B3F9FEF023F61
:10C4E000B8C75B3FF845033F1A945B3F3D9C033F51
:10C4F0005A605B3F6DF2033F792C5B3F8948043FF4
:10C5000075F85A3F919E043F50C45A3F84F4043F4B
:10C5100009905A3F624A053FA05B5A3F2CA0053F55
:10C5200016275A3FE2F5053F6AF2593F824B063F14
:10C530009CBD593F0EA1063FAD88593F86F6063F88
:10C540009C53593FE84B073F6A1E593F36A1073FAE
:10C5500017E9583F6FF6073FA1B3583F924B083F8A
:10C560000B7E583FA1A0083F5348583F9BF5083F1A
:10C570007912583F7F4A093F7FDC573F4E9F093F62
:10C5800063A6573F09F4093F2670573FAD480A3F5D
:10C59000C739573F3D9D0A3F4803573FB7F10A3F10
:10C5A000A7CC563F1C460B3FE595563F6B9A0B3F79
:10C5B000025F563FA5EE0B3FFE27563FC9420C3F98
:10C5C000D9F0553FD7960C3F93B9553FD0EA0C3F71
:10C5D0002C82553FB33E0D3FA44A553F81920D3FFB
:10C5E000FB12553F38E60D3F31DB543FDA390E3F41
:10C5F00047A3543F658D0E3F3B6B543FDBE00E3F3E
:10C600000F33543F3B340F3FC3FA533F84870F3FF0
:10C6100055C2533FB8DA0F3FC789533FD52D103F5E
:10C620001851533FDC80103F4918533FCDD3103F82
:10C6300059DF523FA726113F49A6523F6B79113F60
:10C64000186D523F19CC113FC633523FB01E123FF6
:10C6500054FA513F3071123FC2C0513F9AC3123F4A
:10C660001087513FEE15133F3D4D513F2A68133F50
:10C670004A13513F50BA133F37D9503F5F0C143F14
:10C68000039F503F585E143FAF64503F39B0143F92
:10C690003B2A503F0402153FA8EF4F3FB753153FC9
:10C6A000F4B44F3F54A5153F1F7A4F3FD9F6153FBD
:10C6B0002B3F4F3F4748163F17044F3F9F99163F68
:10C6C000E4C84E3FDFEA163F908D4E3F073C173FD0
:10C6D0001C524E3F188D173F89164E3F12DE173FF2
:10C6E000D5DA4D3FF52E183F029F4D3FC07F183FD2
:10C6F00010634D3F73D0183FFD264D3F0F21193F6A
:10C70000CBEA4C3F9471193F79AE4C3F00C2193FC0
:10C7100008724C3F55121A3F78354C3F93621A3FCE
:10C72000C7F84B3FB8B21A3FF8BB4B3FC6021B3F9E
:10C73000097F4B3FBB521B3FFA414B3F99A21B3F26
:10C74000CC044B3F5FF21B3F7FC74A3F0C421C3F6C
:10C75000138A4A3FA2911C3F874C4A3F1FE11C3F6E
:10C76000DC0E4A3F84301D3F12D1493FD17F1D3F2F
:10C770002993493F06CF1D3F2155493F221E1E3FA9
:10C78000FA16493F266D1E3FB3D8483F12BC1E3FE4
:10C790004E9A483FE50A1F3FCA5B483F9F591F3FDB
:10C7A000271D483F41A81F3F65DE473FCBF61F3F8F
:10C7B000849F473F3B45203F8560473F9393203F01
:10C7C0006721473FD2E1203F2AE2463FF92F213F30
:10C7D000CEA2463F067E213F5463463FFBCB213F1E
:10C7E000BB23463FD719223F03E4453F9967223FC9
:10C7F0002DA4453F43B5223F3964453FD302233F33
:10C800002624453F4B50233FF5E3443FA99D233F5A
:10C81000A5A3443FEEEA233F3763443F1A38243F41
:10C82000AB22443F2C85243F00E2433F25D2243FE6
:10C8300038A1433F041F253F5160433FCB6B253F49
:10C840004C1F433F77B8253F29DE423F0A05263F6C
:10C85000E89C423F8451263F895B423FE39D263F4F
:10C860000B1A423F2AEA263F70D8413F5636273FEF
:10C87000B796413F6882273FE154413F61CE273F51
:10C88000EC12413F401A283FDAD0403F0566283F6E
:10C89000A98E403FB0B1283F5C4C403F41FD283F4E
:10C8A000F009403FB848293F67C73F3F1594293FEB
:10C8B000C0843F3F57DF293FFC413F3F802A2A3F4A
:10C8C0001BFF3E3F8E752A3F1BBC3E3F82C02A3F66
:10C8D000FF783E3F5B0B2B3FC5353E3F1B562B3F42
:10C8E0006EF23D3FBFA02B3FF9AE3D3F4AEB2B3FE1
:10C8F000676B3D3FB9352C3FB8273D3F0F802C3F3C
:10C90000ECE33C3F49CA2C3F03A03C3F69142D3F58
:10C91000FC5B3C3F6F5E2D3FD9173C3F59A82D3F34
:10C9200098D33B3F29F22D3F3B8F3B3FDE3B2E3FD1
:10C93000C14A3B3F78852E3F29063B3FF7CE2E3F2D
:10C9400075C13A3F5B182F3FA47C3A3FA5612F3F4A
:10C95000B7373A3FD3AA2F3FACF2393FE6F32F3F28
:10C9600085AD393FDE3C303F4268393FBB85303FC3
:10C97000E122393F7CCE303F65DD383F2217313F21
:10C98000CB97383FAD5F313F1652383F1DA8313F3E
:10C99000430C383F71F0313F55C6373FAA38323F1C
:10C9A0004A80373FC780323F233A373FC9C8323FBA
:10C9B000DFF3363FAF10333F7FAD363F7A58333F1A
:10C9C0000467363F29A0333F6C20363FBCE7333F36
:10C9D000B8D9353F342F343FE792353F8F76343F17
:10C9E000FB4B353FCFBD343FF304353FF304353FB8
:10C9F000CFBD343FFB4B353F8F76343FE792353F19
:10CA0000342F343FB8D9353FBCE7333F6C20363F35
:10CA100029A0333F0467363F7A58333F7FAD363F16
:10CA2000AF10333FDFF3363FC9C8323F233A373FB9
:10CA3000C780323F4A80373FAA38323F55C6373F1A
:10CA400071F0313F430C383F1DA8313F1652383F3B
:10CA5000AD5F313FCB97383F2217313F65DD383F1F
:10CA60007CCE303FE122393FBB85303F4268393FC1
:10CA7000DE3C303F85AD393FE6F32F3FACF2393F26
:10CA8000D3AA2F3FB7373A3FA5612F3FA47C3A3F47
:10CA90005B182F3F75C13A3FF7CE2E3F29063B3F2B
:10CAA00078852E3FC14A3B3FDE3B2E3F3B8F3B3FCD
:10CAB00029F22D3F98D33B3F59A82D3FD9173C3F32
:10CAC0006F5E2D3FFC5B3C3F69142D3F03A03C3F54
:10CAD00049CA2C3FECE33C3F0F802C3FB8273D3F39
:10CAE000B9352C3F676B3D3F4AEB2B3FF9AE3D3FDD
:10CAF000BFA02B3F6EF23D3F1B562B3FC5353E3F3F
:10CB00005B0B2B3FFF783E3F82C02A3F1BBC3E3F62
:10CB10008E752A3F1BFF3E3F802A2A3FFC413F3F44
:10CB200057DF293FC0843F3F1594293F67C73F3FE8
:10CB3000B848293FF009403F41FD283F5C4C403F49
:10CB4000B0B1283FA98E403F0566283FDAD0403F6C
:10CB5000401A283FEC12413F61CE273FE154413F4C
:10CB60006882273FB796413F5636273F70D8413FEE
:10CB70002AEA263F0B1A423FE39D263F895B423F4C
:10CB80008451263FE89C423F0A05263F29DE423F6A
:10CB900077B8253F4C1F433FCB6B253F5160433F48
:10CBA000041F253F38A1433F25D2243F00E2433FE5
:10CBB0002C85243FAB22443F1A38243F3763443F3F
:10CBC000EEEA233FA5A3443FA99D233FF5E3443F5D
:10CBD0004B50233F2624453FD302233F3964453F32
:10CBE00043B5223F2DA4453F9967223F03E4453FCB
:10CBF000D719223FBB23463FFBCB213F5463463F1F
:10CC0000067E213FCEA2463FF92F213F2AE2463F32
:10CC1000D2E1203F6721473F9393203F8560473F04
:10CC20003B45203F849F473FCBF61F3F65DE473F94
:10CC300041A81F3F271D483F9F591F3FCA5B483FE0
:10CC4000E50A1F3F4E9A483F12BC1E3FB3D8483FEB
:10CC5000266D1E3FFA16493F221E1E3F2155493FB1
:10CC600006CF1D3F2993493FD17F1D3F12D1493F38
:10CC700084301D3FDC0E4A3F1FE11C3F874C4A3F7A
:10CC8000A2911C3F138A4A3F0C421C3F7FC74A3F78
:10CC90005FF21B3FCC044B3F99A21B3FFA414B3F35
:10CCA000BB521B3F097F4B3FC6021B3FF8BB4B3FAC
:10CCB000B8B21A3FC7F84B3F93621A3F78354C3FE2
:10CCC00055121A3F08724C3F00C2193F79AE4C3FD3
:10CCD0009471193FCBEA4C3F0F21193FFD264D3F80
:10CCE00073D0183F10634D3FC07F183F029F4D3FE8
:10CCF000F52E183FD5DA4D3F12DE173F89164E3F0D
:10CD0000188D173F1C524E3F073C173F908D4E3FEA
:10CD1000DFEA163FE4C84E3F9F99163F17044F3F86
:10CD20004748163F2B3F4F3FD9F6153F1F7A4F3FDD
:10CD300054A5153FF4B44F3FB753153FA8EF4F3FED
:10CD40000402153F3B2A503F39B0143FAF64503FB7
:10CD5000585E143F039F503F5F0C143F37D9503F3C
:10CD600050BA133F4A13513F2A68133F3D4D513F7C
:10CD7000EE15133F1087513F9AC3123FC2C0513F77
:10CD80003071123F54FA513FB01E123FC633523F2A
:10CD900019CC113F186D523F6B79113F49A6523F94
:10CDA000A726113F59DF523FCDD3103F4918533FBB
:10CDB000DC80103F1851533FD52D103FC789533F9A
:10CDC000B8DA0F3F55C2533F84870F3FC3FA533F32
:10CDD0003B340F3F0F33543FDBE00E3F3B6B543F80
:10CDE000658D0E3F47A3543FDA390E3F31DB543F88
:10CDF00038E60D3FFB12553F81920D3FA44A553F47
:10CE0000B33E0D3F2C82553FD0EA0C3F93B9553FBE
:10CE1000D7960C3FD9F0553FC9420C3FFE27563FED
:10CE2000A5EE0B3F025F563F6B9A0B3FE595563FD1
:10CE30001C460B3FA7CC563FB7F10A3F4803573F6C
:10CE40003D9D0A3FC739573FAD480A3F2670573FBF
:10CE500009F4093F63A6573F4E9F093F7FDC573FC8
:10CE60007F4A093F7912583F9BF5083F5348583F86
:10CE7000A1A0083F0B7E583F924B083FA1B3583FFB
:10CE80006FF6073F17E9583F36A1073F6A1E593F23
:10CE9000E84B073F9C53593F86F6063FAD88593F04
:10CEA0000EA1063F9CBD593F824B063F6AF2593F97
:10CEB000E2F5053F16275A3F2CA0053FA05B5A3FDD
:10CEC000624A053F09905A3F84F4043F50C45A3FD8
:10CED000919E043F75F85A3F8948043F792C5B3F87
:10CEE0006DF2033F5A605B3F3D9C033F1A945B3FEA
:10CEF000F845033FB8C75B3F9FEF023F34FB5B3F02
:10CF00003299023F8E2E5C3FB142023FC7615C3FC7
:10CF10001CEC013FDD945C3F7395013FD1C75C3F42
:10CF2000B53E013FA3FA5C3FE4E7003F532D5D3F70
:10CF3000FF90003FE15F5D3F063A003F4D925D3F4D
:10CF4000F3C5FF3E97C45D3FB217FF3EBEF65D3F9F
:10CF50004A69FE3EC3285E3FBBBAFD3EA65A5E3F0D
:10CF6000040CFD3E678C5E3F275DFC3E05BE5E3FC8
:10CF700022AEFB3E81EF5E3FF7FEFA3EDB205F3FD5
:10CF8000A54FFA3E12525F3F2DA0F93E27835F3F27
:10CF90008EF0F83E19B45F3FC840F83EE9E45F3FC9
:10CFA000DC90F73E9615603FCBE0F63E2146603FB1
:10CFB0009330F63E8976603F3580F53ECFA6603FE0
:10CFC000B1CFF43EF2D6603F071FF43EF206613F58
:10CFD000386EF33ED036613F43BDF23E8A66613F14
:10CFE000290CF23E2296613FEA5AF13E98C5613F14
:10CFF00085A9F03EEAF4613FFBF7EF3E1A24623F59
:10D000004C46EF3E2653623F7994EE3E1082623FDB
:10D0100080E2ED3ED7B0623F6330ED3E7BDF623FA2
:10D02000217EEC3EFC0D633FBBCBEB3E5A3C633FA5
:10D030003019EB3E956A633F8166EA3EAC98633FE8
:10D04000AEB3E93EA1C6633FB700E93E73F4633F68
:10D050009C4DE83E2122643F5D9AE73EAC4F643F21
:10D06000FBE6E63E147D643F7533E63E59AA643F15
:10D07000CB7FE53E7BD7643FFECBE43E7904653F42
:10D080000E18E43E5431653FFA63E33E0B5E653FA4
:10D09000C4AFE23EA08A653F6AFBE13E10B7653F40
:10D0A000EE46E13E5EE3653F4F92E03E880F663F0D
:10D0B0008DDDDF3E8E3B663FA928DF3E7167663F10
:10D0C000A273DE3E3093663F79BEDD3ECCBE663F46
:10D0D0002E09DD3E45EA663FC153DC3E9915673FA8
:10D0E000319EDB3ECA40673F80E8DA3ED86B673F3F
:10D0F000AD32DA3EC196673FB97CD93E87C1673F02
:10D10000A3C6D83E2AEC673F6B10D83EA816683FEE
:10D11000135AD73E0341683F99A3D63E396B683F07
:10D12000FDECD53E4C95683F4136D53E3CBF683F4F
:10D13000647FD43E07E9683F67C8D33EAE12693FBB
:10D140004811D33E323C693F095AD23E9165693F4E
:10D15000AAA2D13ECC8E693F2AEBD03EE4B7693F0C
:10D160008A33D03ED7E0693FCA7BCF3EA7096A3FEA
:10D17000EAC3CE3E52326A3FEA0BCE3ED95A6A3FEC
:10D18000CA53CD3E3C836A3F8B9BCC3E7BAB6A3F10
:10D190002CE3CB3E95D36A3FAE2ACB3E8CFB6A3F55
:10D1A0001072CA3E5E236B3F53B9C93E0C4B6B3FB6
:10D1B0007700C93E95726B3F7C47C83EFB996B3F39
:10D1C000628EC73E3BC16B3F29D5C63E58E86B3FD8
:10D1D000D21BC63E500F6C3F5C62C53E24366C3F8E
:10D1E000C8A8C43ED45C6C3F15EFC33E5E836C3F61
:10D1F0004435C33EC5A96C3F557BC23E07D06C3F4A
:10D2000048C1C13E24F66C3F1E07C13E1D1C6D3F48
:10D21000D54CC03EF2416D3F6F92BF3EA1676D3F5E
:10D22000EBD7BE3E2D8D6D3F4A1DBE3E93B26D3F86
:10D230008B62BD3ED5D76D3FAFA7BC3EF2FC6D3FC4
:10D24000B6ECBB3EEB216E3FA031BB3EBE466E3F0F
:10D250006E76BA3E6D6B6E3F1EBBB93EF88F6E3F69
:10D26000B2FFB83E5DB46E3F2A44B83E9ED86E3FD2
:10D270008488B73EBAFC6E3FC3CCB63EB0206F3F49
:10D28000E610B63E83446F3FEC54B53E30686F3FC6
:10D29000D698B43EB88B6F3FA5DCB33E1BAF6F3F53
:10D2A0005820B33E5AD26F3FEF63B23E73F56F3FE3
:10D2B0006BA7B13E6718703FCBEAB03E373B703F7B
:10D2C000102EB03EE15D703F3A71AF3E6680703F18
:10D2D00049B4AE3EC6A2703F3CF7AD3E02C5703FBA
:10D2E000153AAD3E17E7703FD47CAC3E0809713F5C
:10D2F00077BFAB3ED42A713F0102AB3E7A4C713FFF
:10D300006F44AA3EFB6D713FC486A93E578F713FA3
:10D31000FEC8A83E8EB0713F1F0BA83E9FD1713F43
:10D32000254DA73E8CF2713F128FA63E5213723FDD
:10D33000E5D0A53EF433723F9F12A53E7054723F74
:10D340003F54A43EC774723FC595A33EF894723F04
:10D3500033D7A23E04B5723F8718A23EEBD4723F8A
:10D36000C259A13EACF4723FE59AA03E4714733F08
:10D37000EEDB9F3EBE33733FDF1C9F3E0E53733F79
:10D38000B85D9E3E3972733F789E9D3E3F91733FDC
:10D3900020DF9C3E1FB0733FAF1F9C3ED9CE733F32
:10D3A00027609B3E6EED733F86A09A3EDD0B743F77
:10D3B000CEE0993E272A743FFE20993E4B48743FA9
:10D3C0001661983E4966743F17A1973E2284743FC8
:10D3D00000E1963ED5A1743FD220963E62BF743FD5
:10D3E0008D60953EC9DC743F31A0943E0BFA743FCA
:10D3F000BFDF933E2717753F351F933E1D34753FA2
:10D40000945E923EED50753FDD9D913E976D753F68
:10D4100010DD903E1C8A753F2C1C903E7BA6753F0C
:10D42000325B8F3EB3C2753F229A8E3EC6DE753F99
:10D43000FCD88D3EB3FA753FC0178D3E7A16763F05
:10D440006E568C3E1B32763F07958B3E974D763F4E
:10D450008AD38A3EEC68763FF8118A3E1B84763F79
:10D460005050893E249F763F938E883E07BA763F80
:10D47000C1CC873EC4D4763FDA0A873E5BEF763F65
:10D48000DF48863ECC09773FCE86853E1724773F1E
:10D49000AAC4843E3C3E773F7002843E3A58773FB0
:10D4A0002240833E1372773FC07D823EC58B773F1B
:10D4B0004ABB813E51A5773FC0F8803EB7BE773F5B
:10D4C0002236803EF7D7773FE1E67E3E10F1773F88
:10D4D00056617D3E040A783FA4DB7B3ED122783F33
:10D4E000CB557A3E773B783FCCCF783EF853783FA8
:10D4F000A649773E526C783F5AC3753E8684783F82
:10D50000E83C743E939C783F51B6723E7BB4783FC2
:10D51000942F713E3BCC783FB2A86F3ED6E3783F64
:10D52000AB216E3E4AFB783F7F9A6C3E9812793F62
:10D530002F136B3EBF29793FBA8B693EC040793FBC
:10D540002204683E9A57793F667C663E4E6E793F6C
:10D5500086F4643EDC84793F836C633E439B793F71
:10D560005CE4613E83B1793F135C603E9DC7793FC7
:10D57000A8D35E3E91DD793F1A4B5D3E5EF3793F65
:10D580006AC25B3E04097A3F97395A3E841E7A3F4D
:10D59000A4B0583EDD337A3F8F27573E10497A3F7B
:10D5A000589E553E1C5E7A3F0115543E02737A3FE9
:10D5B000898B523EC1877A3FF101513E599C7A3F97
:10D5C00038784F3ECBB07A3F60EE4D3E16C57A3F7D
:10D5D00067644C3E3AD97A3F4FDA4A3E37ED7A3F9C
:10D5E0001850493E0E017B3FC2C5473EBE147B3FEB
:10D5F0004D3B463E48287B3FB9B0443EAB3B7B3F6A
:10D600000726433EE74E7B3F379B413EFC617B3F15
:10D610004910403EEA747B3F3E853E3EB2877B3FE9
:10D6200015FA3C3E539A7B3FCF6E3B3ECDAC7B3FE1
:10D630006CE3393E20BF7B3FEC57383E4DD17B3FFA
:10D6400050CC363E53E37B3F9840353E31F57B3F2F
:10D65000C4B4333EE9067C3FD428323E7A187C3F7E
:10D66000C99C303EE5297C3FA2102F3E283B7C3FE1
:10D6700061842D3E444C7C3F04F82B3E3A5D7C3F58
:10D680008D6B2A3E086E7C3FFCDE283EB07E7C3FE0
:10D690005152273E318F7C3F8CC5253E8A9F7C3F6F
:10D6A000AD38243EBDAF7C3FB6AB223EC9BF7C3F08
:10D6B000A51E213EAECF7C3F7B911F3E6CDF7C3FA1
:10D6C00038041E3E03EF7C3FDE761C3E73FE7C3F3B
:10D6D0006BE91A3EBC0D7D3FE05B193EDD1C7D3FD2
:10D6E0003DCE173ED82B7D3F8340163EAC3A7D3F62
:10D6F000B2B2143E59497D3FCA24133EDE577D3FE6
:10D70000CC96113E3D667D3FB708103E74747D3F58
:10D710008B7A0E3E85827D3F4AEC0C3E6E907D3FBB
:10D72000F35D0B3E309E7D3F86CF093ECCAB7D3F07
:10D730000541083E40B97D3F6EB2063E8CC67D3F36
:10D74000C223053EB2D37D3F0295033EB1E07D3F4B
:10D750002E06023E88ED7D3F4577003E38FA7D3F3C
:10D7600092D0FD3DC2067E3F73B2FA3D24137E3F48
:10D770002C94F73D5E1F7E3FC075F43D722B7E3FBB
:10D780002E57F13D5E377E3F7638EE3D23437E3F98
:10D790009A19EB3DC14E7E3F9AFAE73D385A7E3FDB
:10D7A00076DBE43D88657E3F2EBCE13DB0707E3F78
:10D7B000C49CDE3DB17B7E3F377DDB3D8B867E3F6B
:10D7C000895DD83D3D917E3FB93DD53DC99B7E3FAA
:10D7D000C81DD23D2DA67E3FB7FDCE3D69B07E3F30
:10D7E00086DDCB3D7FBA7E3F36BDC83D6DC47E3FF2
:10D7F000C69CC53D34CE7E3F397CC23DD4D77E3FEA
:10D800008D5BBF3D4CE17E3FC33ABC3D9DEA7E3F10
:10D81000DD19B93DC7F37E3FDAF8B53DC9FC7E3F5F
:10D82000BBD7B23DA4057F3F80B6AF3D580E7F3FCA
:10D830002B95AC3DE4167F3FBA73A93D491F7F3F4E
:10D840003052A63D87277F3F8C30A33D9D2F7F3FE1
:10D85000CF0EA03D8D377F3FF9EC9C3D543F7F3F7D
:10D860000ACB993DF4467F3F05A9963D6D4E7F3F1B
:10D87000E786933DBF557F3FB464903DE95C7F3FB1
:10D880006A428D3DEC637F3F0A208A3DC76A7F3F35
:10D8900094FD863D7B717F3F0ADB833D08787F3FA7
:10D8A0006CB8803D6D7E7F3F742B7B3DAB847F3FAA
:10D8B000E9E5743DC28A7F3F38A06E3DB1907F3F5D
:10D8C000625A683D78967F3F6814623D189C7F3F9E
:10D8D0004CCE5B3D91A17F3F0E88553DE3A67F3F37
:10D8E000AF414F3D0DAC7F3F2FFB483D0FB17F3F18
:10D8F00091B4423DEAB57F3FD56D3C3D9EBA7F3F36
:10D90000FC26363D2ABF7F3F07E02F3D8FC37F3F78
:10D91000F698293DCCC77F3FCC51233DE2CB7F3FDA
:10D92000880A1D3DD1CF7F3F2CC3163D98D37F3F42
:10D93000B87B103D37D77F3F2F340A3DAFDA7F3FAA
:10D9400090EC033D00DE7F3FB949FB3C29E17F3F7E
:10D950002DBAEE3C2BE47F3F7B2AE23C05E77F3F7C
:10D96000A69AD53CB8E97F3FB00AC93C43EC7F3F5B
:10D970009B7ABC3CA7EE7F3F69EAAF3CE3F07F3F78
:10D980001C5AA33CF8F27F3FB6C9963CE6F47F3FB1
:10D9900038398A3CACF67F3F4B517B3C4AF87F3F9D
:10D9A0000030623CC1F97F3F900E493C11FB7F3F44
:10D9B00002ED2F3C39FC7F3F59CB163C39FD7F3FB0
:10D9C0003053FB3B13FE7F3F890FC93BC4FE7F3FB3
:10D9D000C1CB963B4EFF7F3FC70F493BB1FF7F3F17
:10D9E000D40FC93AECFF7F3F000000000000803FE9
:10D9F000D40FC9BAECFF7F3FC70F49BBB1FF7F3FD0
:10DA0000C1CB96BB4EFF7F3F890FC9BBC4FE7F3F92
:10DA10003053FBBB13FE7F3F59CB16BC39FD7F3F14
:10DA200002ED2FBC39FC7F3F900E49BC11FB7F3FBC
:10DA3000003062BCC1F97F3F4B517BBC4AF87F3F4D
:10DA400038398ABCACF67F3FB6C996BCE6F47F3F56
:10DA50001C5AA3BCF8F27F3F69EAAFBCE3F07F3FFA
:10DA60009B7ABCBCA7EE7F3FB00AC9BC43EC7F3FAA
:10DA7000A69AD5BCB8E97F3F7B2AE2BC05E77F3F89
:10DA80002DBAEEBC2BE47F3FB949FBBC29E17F3FB7
:10DA900090EC03BD00DE7F3F2F340ABDAFDA7F3F3D
:10DAA000B87B10BD37D77F3F2CC316BD98D37F3FBF
:10DAB000880A1DBDD1CF7F3FCC5123BDE2CB7F3F34
:10DAC000F69829BDCCC77F3F07E02FBD8FC37F3FAE
:10DAD000FC2636BD2ABF7F3FD56D3CBD9EBA7F3F39
:10DAE00091B442BDEAB57F3F2FFB48BD0FB17F3FE8
:10DAF000AF414FBD0DAC7F3F0E8855BDE3A67F3FC4
:10DB00004CCE5BBD91A17F3F681462BD189C7F3FE6
:10DB1000625A68BD78967F3F38A06EBDB1907F3F56
:10DB2000E9E574BDC28A7F3F742B7BBDAB847F3F28
:10DB30006CB880BD6D7E7F3F0ADB83BD08787F3F78
:10DB400094FD86BD7B717F3F0A208ABDC76A7F3FF7
:10DB50006A428DBDEC637F3FB46490BDE95C7F3F5A
:10DB6000E78693BDBF557F3F05A996BD6D4E7F3FAC
:10DB70000ACB99BDF4467F3FF9EC9CBD543F7F3FF3
:10DB8000CF0EA0BD8D377F3F8C30A3BD9D2F7F3F33
:10DB90003052A6BD87277F3FBA73A9BD491F7F3F7B
:10DBA0002B95ACBDE4167F3F80B6AFBD580E7F3FCE
:10DBB000BBD7B2BDA4057F3FDAF8B5BDC9FC7E3F37
:10DBC000DD19B9BDC7F37E3FC33ABCBD9DEA7E3FB8
:10DBD0008D5BBFBD4CE17E3F397CC2BDD4D77E3F5B
:10DBE000C69CC5BD34CE7E3F36BDC8BD6DC47E3F2C
:10DBF00086DDCBBD7FBA7E3FB7FDCEBD69B07E3F2F
:10DC0000C81DD2BD2DA67E3FB93DD5BDC99B7E3F67
:10DC1000895DD8BD3D917E3F377DDBBD8B867E3FE4
:10DC2000C49CDEBDB17B7E3F2EBCE1BDB0707E3FAB
:10DC300076DBE4BD88657E3F9AFAE7BD385A7E3FC1
:10DC40009A19EBBDC14E7E3F7638EEBD23437E3F31
:10DC50002E57F1BD5E377E3FC075F4BD722B7E3FFF
:10DC60002C94F7BD5E1F7E3F73B2FABD24137E3F36
:10DC700092D0FDBDC2067E3F457700BE38FA7D3F9B
:10DC80002E0602BE88ED7D3F029503BEB1E07D3FCA
:10DC9000C22305BEB2D37D3F6EB206BE8CC67D3FA9
:10DCA000054108BE40B97D3F86CF09BECCAB7D3F64
:10DCB000F35D0BBE309E7D3F4AEC0CBE6E907D3F07
:10DCC0008B7A0EBE85827D3FB70810BE74747D3F8F
:10DCD000CC9611BE3D667D3FCA2413BEDE577D3F04
:10DCE000B2B214BE59497D3F834016BEAC3A7D3F67
:10DCF0003DCE17BED82B7D3FE05B19BEDD1C7D3FBE
:10DD00006BE91ABEBC0D7D3FDE761CBE73FE7C3F08
:10DD100038041EBE03EF7C3F7B911FBE6CDF7C3F4F
:10DD2000A51E21BEAECF7C3FB6AB22BEC9BF7C3F95
:10DD3000AD3824BEBDAF7C3F8CC525BE8A9F7C3FDD
:10DD4000515227BE318F7C3FFCDE28BEB07E7C3F27
:10DD50008D6B2ABE086E7C3F04F82BBE3A5D7C3F7B
:10DD600061842DBE444C7C3FA2102FBE283B7C3FDB
:10DD7000C99C30BEE5297C3FD42832BE7A187C3F4E
:10DD8000C4B433BEE9067C3F984035BE31F57B3FD5
:10DD900050CC36BE53E37B3FEC5738BE4DD17B3F72
:10DDA0006CE339BE20BF7B3FCF6E3BBECDAC7B3F2B
:10DDB00015FA3CBE539A7B3F3E853EBEB2877B3F01
:10DDC000491040BEEA747B3F379B41BEFC617B3FFC
:10DDD000072643BEE74E7B3FB9B044BEAB3B7B3F1B
:10DDE0004D3B46BE48287B3FC2C547BEBE147B3F65
:10DDF000185049BE0E017B3F4FDA4ABE37ED7A3FDD
:10DE000067644CBE3AD97A3F60EE4DBE16C57A3F84
:10DE100038784FBECBB07A3FF10151BE599C7A3F62
:10DE2000898B52BEC1877A3F011554BE02737A3F77
:10DE3000589E55BE1C5E7A3F8F2757BE10497A3FC9
:10DE4000A4B058BEDD337A3F97395ABE841E7A3F5C
:10DE50006AC25BBE04097A3F1A4B5DBE5EF3793F2E
:10DE6000A8D35EBE91DD793F135C60BE9DC7793F4C
:10DE70005CE461BE83B1793F836C63BE439B793FB1
:10DE800086F464BEDC84793F667C66BE4E6E793F64
:10DE9000220468BE9A57793FBA8B69BEC040793F69
:10DEA0002F136BBEBF29793F7F9A6CBE9812793FC2
:10DEB000AB216EBE4AFB783FB2A86FBED6E3783F77
:10DEC000942F71BE3BCC783F51B672BE7BB4783F85
:10DED000E83C74BE939C783F5AC375BE8684783FF5
:10DEE000A64977BE526C783FCCCF78BEF853783FC6
:10DEF000CB557ABE773B783FA4DB7BBED122783FFF
:10DF000056617DBE040A783FE1E67EBE10F1773FA0
:10DF1000223680BEF7D7773FC0F880BEB7BE773FC6
:10DF20004ABB81BE51A5773FC07D82BEC58B773F7E
:10DF3000224083BE1372773F700284BE3A58773F07
:10DF4000AAC484BE3C3E773FCE8685BE1724773F69
:10DF5000DF4886BECC09773FDA0A87BE5BEF763FA3
:10DF6000C1CC87BEC4D4763F938E88BE07BA763FB5
:10DF7000505089BE249F763FF8118ABE1B84763F9D
:10DF80008AD38ABEEC68763F07958BBE974D763F65
:10DF90006E568CBE1B32763FC0178DBE7A16763F0A
:10DFA000FCD88DBEB3FA753F229A8EBEC6DE753F91
:10DFB000325B8FBEB3C2753F2C1C90BE7BA6753FF3
:10DFC00010DD90BE1C8A753FDD9D91BE976D753F3B
:10DFD000945E92BEED50753F351F93BE1D34753F64
:10DFE000BFDF93BE2717753F31A094BE0BFA743F75
:10DFF0008D6095BEC9DC743FD22096BE62BF743F6F
:10E0000000E196BED5A1743F17A197BE2284743F4C
:10E01000166198BE4966743FFE2099BE4B48743F16
:10E02000CEE099BE272A743F86A09ABEDD0B743FCE
:10E0300027609BBE6EED733FAF1F9CBED9CE733F72
:10E0400020DF9CBE1FB0733F789E9DBE3F91733F03
:10E05000B85D9EBE3972733FDF1C9FBE0E53733F87
:10E06000EEDB9FBEBE33733FE59AA0BE4714733FFD
:10E07000C259A1BEACF4723F8718A2BEEBD4723F66
:10E0800033D7A2BE04B5723FC595A3BEF894723FC4
:10E090003F54A4BEC774723F9F12A5BE7054723F16
:10E0A000E5D0A5BEF433723F128FA6BE5213723F65
:10E0B000254DA7BE8CF2713F1F0BA8BE9FD1713FAB
:10E0C000FEC8A8BE8EB0713FC486A9BE578F713FEF
:10E0D0006F44AABEFB6D713F0102ABBE7A4C713F2B
:10E0E00077BFABBED42A713FD47CACBE0809713F68
:10E0F000153AADBE17E7703F3CF7ADBE02C5703FA5
:10E1000049B4AEBEC6A2703F3A71AFBE6680703FE2
:10E11000102EB0BEE15D703FCBEAB0BE373B703F22
:10E120006BA7B1BE6718703FEF63B2BE73F56F3F68
:10E130005820B3BE5AD26F3FA5DCB3BE1BAF6F3FB2
:10E14000D698B4BEB88B6F3FEC54B5BE30686F3F05
:10E15000E610B6BE83446F3FC3CCB6BEB0206F3F5F
:10E160008488B7BEBAFC6E3F2A44B8BE9ED86E3FC4
:10E17000B2FFB8BE5DB46E3F1EBBB9BEF88F6E3F36
:10E180006E76BABE6D6B6E3FA031BBBEBE466E3FB3
:10E19000B6ECBBBEEB216E3FAFA7BCBEF2FC6D3F41
:10E1A0008B62BDBED5D76D3F4A1DBEBE93B26D3FDB
:10E1B000EBD7BEBE2D8D6D3F6F92BFBEA1676D3F89
:10E1C000D54CC0BEF2416D3F1E07C1BE1D1C6D3F48
:10E1D00048C1C1BE24F66C3F557BC2BE07D06C3F20
:10E1E0004435C3BEC5A96C3F15EFC3BE5E836C3F0B
:10E1F000C8A8C4BED45C6C3F5C62C5BE24366C3F0C
:10E20000D21BC6BE500F6C3F29D5C6BE58E86B3F27
:10E21000628EC7BE3BC16B3F7C47C8BEFB996B3F5C
:10E220007700C9BE95726B3F53B9C9BE0C4B6B3FAB
:10E230001072CABE5E236B3FAE2ACBBE8CFB6A3F18
:10E240002CE3CBBE95D36A3F8B9BCCBE7BAB6A3FA6
:10E25000CA53CDBE3C836A3FEA0BCEBED95A6A3F51
:10E26000EAC3CEBE52326A3FCA7BCFBEA7096A3F1D
:10E270008A33D0BED7E0693F2AEBD0BEE4B7693F0E
:10E28000AAA2D1BECC8E693F095AD2BE9165693F20
:10E290004811D3BE323C693F67C8D3BEAE12693F56
:10E2A000647FD4BE07E9683F4136D5BE3CBF683FB6
:10E2B000FDECD5BE4C95683F99A3D6BE396B683F3F
:10E2C000135AD7BE0341683F6B10D8BEA816683FEB
:10E2D000A3C6D8BE2AEC673FB97CD9BE87C1673FC9
:10E2E000AD32DABEC196673F80E8DABED86B673FD1
:10E2F000319EDBBECA40673FC153DCBE9915673F04
:10E300002E09DDBE45EA663F79BEDDBECCBE663F66
:10E31000A273DEBE3093663FA928DFBE7167663FF9
:10E320008DDDDFBE8E3B663F4F92E0BE880F663FBD
:10E33000EE46E1BE5EE3653F6AFBE1BE10B7653FB6
:10E34000C4AFE2BEA08A653FFA63E3BE0B5E653FE1
:10E350000E18E4BE5431653FFECBE4BE7904653F40
:10E36000CB7FE5BE7BD7643F7533E6BE59AA643FD9
:10E37000FBE6E6BE147D643F5D9AE7BEAC4F643FAA
:10E380009C4DE8BE2122643FB700E9BE73F4633FB1
:10E39000AEB3E9BEA1C6633F8166EABEAC98633FF7
:10E3A0003019EBBE956A633FBBCBEBBE5A3C633F73
:10E3B000217EECBEFC0D633F6330EDBE7BDF623F30
:10E3C00080E2EDBED7B0623F7994EEBE1082623F2C
:10E3D0004C46EFBE2653623FFBF7EFBE1A24623F66
:10E3E00085A9F0BEEAF4613FEA5AF1BE98C5613FE3
:10E3F000290CF2BE2296613F43BDF2BE8A66613FA0
:10E40000386EF3BED036613F071FF4BEF206613F9F
:10E41000B1CFF4BEF2D6603F3580F5BECFA6603FE7
:10E420009330F6BE8976603FCBE0F6BE2146603F72
:10E43000DC90F7BE9615603FC840F8BEE9E45F3F48
:10E440008EF0F8BE19B45F3F2DA0F9BE27835F3F61
:10E45000A54FFABE12525F3FF7FEFABEDB205F3FC8
:10E4600022AEFBBE81EF5E3F275DFCBE05BE5E3F78
:10E47000040CFDBE678C5E3FBBBAFDBEA65A5E3F74
:10E480004A69FEBEC3285E3FB217FFBEBEF65D3FBF
:10E49000F3C5FFBE97C45D3F063A00BF4D925D3F96
:10E4A000FF9000BFE15F5D3FE4E700BF532D5D3F9C
:10E4B000B53E01BFA3FA5C3F739501BFD1C75C3F76
:10E4C0001CEC01BFDD945C3FB14202BFC7615C3F01
:10E4D000329902BF8E2E5C3F9FEF02BF34FB5B3F41
:10E4E000F84503BFB8C75B3F3D9C03BF1A945B3F31
:10E4F0006DF203BF5A605B3F894804BF792C5B3FD4
:10E50000919E04BF75F85A3F84F404BF50C45A3F2B
:10E51000624A05BF09905A3F2CA005BFA05B5A3F35
:10E52000E2F505BF16275A3F824B06BF6AF2593FF4
:10E530000EA106BF9CBD593F86F606BFAD88593F68
:10E54000E84B07BF9C53593F36A107BF6A1E593F8E
:10E550006FF607BF17E9583F924B08BFA1B3583F6A
:10E56000A1A008BF0B7E583F9BF508BF5348583FFA
:10E570007F4A09BF7912583F4E9F09BF7FDC573F42
:10E5800009F409BF63A6573FAD480ABF2670573F3D
:10E590003D9D0ABFC739573FB7F10ABF4803573FF0
:10E5A0001C460BBFA7CC563F6B9A0BBFE595563F59
:10E5B000A5EE0BBF025F563FC9420CBFFE27563F78
:10E5C000D7960CBFD9F0553FD0EA0CBF93B9553F51
:10E5D000B33E0DBF2C82553F81920DBFA44A553FDB
:10E5E00038E60DBFFB12553FDA390EBF31DB543F21
:10E5F000658D0EBF47A3543FDBE00EBF3B6B543F1E
:10E600003B340FBF0F33543F84870FBFC3FA533FD0
:10E61000B8DA0FBF55C2533FD52D10BFC789533F3E
:10E62000DC8010BF1851533FCDD310BF4918533F62
:10E63000A72611BF59DF523F6B7911BF49A6523F40
:10E6400019CC11BF186D523FB01E12BFC633523FD6
:10E65000307112BF54FA513F9AC312BFC2C0513F2A
:10E66000EE1513BF1087513F2A6813BF3D4D513F30
:10E6700050BA13BF4A13513F5F0C14BF37D9503FF4
:10E68000585E14BF039F503F39B014BFAF64503F72
:10E69000040215BF3B2A503FB75315BFA8EF4F3FA9
:10E6A00054A515BFF4B44F3FD9F615BF1F7A4F3F9D
:10E6B000474816BF2B3F4F3F9F9916BF17044F3F48
:10E6C000DFEA16BFE4C84E3F073C17BF908D4E3FB0
:10E6D000188D17BF1C524E3F12DE17BF89164E3FD2
:10E6E000F52E18BFD5DA4D3FC07F18BF029F4D3FB2
:10E6F00073D018BF10634D3F0F2119BFFD264D3F4A
:10E70000947119BFCBEA4C3F00C219BF79AE4C3FA0
:10E7100055121ABF08724C3F93621ABF78354C3FAE
:10E72000B8B21ABFC7F84B3FC6021BBFF8BB4B3F7E
:10E73000BB521BBF097F4B3F99A21BBFFA414B3F06
:10E740005FF21BBFCC044B3F0C421CBF7FC74A3F4C
:10E75000A2911CBF138A4A3F1FE11CBF874C4A3F4E
:10E7600084301DBFDC0E4A3FD17F1DBF12D1493F0F
:10E7700006CF1DBF2993493F221E1EBF2155493F89
:10E78000266D1EBFFA16493F12BC1EBFB3D8483FC4
:10E79000E50A1FBF4E9A483F9F591FBFCA5B483FBB
:10E7A00041A81FBF271D483FCBF61FBF65DE473F6F
:10E7B0003B4520BF849F473F939320BF8560473FE1
:10E7C000D2E120BF6721473FF92F21BF2AE2463F10
:10E7D000067E21BFCEA2463FFBCB21BF5463463FFE
:10E7E000D71922BFBB23463F996722BF03E4453FA9
:10E7F00043B522BF2DA4453FD30223BF3964453F13
:10E800004B5023BF2624453FA99D23BFF5E3443F3A
:10E81000EEEA23BFA5A3443F1A3824BF3763443F21
:10E820002C8524BFAB22443F25D224BF00E2433FC6
:10E83000041F25BF38A1433FCB6B25BF5160433F29
:10E8400077B825BF4C1F433F0A0526BF29DE423F4C
:10E85000845126BFE89C423FE39D26BF895B423F2F
:10E860002AEA26BF0B1A423F563627BF70D8413FCF
:10E87000688227BFB796413F61CE27BFE154413F31
:10E88000401A28BFEC12413F056628BFDAD0403F4E
:10E89000B0B128BFA98E403F41FD28BF5C4C403F2E
:10E8A000B84829BFF009403F159429BF67C73F3FCB
:10E8B00057DF29BFC0843F3F802A2ABFFC413F3F2A
:10E8C0008E752ABF1BFF3E3F82C02ABF1BBC3E3F46
:10E8D0005B0B2BBFFF783E3F1B562BBFC5353E3F22
:10E8E000BFA02BBF6EF23D3F4AEB2BBFF9AE3D3FC1
:10E8F000B9352CBF676B3D3F0F802CBFB8273D3F1C
:10E9000049CA2CBFECE33C3F69142DBF03A03C3F38
:10E910006F5E2DBFFC5B3C3F59A82DBFD9173C3F14
:10E9200029F22DBF98D33B3FDE3B2EBF3B8F3B3FB1
:10E9300078852EBFC14A3B3FF7CE2EBF29063B3F0D
:10E940005B182FBF75C13A3FA5612FBFA47C3A3F2A
:10E95000D3AA2FBFB7373A3FE6F32FBFACF2393F08
:10E96000DE3C30BF85AD393FBB8530BF4268393FA3
:10E970007CCE30BFE122393F221731BF65DD383F01
:10E98000AD5F31BFCB97383F1DA831BF1652383F1E
:10E9900071F031BF430C383FAA3832BF55C6373FFC
:10E9A000C78032BF4A80373FC9C832BF233A373F9A
:10E9B000AF1033BFDFF3363F7A5833BF7FAD363FFA
:10E9C00029A033BF0467363FBCE733BF6C20363F16
:10E9D000342F34BFB8D9353F8F7634BFE792353FF7
:10E9E000CFBD34BFFB4B353FF30435BFF304353F98
:10E9F000FB4B35BFCFBD343FE79235BF8F76343FF9
:10EA0000B8D935BF342F343F6C2036BFBCE7333F15
:10EA1000046736BF29A0333F7FAD36BF7A58333FF6
:10EA2000DFF336BFAF10333F233A37BFC9C8323F99
:10EA30004A8037BFC780323F55C637BFAA38323FFA
:10EA4000430C38BF71F0313F165238BF1DA8313F1B
:10EA5000CB9738BFAD5F313F65DD38BF2217313FFF
:10EA6000E12239BF7CCE303F426839BFBB85303FA1
:10EA700085AD39BFDE3C303FACF239BFE6F32F3F06
:10EA8000B7373ABFD3AA2F3FA47C3ABFA5612F3F27
:10EA900075C13ABF5B182F3F29063BBFF7CE2E3F0B
:10EAA000C14A3BBF78852E3F3B8F3BBFDE3B2E3FAD
:10EAB00098D33BBF29F22D3FD9173CBF59A82D3F12
:10EAC000FC5B3CBF6F5E2D3F03A03CBF69142D3F34
:10EAD000ECE33CBF49CA2C3FB8273DBF0F802C3F19
:10EAE000676B3DBFB9352C3FF9AE3DBF4AEB2B3FBD
:10EAF0006EF23DBFBFA02B3FC5353EBF1B562B3F1F
:10EB0000FF783EBF5B0B2B3F1BBC3EBF82C02A3F42
:10EB10001BFF3EBF8E752A3FFC413FBF802A2A3F24
:10EB2000C0843FBF57DF293F67C73FBF1594293FC8
:10EB3000F00940BFB848293F5C4C40BF41FD283F29
:10EB4000A98E40BFB0B1283FDAD040BF0566283F4C
:10EB5000EC1241BF401A283FE15441BF61CE273F2C
:10EB6000B79641BF6882273F70D841BF5636273FCE
:10EB70000B1A42BF2AEA263F895B42BFE39D263F2C
:10EB8000E89C42BF8451263F29DE42BF0A05263F4A
:10EB90004C1F43BF77B8253F516043BFCB6B253F28
:10EBA00038A143BF041F253F00E243BF25D2243FC5
:10EBB000AB2244BF2C85243F376344BF1A38243F1F
:10EBC000A5A344BFEEEA233FF5E344BFA99D233F3D
:10EBD000262445BF4B50233F396445BFD302233F12
:10EBE0002DA445BF43B5223F03E445BF9967223FAB
:10EBF000BB2346BFD719223F546346BFFBCB213FFF
:10EC0000CEA246BF067E213F2AE246BFF92F213F12
:10EC1000672147BFD2E1203F856047BF9393203FE4
:10EC2000849F47BF3B45203F65DE47BFCBF61F3F74
:10EC3000271D48BF41A81F3FCA5B48BF9F591F3FC0
:10EC40004E9A48BFE50A1F3FB3D848BF12BC1E3FCB
:10EC5000FA1649BF266D1E3F215549BF221E1E3F91
:10EC6000299349BF06CF1D3F12D149BFD17F1D3F18
:10EC7000DC0E4ABF84301D3F874C4ABF1FE11C3F5A
:10EC8000138A4ABFA2911C3F7FC74ABF0C421C3F58
:10EC9000CC044BBF5FF21B3FFA414BBF99A21B3F15
:10ECA000097F4BBFBB521B3FF8BB4BBFC6021B3F8C
:10ECB000C7F84BBFB8B21A3F78354CBF93621A3FC2
:10ECC00008724CBF55121A3F79AE4CBF00C2193FB3
:10ECD000CBEA4CBF9471193FFD264DBF0F21193F60
:10ECE00010634DBF73D0183F029F4DBFC07F183FC8
:10ECF000D5DA4DBFF52E183F89164EBF12DE173FED
:10ED00001C524EBF188D173F908D4EBF073C173FCA
:10ED1000E4C84EBFDFEA163F17044FBF9F99163F66
:10ED20002B3F4FBF4748163F1F7A4FBFD9F6153FBD
:10ED3000F4B44FBF54A5153FA8EF4FBFB753153FCD
:10ED40003B2A50BF0402153FAF6450BF39B0143F97
:10ED5000039F50BF585E143F37D950BF5F0C143F1C
:10ED60004A1351BF50BA133F3D4D51BF2A68133F5C
:10ED7000108751BFEE15133FC2C051BF9AC3123F57
:10ED800054FA51BF3071123FC63352BFB01E123F0A
:10ED9000186D52BF19CC113F49A652BF6B79113F74
:10EDA00059DF52BFA726113F491853BFCDD3103F9B
:10EDB000185153BFDC80103FC78953BFD52D103F7A
:10EDC00055C253BFB8DA0F3FC3FA53BF84870F3F12
:10EDD0000F3354BF3B340F3F3B6B54BFDBE00E3F60
:10EDE00047A354BF658D0E3F31DB54BFDA390E3F68
:10EDF000FB1255BF38E60D3FA44A55BF81920D3F27
:10EE00002C8255BFB33E0D3F93B955BFD0EA0C3F9E
:10EE1000D9F055BFD7960C3FFE2756BFC9420C3FCD
:10EE2000025F56BFA5EE0B3FE59556BF6B9A0B3FB1
:10EE3000A7CC56BF1C460B3F480357BFB7F10A3F4C
:10EE4000C73957BF3D9D0A3F267057BFAD480A3F9F
:10EE500063A657BF09F4093F7FDC57BF4E9F093FA8
:10EE6000791258BF7F4A093F534858BF9BF5083F66
:10EE70000B7E58BFA1A0083FA1B358BF924B083FDB
:10EE800017E958BF6FF6073F6A1E59BF36A1073F03
:10EE90009C5359BFE84B073FAD8859BF86F6063FE4
:10EEA0009CBD59BF0EA1063F6AF259BF824B063F77
:10EEB00016275ABFE2F5053FA05B5ABF2CA0053FBD
:10EEC00009905ABF624A053F50C45ABF84F4043FB8
:10EED00075F85ABF919E043F792C5BBF8948043F67
:10EEE0005A605BBF6DF2033F1A945BBF3D9C033FCA
:10EEF000B8C75BBFF845033F34FB5BBF9FEF023FE2
:10EF00008E2E5CBF3299023FC7615CBFB142023FA7
:10EF1000DD945CBF1CEC013FD1C75CBF7395013F22
:10EF2000A3FA5CBFB53E013F532D5DBFE4E7003F50
:10EF3000E15F5DBFFF90003F4D925DBF063A003F2D
:10EF400097C45DBFF3C5FF3EBEF65DBFB217FF3E7F
:10EF5000C3285EBF4A69FE3EA65A5EBFBBBAFD3EED
:10EF6000678C5EBF040CFD3E05BE5EBF275DFC3EA8
:10EF700081EF5EBF22AEFB3EDB205FBFF7FEFA3EB5
:10EF800012525FBFA54FFA3E27835FBF2DA0F93E07
:10EF900019B45FBF8EF0F83EE9E45FBFC840F83EA9
:10EFA000961560BFDC90F73E214660BFCBE0F63E91
:10EFB000897660BF9330F63ECFA660BF3580F53EC0
:10EFC000F2D660BFB1CFF43EF20661BF071FF43E38
:10EFD000D03661BF386EF33E8A6661BF43BDF23EF4
:10EFE000229661BF290CF23E98C561BFEA5AF13EF4
:10EFF000EAF461BF85A9F03E1A2462BFFBF7EF3E39
:10F00000265362BF4C46EF3E108262BF7994EE3EBB
:10F01000D7B062BF80E2ED3E7BDF62BF6330ED3E82
:10F02000FC0D63BF217EEC3E5A3C63BFBBCBEB3E85
:10F03000956A63BF3019EB3EAC9863BF8166EA3EC8
:10F04000A1C663BFAEB3E93E73F463BFB700E93E48
:10F05000212264BF9C4DE83EAC4F64BF5D9AE73E01
:10F06000147D64BFFBE6E63E59AA64BF7533E63EF5
:10F070007BD764BFCB7FE53E790465BFFECBE43E22
:10F08000543165BF0E18E43E0B5E65BFFA63E33E84
:10F09000A08A65BFC4AFE23E10B765BF6AFBE13E20
:10F0A0005EE365BFEE46E13E880F66BF4F92E03EED
:10F0B0008E3B66BF8DDDDF3E716766BFA928DF3EF0
:10F0C000309366BFA273DE3ECCBE66BF79BEDD3E26
:10F0D00045EA66BF2E09DD3E991567BFC153DC3E88
:10F0E000CA4067BF319EDB3ED86B67BF80E8DA3E1F
:10F0F000C19667BFAD32DA3E87C167BFB97CD93EE2
:10F100002AEC67BFA3C6D83EA81668BF6B10D83ECE
:10F11000034168BF135AD73E396B68BF99A3D63EE7
:10F120004C9568BFFDECD53E3CBF68BF4136D53E2F
:10F1300007E968BF647FD43EAE1269BF67C8D33E9B
:10F14000323C69BF4811D33E916569BF095AD23E2E
:10F15000CC8E69BFAAA2D13EE4B769BF2AEBD03EEC
:10F16000D7E069BF8A33D03EA7096ABFCA7BCF3ECA
:10F1700052326ABFEAC3CE3ED95A6ABFEA0BCE3ECC
:10F180003C836ABFCA53CD3E7BAB6ABF8B9BCC3EF0
:10F1900095D36ABF2CE3CB3E8CFB6ABFAE2ACB3E35
:10F1A0005E236BBF1072CA3E0C4B6BBF53B9C93E96
:10F1B00095726BBF7700C93EFB996BBF7C47C83E19
:10F1C0003BC16BBF628EC73E58E86BBF29D5C63EB8
:10F1D000500F6CBFD21BC63E24366CBF5C62C53E6E
:10F1E000D45C6CBFC8A8C43E5E836CBF15EFC33E41
:10F1F000C5A96CBF4435C33E07D06CBF557BC23E2A
:10F2000024F66CBF48C1C13E1D1C6DBF1E07C13E28
:10F21000F2416DBFD54CC03EA1676DBF6F92BF3E3E
:10F220002D8D6DBFEBD7BE3E93B26DBF4A1DBE3E66
:10F23000D5D76DBF8B62BD3EF2FC6DBFAFA7BC3EA4
:10F24000EB216EBFB6ECBB3EBE466EBFA031BB3EEF
:10F250006D6B6EBF6E76BA3EF88F6EBF1EBBB93E49
:10F260005DB46EBFB2FFB83E9ED86EBF2A44B83EB2
:10F27000BAFC6EBF8488B73EB0206FBFC3CCB63E29
:10F2800083446FBFE610B63E30686FBFEC54B53EA6
:10F29000B88B6FBFD698B43E1BAF6FBFA5DCB33E33
:10F2A0005AD26FBF5820B33E73F56FBFEF63B23EC3
:10F2B000671870BF6BA7B13E373B70BFCBEAB03E5B
:10F2C000E15D70BF102EB03E668070BF3A71AF3EF8
:10F2D000C6A270BF49B4AE3E02C570BF3CF7AD3E9A
:10F2E00017E770BF153AAD3E080971BFD47CAC3E3C
:10F2F000D42A71BF77BFAB3E7A4C71BF0102AB3EDF
:10F30000FB6D71BF6F44AA3E578F71BFC486A93E83
:10F310008EB071BFFEC8A83E9FD171BF1F0BA83E23
:10F320008CF271BF254DA73E521372BF128FA63EBD
:10F33000F43372BFE5D0A53E705472BF9F12A53E54
:10F34000C77472BF3F54A43EF89472BFC595A33EE4
:10F3500004B572BF33D7A23EEBD472BF8718A23E6A
:10F36000ACF472BFC259A13E471473BFE59AA03EE8
:10F37000BE3373BFEEDB9F3E0E5373BFDF1C9F3E59
:10F38000397273BFB85D9E3E3F9173BF789E9D3EBC
:10F390001FB073BF20DF9C3ED9CE73BFAF1F9C3E12
:10F3A0006EED73BF27609B3EDD0B74BF86A09A3E57
:10F3B000272A74BFCEE0993E4B4874BFFE20993E89
:10F3C000496674BF1661983E228474BF17A1973EA8
:10F3D000D5A174BF00E1963E62BF74BFD220963EB5
:10F3E000C9DC74BF8D60953E0BFA74BF31A0943EAA
:10F3F000271775BFBFDF933E1D3475BF351F933E82
:10F40000ED5075BF945E923E976D75BFDD9D913E48
:10F410001C8A75BF10DD903E7BA675BF2C1C903EEC
:10F42000B3C275BF325B8F3EC6DE75BF229A8E3E79
:10F43000B3FA75BFFCD88D3E7A1676BFC0178D3EE5
:10F440001B3276BF6E568C3E974D76BF07958B3E2E
:10F45000EC6876BF8AD38A3E1B8476BFF8118A3E59
:10F46000249F76BF5050893E07BA76BF938E883E60
:10F47000C4D476BFC1CC873E5BEF76BFDA0A873E45
:10F48000CC0977BFDF48863E172477BFCE86853EFE
:10F490003C3E77BFAAC4843E3A5877BF7002843E90
:10F4A000137277BF2240833EC58B77BFC07D823EFB
:10F4B00051A577BF4ABB813EB7BE77BFC0F8803E3B
:10F4C000F7D777BF2236803E10F177BFE1E67E3E68
:10F4D000040A78BF56617D3ED12278BFA4DB7B3E13
:10F4E000773B78BFCB557A3EF85378BFCCCF783E88
:10F4F000526C78BFA649773E868478BF5AC3753E62
:10F50000939C78BFE83C743E7BB478BF51B6723EA2
:10F510003BCC78BF942F713ED6E378BFB2A86F3E44
:10F520004AFB78BFAB216E3E981279BF7F9A6C3E42
:10F53000BF2979BF2F136B3EC04079BFBA8B693E9C
:10F540009A5779BF2204683E4E6E79BF667C663E4C
:10F55000DC8479BF86F4643E439B79BF836C633E51
:10F5600083B179BF5CE4613E9DC779BF135C603EA7
:10F5700091DD79BFA8D35E3E5EF379BF1A4B5D3E45
:10F5800004097ABF6AC25B3E841E7ABF97395A3E2D
:10F59000DD337ABFA4B0583E10497ABF8F27573E5B
:10F5A0001C5E7ABF589E553E02737ABF0115543EC9
:10F5B000C1877ABF898B523E599C7ABFF101513E77
:10F5C000CBB07ABF38784F3E16C57ABF60EE4D3E5D
:10F5D0003AD97ABF67644C3E37ED7ABF4FDA4A3E7C
:10F5E0000E017BBF1850493EBE147BBFC2C5473ECB
:10F5F00048287BBF4D3B463EAB3B7BBFB9B0443E4A
:10F60000E74E7BBF0726433EFC617BBF379B413EF5
:10F61000EA747BBF4910403EB2877BBF3E853E3EC9
:10F62000539A7BBF15FA3C3ECDAC7BBFCF6E3B3EC1
:10F6300020BF7BBF6CE3393E4DD17BBFEC57383EDA
:10F6400053E37BBF50CC363E31F57BBF9840353E0F
:10F65000E9067CBFC4B4333E7A187CBFD428323E5E
:10F66000E5297CBFC99C303E283B7CBFA2102F3EC1
:10F67000444C7CBF61842D3E3A5D7CBF04F82B3E38
:10F68000086E7CBF8D6B2A3EB07E7CBFFCDE283EC0
:10F69000318F7CBF5152273E8A9F7CBF8CC5253E4F
:10F6A000BDAF7CBFAD38243EC9BF7CBFB6AB223EE8
:10F6B000AECF7CBFA51E213E6CDF7CBF7B911F3E81
:10F6C00003EF7CBF38041E3E73FE7CBFDE761C3E1B
:10F6D000BC0D7DBF6BE91A3EDD1C7DBFE05B193EB2
:10F6E000D82B7DBF3DCE173EAC3A7DBF8340163E42
:10F6F00059497DBFB2B2143EDE577DBFCA24133EC6
:10F700003D667DBFCC96113E74747DBFB708103E38
:10F7100085827DBF8B7A0E3E6E907DBF4AEC0C3E9B
:10F72000309E7DBFF35D0B3ECCAB7DBF86CF093EE7
:10F7300040B97DBF0541083E8CC67DBF6EB2063E16
:10F74000B2D37DBFC223053EB1E07DBF0295033E2B
:10F7500088ED7DBF2E06023E38FA7DBF4577003E1C
:10F76000C2067EBF92D0FD3D24137EBF73B2FA3D28
:10F770005E1F7EBF2C94F73D722B7EBFC075F43D9B
:10F780005E377EBF2E57F13D23437EBF7638EE3D78
:10F79000C14E7EBF9A19EB3D385A7EBF9AFAE73DBB
:10F7A00088657EBF76DBE43DB0707EBF2EBCE13D58
:10F7B000B17B7EBFC49CDE3D8B867EBF377DDB3D4B
:10F7C0003D917EBF895DD83DC99B7EBFB93DD53D8A
:10F7D0002DA67EBFC81DD23D69B07EBFB7FDCE3D10
:10F7E0007FBA7EBF86DDCB3D6DC47EBF36BDC83DD2
:10F7F00034CE7EBFC69CC53DD4D77EBF397CC23DCA
:10F800004CE17EBF8D5BBF3D9DEA7EBFC33ABC3DF0
:10F81000C7F37EBFDD19B93DC9FC7EBFDAF8B53D3F
:10F82000A4057FBFBBD7B23D580E7FBF80B6AF3DAA
:10F83000E4167FBF2B95AC3D491F7FBFBA73A93D2E
:10F8400087277FBF3052A63D9D2F7FBF8C30A33DC1
:10F850008D377FBFCF0EA03D543F7FBFF9EC9C3D5D
:10F86000F4467FBF0ACB993D6D4E7FBF05A9963DFB
:10F87000BF557FBFE786933DE95C7FBFB464903D91
:10F88000EC637FBF6A428D3DC76A7FBF0A208A3D15
:10F890007B717FBF94FD863D08787FBF0ADB833D87
:10F8A0006D7E7FBF6CB8803DAB847FBF742B7B3D8A
:10F8B000C28A7FBFE9E5743DB1907FBF38A06E3D3D
:10F8C00078967FBF625A683D189C7FBF6814623D7E
:10F8D00091A17FBF4CCE5B3DE3A67FBF0E88553D17
:10F8E0000DAC7FBFAF414F3D0FB17FBF2FFB483DF8
:10F8F000EAB57FBF91B4423D9EBA7FBFD56D3C3D16
:10F900002ABF7FBFFC26363D8FC37FBF07E02F3D58
:10F91000CCC77FBFF698293DE2CB7FBFCC51233DBA
:10F92000D1CF7FBF880A1D3D98D37FBF2CC3163D22
:10F9300037D77FBFB87B103DAFDA7FBF2F340A3D8A
:10F9400000DE7FBF90EC033D29E17FBFB949FB3C5E
:10F950002BE47FBF2DBAEE3C05E77FBF7B2AE23C5C
:10F96000B8E97FBFA69AD53C43EC7FBFB00AC93C3B
:10F97000A7EE7FBF9B7ABC3CE3F07FBF69EAAF3C58
:10F98000F8F27FBF1C5AA33CE6F47FBFB6C9963C91
:10F99000ACF67FBF38398A3C4AF87FBF4B517B3C7D
:10F9A000C1F97FBF0030623C11FB7FBF900E493C24
:10F9B00039FC7FBF02ED2F3C39FD7FBF59CB163C90
:10F9C00013FE7FBF3053FB3BC4FE7FBF890FC93B93
:10F9D0004EFF7FBFC1CB963BB1FF7FBFC70F493BF7
:10F9E000ECFF7FBFD40FC93A000080BF00000000C9
:10F9F000ECFF7FBFD40FC9BAB1FF7FBFC70F49BBB0
:10FA00004EFF7FBFC1CB96BBC4FE7FBF890FC9BB72
:10FA100013FE7FBF3053FBBB39FD7FBF59CB16BCF4
:10FA200039FC7FBF02ED2FBC11FB7FBF900E49BC9C
:10FA3000C1F97FBF003062BC4AF87FBF4B517BBC2D
:10FA4000ACF67FBF38398ABCE6F47FBFB6C996BC36
:10FA5000F8F27FBF1C5AA3BCE3F07FBF69EAAFBCDA
:10FA6000A7EE7FBF9B7ABCBC43EC7FBFB00AC9BC8A
:10FA7000B8E97FBFA69AD5BC05E77FBF7B2AE2BC69
:10FA80002BE47FBF2DBAEEBC29E17FBFB949FBBC97
:10FA900000DE7FBF90EC03BDAFDA7FBF2F340ABD1D
:10FAA00037D77FBFB87B10BD98D37FBF2CC316BD9F
:10FAB000D1CF7FBF880A1DBDE2CB7FBFCC5123BD14
:10FAC000CCC77FBFF69829BD8FC37FBF07E02FBD8E
:10FAD0002ABF7FBFFC2636BD9EBA7FBFD56D3CBD19
:10FAE000EAB57FBF91B442BD0FB17FBF2FFB48BDC8
:10FAF0000DAC7FBFAF414FBDE3A67FBF0E8855BDA4
:10FB000091A17FBF4CCE5BBD189C7FBF681462BDC6
:10FB100078967FBF625A68BDB1907FBF38A06EBD36
:10FB2000C28A7FBFE9E574BDAB847FBF742B7BBD08
:10FB30006D7E7FBF6CB880BD08787FBF0ADB83BD58
:10FB40007B717FBF94FD86BDC76A7FBF0A208ABDD7
:10FB5000EC637FBF6A428DBDE95C7FBFB46490BD3A
:10FB6000BF557FBFE78693BD6D4E7FBF05A996BD8C
:10FB7000F4467FBF0ACB99BD543F7FBFF9EC9CBDD3
:10FB80008D377FBFCF0EA0BD9D2F7FBF8C30A3BD13
:10FB900087277FBF3052A6BD491F7FBFBA73A9BD5B
:10FBA000E4167FBF2B95ACBD580E7FBF80B6AFBDAE
:10FBB000A4057FBFBBD7B2BDC9FC7EBFDAF8B5BD17
:10FBC000C7F37EBFDD19B9BD9DEA7EBFC33ABCBD98
:10FBD0004CE17EBF8D5BBFBDD4D77EBF397CC2BD3B
:10FBE00034CE7EBFC69CC5BD6DC47EBF36BDC8BD0C
:10FBF0007FBA7EBF86DDCBBD69B07EBFB7FDCEBD0F
:10FC00002DA67EBFC81DD2BDC99B7EBFB93DD5BD47
:10FC10003D917EBF895DD8BD8B867EBF377DDBBDC4
:10FC2000B17B7EBFC49CDEBDB0707EBF2EBCE1BD8B
:10FC300088657EBF76DBE4BD385A7EBF9AFAE7BDA1
:10FC4000C14E7EBF9A19EBBD23437EBF7638EEBD11
:10FC50005E377EBF2E57F1BD722B7EBFC075F4BDDF
:10FC60005E1F7EBF2C94F7BD24137EBF73B2FABD16
:10FC7000C2067EBF92D0FDBD38FA7DBF457700BE7B
:10FC800088ED7DBF2E0602BEB1E07DBF029503BEAA
:10FC9000B2D37DBFC22305BE8CC67DBF6EB206BE89
:10FCA00040B97DBF054108BECCAB7DBF86CF09BE44
:10FCB000309E7DBFF35D0BBE6E907DBF4AEC0CBEE7
:10FCC00085827DBF8B7A0EBE74747DBFB70810BE6F
:10FCD0003D667DBFCC9611BEDE577DBFCA2413BEE4
:10FCE00059497DBFB2B214BEAC3A7DBF834016BE47
:10FCF000D82B7DBF3DCE17BEDD1C7DBFE05B19BE9E
:10FD0000BC0D7DBF6BE91ABE73FE7CBFDE761CBEE8
:10FD100003EF7CBF38041EBE6CDF7CBF7B911FBE2F
:10FD2000AECF7CBFA51E21BEC9BF7CBFB6AB22BE75
:10FD3000BDAF7CBFAD3824BE8A9F7CBF8CC525BEBD
:10FD4000318F7CBF515227BEB07E7CBFFCDE28BE07
:10FD5000086E7CBF8D6B2ABE3A5D7CBF04F82BBE5B
:10FD6000444C7CBF61842DBE283B7CBFA2102FBEBB
:10FD7000E5297CBFC99C30BE7A187CBFD42832BE2E
:10FD8000E9067CBFC4B433BE31F57BBF984035BEB5
:10FD900053E37BBF50CC36BE4DD17BBFEC5738BE52
:10FDA00020BF7BBF6CE339BECDAC7BBFCF6E3BBE0B
:10FDB000539A7BBF15FA3CBEB2877BBF3E853EBEE1
:10FDC000EA747BBF491040BEFC617BBF379B41BEDC
:10FDD000E74E7BBF072643BEAB3B7BBFB9B044BEFB
:10FDE00048287BBF4D3B46BEBE147BBFC2C547BE45
:10FDF0000E017BBF185049BE37ED7ABF4FDA4ABEBD
:10FE00003AD97ABF67644CBE16C57ABF60EE4DBE64
:10FE1000CBB07ABF38784FBE599C7ABFF10151BE42
:10FE2000C1877ABF898B52BE02737ABF011554BE57
:10FE30001C5E7ABF589E55BE10497ABF8F2757BEA9
:10FE4000DD337ABFA4B058BE841E7ABF97395ABE3C
:10FE500004097ABF6AC25BBE5EF379BF1A4B5DBE0E
:10FE600091DD79BFA8D35EBE9DC779BF135C60BE2C
:10FE700083B179BF5CE461BE439B79BF836C63BE91
:10FE8000DC8479BF86F464BE4E6E79BF667C66BE44
:10FE90009A5779BF220468BEC04079BFBA8B69BE49
:10FEA000BF2979BF2F136BBE981279BF7F9A6CBEA2
:10FEB0004AFB78BFAB216EBED6E378BFB2A86FBE57
:10FEC0003BCC78BF942F71BE7BB478BF51B672BE65
:10FED000939C78BFE83C74BE868478BF5AC375BED5
:10FEE000526C78BFA64977BEF85378BFCCCF78BEA6
:10FEF000773B78BFCB557ABED12278BFA4DB7BBEDF
:10FF0000040A78BF56617DBE10F177BFE1E67EBE80
:10FF1000F7D777BF223680BEB7BE77BFC0F880BEA6
:10FF200051A577BF4ABB81BEC58B77BFC07D82BE5E
:10FF3000137277BF224083BE3A5877BF700284BEE7
:10FF40003C3E77BFAAC484BE172477BFCE8685BE49
:10FF5000CC0977BFDF4886BE5BEF76BFDA0A87BE83
:10FF6000C4D476BFC1CC87BE07BA76BF938E88BE95
:10FF7000249F76BF505089BE1B8476BFF8118ABE7D
:10FF8000EC6876BF8AD38ABE974D76BF07958BBE45
:10FF90001B3276BF6E568CBE7A1676BFC0178DBEEA
:10FFA000B3FA75BFFCD88DBEC6DE75BF229A8EBE71
:10FFB000B3C275BF325B8FBE7BA675BF2C1C90BED3
:10FFC0001C8A75BF10DD90BE976D75BFDD9D91BE1B
:10FFD000ED5075BF945E92BE1D3475BF351F93BE44
:10FFE000271775BFBFDF93BE0BFA74BF31A094BE55
:10FFF000C9DC74BF8D6095BE62BF74BFD22096BE4F
:020000040802F0
:10000000D5A174BF00E196BE228474BF17A197BE2C
:10001000496674BF166198BE4B4874BFFE2099BEF6
:10002000272A74BFCEE099BEDD0B74BF86A09ABEAE
:100030006EED73BF27609BBED9CE73BFAF1F9CBE52
:100040001FB073BF20DF9CBE3F9173BF789E9DBEE3
:10005000397273BFB85D9EBE0E5373BFDF1C9FBE67
:10006000BE3373BFEEDB9FBE471473BFE59AA0BEDD
:10007000ACF472BFC259A1BEEBD472BF8718A2BE46
:1000800004B572BF33D7A2BEF89472BFC595A3BEA4
:10009000C77472BF3F54A4BE705472BF9F12A5BEF6
:1000A000F43372BFE5D0A5BE521372BF128FA6BE45
:1000B0008CF271BF254DA7BE9FD171BF1F0BA8BE8B
:1000C0008EB071BFFEC8A8BE578F71BFC486A9BECF
:1000D000FB6D71BF6F44AABE7A4C71BF0102ABBE0B
:1000E000D42A71BF77BFABBE080971BFD47CACBE48
:1000F00017E770BF153AADBE02C570BF3CF7ADBE85
:10010000C6A270BF49B4AEBE668070BF3A71AFBEC2
:10011000E15D70BF102EB0BE373B70BFCBEAB0BE02
:10012000671870BF6BA7B1BE73F56FBFEF63B2BE48
:100130005AD26FBF5820B3BE1BAF6FBFA5DCB3BE92
:10014000B88B6FBFD698B4BE30686FBFEC54B5BEE5
:1001500083446FBFE610B6BEB0206FBFC3CCB6BE3F
:10016000BAFC6EBF8488B7BE9ED86EBF2A44B8BEA4
:100170005DB46EBFB2FFB8BEF88F6EBF1EBBB9BE16
:100180006D6B6EBF6E76BABEBE466EBFA031BBBE93
:10019000EB216EBFB6ECBBBEF2FC6DBFAFA7BCBE21
:1001A000D5D76DBF8B62BDBE93B26DBF4A1DBEBEBB
:1001B0002D8D6DBFEBD7BEBEA1676DBF6F92BFBE69
:1001C000F2416DBFD54CC0BE1D1C6DBF1E07C1BE28
:1001D00024F66CBF48C1C1BE07D06CBF557BC2BE00
:1001E000C5A96CBF4435C3BE5E836CBF15EFC3BEEB
:1001F000D45C6CBFC8A8C4BE24366CBF5C62C5BEEC
:10020000500F6CBFD21BC6BE58E86BBF29D5C6BE07
:100210003BC16BBF628EC7BEFB996BBF7C47C8BE3C
:1002200095726BBF7700C9BE0C4B6BBF53B9C9BE8B
:100230005E236BBF1072CABE8CFB6ABFAE2ACBBEF8
:1002400095D36ABF2CE3CBBE7BAB6ABF8B9BCCBE86
:100250003C836ABFCA53CDBED95A6ABFEA0BCEBE31
:1002600052326ABFEAC3CEBEA7096ABFCA7BCFBEFD
:10027000D7E069BF8A33D0BEE4B769BF2AEBD0BEEE
:10028000CC8E69BFAAA2D1BE916569BF095AD2BE00
:10029000323C69BF4811D3BEAE1269BF67C8D3BE36
:1002A00007E968BF647FD4BE3CBF68BF4136D5BE96
:1002B0004C9568BFFDECD5BE396B68BF99A3D6BE1F
:1002C000034168BF135AD7BEA81668BF6B10D8BECB
:1002D0002AEC67BFA3C6D8BE87C167BFB97CD9BEA9
:1002E000C19667BFAD32DABED86B67BF80E8DABEB1
:1002F000CA4067BF319EDBBE991567BFC153DCBEE4
:1003000045EA66BF2E09DDBECCBE66BF79BEDDBE46
:10031000309366BFA273DEBE716766BFA928DFBED9
:100320008E3B66BF8DDDDFBE880F66BF4F92E0BE9D
:100330005EE365BFEE46E1BE10B765BF6AFBE1BE96
:10034000A08A65BFC4AFE2BE0B5E65BFFA63E3BEC1
:10035000543165BF0E18E4BE790465BFFECBE4BE20
:100360007BD764BFCB7FE5BE59AA64BF7533E6BEB9
:10037000147D64BFFBE6E6BEAC4F64BF5D9AE7BE8A
:10038000212264BF9C4DE8BE73F463BFB700E9BE91
:10039000A1C663BFAEB3E9BEAC9863BF8166EABED7
:1003A000956A63BF3019EBBE5A3C63BFBBCBEBBE53
:1003B000FC0D63BF217EECBE7BDF62BF6330EDBE10
:1003C000D7B062BF80E2EDBE108262BF7994EEBE0C
:1003D000265362BF4C46EFBE1A2462BFFBF7EFBE46
:1003E000EAF461BF85A9F0BE98C561BFEA5AF1BEC3
:1003F000229661BF290CF2BE8A6661BF43BDF2BE80
:10040000D03661BF386EF3BEF20661BF071FF4BE7F
:10041000F2D660BFB1CFF4BECFA660BF3580F5BEC7
:10042000897660BF9330F6BE214660BFCBE0F6BE52
:10043000961560BFDC90F7BEE9E45FBFC840F8BE28
:1004400019B45FBF8EF0F8BE27835FBF2DA0F9BE41
:1004500012525FBFA54FFABEDB205FBFF7FEFABEA8
:1004600081EF5EBF22AEFBBE05BE5EBF275DFCBE58
:10047000678C5EBF040CFDBEA65A5EBFBBBAFDBE54
:10048000C3285EBF4A69FEBEBEF65DBFB217FFBE9F
:1004900097C45DBFF3C5FFBE4D925DBF063A00BF76
:1004A000E15F5DBFFF9000BF532D5DBFE4E700BF7C
:1004B000A3FA5CBFB53E01BFD1C75CBF739501BF56
:1004C000DD945CBF1CEC01BFC7615CBFB14202BFE1
:1004D0008E2E5CBF329902BF34FB5BBF9FEF02BF21
:1004E000B8C75BBFF84503BF1A945BBF3D9C03BF11
:1004F0005A605BBF6DF203BF792C5BBF894804BFB4
:1005000075F85ABF919E04BF50C45ABF84F404BF0B
:1005100009905ABF624A05BFA05B5ABF2CA005BF15
:1005200016275ABFE2F505BF6AF259BF824B06BFD4
:100530009CBD59BF0EA106BFAD8859BF86F606BF48
:100540009C5359BFE84B07BF6A1E59BF36A107BF6E
:1005500017E958BF6FF607BFA1B358BF924B08BF4A
:100560000B7E58BFA1A008BF534858BF9BF508BFDA
:10057000791258BF7F4A09BF7FDC57BF4E9F09BF22
:1005800063A657BF09F409BF267057BFAD480ABF1D
:10059000C73957BF3D9D0ABF480357BFB7F10ABFD0
:1005A000A7CC56BF1C460BBFE59556BF6B9A0BBF39
:1005B000025F56BFA5EE0BBFFE2756BFC9420CBF58
:1005C000D9F055BFD7960CBF93B955BFD0EA0CBF31
:1005D0002C8255BFB33E0DBFA44A55BF81920DBFBB
:1005E000FB1255BF38E60DBF31DB54BFDA390EBF01
:1005F00047A354BF658D0EBF3B6B54BFDBE00EBFFE
:100600000F3354BF3B340FBFC3FA53BF84870FBFB0
:1006100055C253BFB8DA0FBFC78953BFD52D10BF1E
:10062000185153BFDC8010BF491853BFCDD310BF42
:1006300059DF52BFA72611BF49A652BF6B7911BF20
:10064000186D52BF19CC11BFC63352BFB01E12BFB6
:1006500054FA51BF307112BFC2C051BF9AC312BF0A
:10066000108751BFEE1513BF3D4D51BF2A6813BF10
:100670004A1351BF50BA13BF37D950BF5F0C14BFD4
:10068000039F50BF585E14BFAF6450BF39B014BF52
:100690003B2A50BF040215BFA8EF4FBFB75315BF89
:1006A000F4B44FBF54A515BF1F7A4FBFD9F615BF7D
:1006B0002B3F4FBF474816BF17044FBF9F9916BF28
:1006C000E4C84EBFDFEA16BF908D4EBF073C17BF90
:1006D0001C524EBF188D17BF89164EBF12DE17BFB2
:1006E000D5DA4DBFF52E18BF029F4DBFC07F18BF92
:1006F00010634DBF73D018BFFD264DBF0F2119BF2A
:10070000CBEA4CBF947119BF79AE4CBF00C219BF80
:1007100008724CBF55121ABF78354CBF93621ABF8E
:10072000C7F84BBFB8B21ABFF8BB4BBFC6021BBF5E
:10073000097F4BBFBB521BBFFA414BBF99A21BBFE6
:10074000CC044BBF5FF21BBF7FC74ABF0C421CBF2C
:10075000138A4ABFA2911CBF874C4ABF1FE11CBF2E
:10076000DC0E4ABF84301DBF12D149BFD17F1DBFEF
:10077000299349BF06CF1DBF215549BF221E1EBF69
:10078000FA1649BF266D1EBFB3D848BF12BC1EBFA4
:100790004E9A48BFE50A1FBFCA5B48BF9F591FBF9B
:1007A000271D48BF41A81FBF65DE47BFCBF61FBF4F
:1007B000849F47BF3B4520BF856047BF939320BFC1
:1007C000672147BFD2E120BF2AE246BFF92F21BFF0
:1007D000CEA246BF067E21BF546346BFFBCB21BFDE
:1007E000BB2346BFD71922BF03E445BF996722BF89
:1007F0002DA445BF43B522BF396445BFD30223BFF3
:10080000262445BF4B5023BFF5E344BFA99D23BF1A
:10081000A5A344BFEEEA23BF376344BF1A3824BF01
:10082000AB2244BF2C8524BF00E243BF25D224BFA6
:1008300038A143BF041F25BF516043BFCB6B25BF09
:100840004C1F43BF77B825BF29DE42BF0A0526BF2C
:10085000E89C42BF845126BF895B42BFE39D26BF0F
:100860000B1A42BF2AEA26BF70D841BF563627BFAF
:10087000B79641BF688227BFE15441BF61CE27BF11
:10088000EC1241BF401A28BFDAD040BF056628BF2E
:10089000A98E40BFB0B128BF5C4C40BF41FD28BF0E
:1008A000F00940BFB84829BF67C73FBF159429BFAB
:1008B000C0843FBF57DF29BFFC413FBF802A2ABF0A
:1008C0001BFF3EBF8E752ABF1BBC3EBF82C02ABF26
:1008D000FF783EBF5B0B2BBFC5353EBF1B562BBF02
:1008E0006EF23DBFBFA02BBFF9AE3DBF4AEB2BBFA1
:1008F000676B3DBFB9352CBFB8273DBF0F802CBFFC
:10090000ECE33CBF49CA2CBF03A03CBF69142DBF18
:10091000FC5B3CBF6F5E2DBFD9173CBF59A82DBFF4
:1009200098D33BBF29F22DBF3B8F3BBFDE3B2EBF91
:10093000C14A3BBF78852EBF29063BBFF7CE2EBFED
:1009400075C13ABF5B182FBFA47C3ABFA5612FBF0A
:10095000B7373ABFD3AA2FBFACF239BFE6F32FBFE8
:1009600085AD39BFDE3C30BF426839BFBB8530BF83
:10097000E12239BF7CCE30BF65DD38BF221731BFE1
:10098000CB9738BFAD5F31BF165238BF1DA831BFFE
:10099000430C38BF71F031BF55C637BFAA3832BFDC
:1009A0004A8037BFC78032BF233A37BFC9C832BF7A
:1009B000DFF336BFAF1033BF7FAD36BF7A5833BFDA
:1009C000046736BF29A033BF6C2036BFBCE733BFF6
:1009D000B8D935BF342F34BFE79235BF8F7634BFD7
:1009E000FB4B35BFCFBD34BFF30435BFF30435BF78
:1009F000CFBD34BFFB4B35BF8F7634BFE79235BFD9
:100A0000342F34BFB8D935BFBCE733BF6C2036BFF5
:100A100029A033BF046736BF7A5833BF7FAD36BFD6
:100A2000AF1033BFDFF336BFC9C832BF233A37BF79
:100A3000C78032BF4A8037BFAA3832BF55C637BFDA
:100A400071F031BF430C38BF1DA831BF165238BFFB
:100A5000AD5F31BFCB9738BF221731BF65DD38BFDF
:100A60007CCE30BFE12239BFBB8530BF426839BF81
:100A7000DE3C30BF85AD39BFE6F32FBFACF239BFE6
:100A8000D3AA2FBFB7373ABFA5612FBFA47C3ABF07
:100A90005B182FBF75C13ABFF7CE2EBF29063BBFEB
:100AA00078852EBFC14A3BBFDE3B2EBF3B8F3BBF8D
:100AB00029F22DBF98D33BBF59A82DBFD9173CBFF2
:100AC0006F5E2DBFFC5B3CBF69142DBF03A03CBF14
:100AD00049CA2CBFECE33CBF0F802CBFB8273DBFF9
:100AE000B9352CBF676B3DBF4AEB2BBFF9AE3DBF9D
:100AF000BFA02BBF6EF23DBF1B562BBFC5353EBFFF
:100B00005B0B2BBFFF783EBF82C02ABF1BBC3EBF22
:100B10008E752ABF1BFF3EBF802A2ABFFC413FBF04
:100B200057DF29BFC0843FBF159429BF67C73FBFA8
:100B3000B84829BFF00940BF41FD28BF5C4C40BF09
:100B4000B0B128BFA98E40BF056628BFDAD040BF2C
:100B5000401A28BFEC1241BF61CE27BFE15441BF0C
:100B6000688227BFB79641BF563627BF70D841BFAE
:100B70002AEA26BF0B1A42BFE39D26BF895B42BF0C
:100B8000845126BFE89C42BF0A0526BF29DE42BF2A
:100B900077B825BF4C1F43BFCB6B25BF516043BF08
:100BA000041F25BF38A143BF25D224BF00E243BFA5
:100BB0002C8524BFAB2244BF1A3824BF376344BFFF
:100BC000EEEA23BFA5A344BFA99D23BFF5E344BF1D
:100BD0004B5023BF262445BFD30223BF396445BFF2
:100BE00043B522BF2DA445BF996722BF03E445BF8B
:100BF000D71922BFBB2346BFFBCB21BF546346BFDF
:100C0000067E21BFCEA246BFF92F21BF2AE246BFF2
:100C1000D2E120BF672147BF939320BF856047BFC4
:100C20003B4520BF849F47BFCBF61FBF65DE47BF54
:100C300041A81FBF271D48BF9F591FBFCA5B48BFA0
:100C4000E50A1FBF4E9A48BF12BC1EBFB3D848BFAB
:100C5000266D1EBFFA1649BF221E1EBF215549BF71
:100C600006CF1DBF299349BFD17F1DBF12D149BFF8
:100C700084301DBFDC0E4ABF1FE11CBF874C4ABF3A
:100C8000A2911CBF138A4ABF0C421CBF7FC74ABF38
:100C90005FF21BBFCC044BBF99A21BBFFA414BBFF5
:100CA000BB521BBF097F4BBFC6021BBFF8BB4BBF6C
:100CB000B8B21ABFC7F84BBF93621ABF78354CBFA2
:100CC00055121ABF08724CBF00C219BF79AE4CBF93
:100CD000947119BFCBEA4CBF0F2119BFFD264DBF40
:100CE00073D018BF10634DBFC07F18BF029F4DBFA8
:100CF000F52E18BFD5DA4DBF12DE17BF89164EBFCD
:100D0000188D17BF1C524EBF073C17BF908D4EBFAA
:100D1000DFEA16BFE4C84EBF9F9916BF17044FBF46
:100D2000474816BF2B3F4FBFD9F615BF1F7A4FBF9D
:100D300054A515BFF4B44FBFB75315BFA8EF4FBFAD
:100D4000040215BF3B2A50BF39B014BFAF6450BF77
:100D5000585E14BF039F50BF5F0C14BF37D950BFFC
:100D600050BA13BF4A1351BF2A6813BF3D4D51BF3C
:100D7000EE1513BF108751BF9AC312BFC2C051BF37
:100D8000307112BF54FA51BFB01E12BFC63352BFEA
:100D900019CC11BF186D52BF6B7911BF49A652BF54
:100DA000A72611BF59DF52BFCDD310BF491853BF7B
:100DB000DC8010BF185153BFD52D10BFC78953BF5A
:100DC000B8DA0FBF55C253BF84870FBFC3FA53BFF2
:100DD0003B340FBF0F3354BFDBE00EBF3B6B54BF40
:100DE000658D0EBF47A354BFDA390EBF31DB54BF48
:100DF00038E60DBFFB1255BF81920DBFA44A55BF07
:100E0000B33E0DBF2C8255BFD0EA0CBF93B955BF7E
:100E1000D7960CBFD9F055BFC9420CBFFE2756BFAD
:100E2000A5EE0BBF025F56BF6B9A0BBFE59556BF91
:100E30001C460BBFA7CC56BFB7F10ABF480357BF2C
:100E40003D9D0ABFC73957BFAD480ABF267057BF7F
:100E500009F409BF63A657BF4E9F09BF7FDC57BF88
:100E60007F4A09BF791258BF9BF508BF534858BF46
:100E7000A1A008BF0B7E58BF924B08BFA1B358BFBB
:100E80006FF607BF17E958BF36A107BF6A1E59BFE3
:100E9000E84B07BF9C5359BF86F606BFAD8859BFC4
:100EA0000EA106BF9CBD59BF824B06BF6AF259BF57
:100EB000E2F505BF16275ABF2CA005BFA05B5ABF9D
:100EC000624A05BF09905ABF84F404BF50C45ABF98
:100ED000919E04BF75F85ABF894804BF792C5BBF47
:100EE0006DF203BF5A605BBF3D9C03BF1A945BBFAA
:100EF000F84503BFB8C75BBF9FEF02BF34FB5BBFC2
:100F0000329902BF8E2E5CBFB14202BFC7615CBF87
:100F10001CEC01BFDD945CBF739501BFD1C75CBF02
:100F2000B53E01BFA3FA5CBFE4E700BF532D5DBF30
:100F3000FF9000BFE15F5DBF063A00BF4D925DBF0D
:100F4000F3C5FFBE97C45DBFB217FFBEBEF65DBF5F
:100F50004A69FEBEC3285EBFBBBAFDBEA65A5EBFCD
:100F6000040CFDBE678C5EBF275DFCBE05BE5EBF88
:100F700022AEFBBE81EF5EBFF7FEFABEDB205FBF95
:100F8000A54FFABE12525FBF2DA0F9BE27835FBFE7
:100F90008EF0F8BE19B45FBFC840F8BEE9E45FBF89
:100FA000DC90F7BE961560BFCBE0F6BE214660BF71
:100FB0009330F6BE897660BF3580F5BECFA660BFA0
:100FC000B1CFF4BEF2D660BF071FF4BEF20661BF18
:100FD000386EF3BED03661BF43BDF2BE8A6661BFD4
:100FE000290CF2BE229661BFEA5AF1BE98C561BFD4
:100FF00085A9F0BEEAF461BFFBF7EFBE1A2462BF19
:101000004C46EFBE265362BF7994EEBE108262BF9B
:1010100080E2EDBED7B062BF6330EDBE7BDF62BF62
:10102000217EECBEFC0D63BFBBCBEBBE5A3C63BF65
:101030003019EBBE956A63BF8166EABEAC9863BFA8
:10104000AEB3E9BEA1C663BFB700E9BE73F463BF28
:101050009C4DE8BE212264BF5D9AE7BEAC4F64BFE1
:10106000FBE6E6BE147D64BF7533E6BE59AA64BFD5
:10107000CB7FE5BE7BD764BFFECBE4BE790465BF02
:101080000E18E4BE543165BFFA63E3BE0B5E65BF64
:10109000C4AFE2BEA08A65BF6AFBE1BE10B765BF00
:1010A000EE46E1BE5EE365BF4F92E0BE880F66BFCD
:1010B0008DDDDFBE8E3B66BFA928DFBE716766BFD0
:1010C000A273DEBE309366BF79BEDDBECCBE66BF06
:1010D0002E09DDBE45EA66BFC153DCBE991567BF68
:1010E000319EDBBECA4067BF80E8DABED86B67BFFF
:1010F000AD32DABEC19667BFB97CD9BE87C167BFC2
:10110000A3C6D8BE2AEC67BF6B10D8BEA81668BFAE
:10111000135AD7BE034168BF99A3D6BE396B68BFC7
:10112000FDECD5BE4C9568BF4136D5BE3CBF68BF0F
:10113000647FD4BE07E968BF67C8D3BEAE1269BF7B
:101140004811D3BE323C69BF095AD2BE916569BF0E
:10115000AAA2D1BECC8E69BF2AEBD0BEE4B769BFCC
:101160008A33D0BED7E069BFCA7BCFBEA7096ABFAA
:10117000EAC3CEBE52326ABFEA0BCEBED95A6ABFAC
:10118000CA53CDBE3C836ABF8B9BCCBE7BAB6ABFD0
:101190002CE3CBBE95D36ABFAE2ACBBE8CFB6ABF15
:1011A0001072CABE5E236BBF53B9C9BE0C4B6BBF76
:1011B0007700C9BE95726BBF7C47C8BEFB996BBFF9
:1011C000628EC7BE3BC16BBF29D5C6BE58E86BBF98
:1011D000D21BC6BE500F6CBF5C62C5BE24366CBF4E
:1011E000C8A8C4BED45C6CBF15EFC3BE5E836CBF21
:1011F0004435C3BEC5A96CBF557BC2BE07D06CBF0A
:1012000048C1C1BE24F66CBF1E07C1BE1D1C6DBF08
:10121000D54CC0BEF2416DBF6F92BFBEA1676DBF1E
:10122000EBD7BEBE2D8D6DBF4A1DBEBE93B26DBF46
:101230008B62BDBED5D76DBFAFA7BCBEF2FC6DBF84
:10124000B6ECBBBEEB216EBFA031BBBEBE466EBFCF
:101250006E76BABE6D6B6EBF1EBBB9BEF88F6EBF29
:10126000B2FFB8BE5DB46EBF2A44B8BE9ED86EBF92
:101270008488B7BEBAFC6EBFC3CCB6BEB0206FBF09
:10128000E610B6BE83446FBFEC54B5BE30686FBF86
:10129000D698B4BEB88B6FBFA5DCB3BE1BAF6FBF13
:1012A0005820B3BE5AD26FBFEF63B2BE73F56FBFA3
:1012B0006BA7B1BE671870BFCBEAB0BE373B70BF3B
:1012C000102EB0BEE15D70BF3A71AFBE668070BFD8
:1012D00049B4AEBEC6A270BF3CF7ADBE02C570BF7A
:1012E000153AADBE17E770BFD47CACBE080971BF1C
:1012F00077BFABBED42A71BF0102ABBE7A4C71BFBF
:101300006F44AABEFB6D71BFC486A9BE578F71BF63
:10131000FEC8A8BE8EB071BF1F0BA8BE9FD171BF03
:10132000254DA7BE8CF271BF128FA6BE521372BF9D
:10133000E5D0A5BEF43372BF9F12A5BE705472BF34
:101340003F54A4BEC77472BFC595A3BEF89472BFC4
:1013500033D7A2BE04B572BF8718A2BEEBD472BF4A
:10136000C259A1BEACF472BFE59AA0BE471473BFC8
:10137000EEDB9FBEBE3373BFDF1C9FBE0E5373BF39
:10138000B85D9EBE397273BF789E9DBE3F9173BF9C
:1013900020DF9CBE1FB073BFAF1F9CBED9CE73BFF2
:1013A00027609BBE6EED73BF86A09ABEDD0B74BF37
:1013B000CEE099BE272A74BFFE2099BE4B4874BF69
:1013C000166198BE496674BF17A197BE228474BF88
:1013D00000E196BED5A174BFD22096BE62BF74BF95
:1013E0008D6095BEC9DC74BF31A094BE0BFA74BF8A
:1013F000BFDF93BE271775BF351F93BE1D3475BF62
:10140000945E92BEED5075BFDD9D91BE976D75BF28
:1014100010DD90BE1C8A75BF2C1C90BE7BA675BFCC
:10142000325B8FBEB3C275BF229A8EBEC6DE75BF59
:10143000FCD88DBEB3FA75BFC0178DBE7A1676BFC5
:101440006E568CBE1B3276BF07958BBE974D76BF0E
:101450008AD38ABEEC6876BFF8118ABE1B8476BF39
:10146000505089BE249F76BF938E88BE07BA76BF40
:10147000C1CC87BEC4D476BFDA0A87BE5BEF76BF25
:10148000DF4886BECC0977BFCE8685BE172477BFDE
:10149000AAC484BE3C3E77BF700284BE3A5877BF70
:1014A000224083BE137277BFC07D82BEC58B77BFDB
:1014B0004ABB81BE51A577BFC0F880BEB7BE77BF1B
:1014C000223680BEF7D777BFE1E67EBE10F177BF48
:1014D00056617DBE040A78BFA4DB7BBED12278BFF3
:1014E000CB557ABE773B78BFCCCF78BEF85378BF68
:1014F000A64977BE526C78BF5AC375BE868478BF42
:10150000E83C74BE939C78BF51B672BE7BB478BF82
:10151000942F71BE3BCC78BFB2A86FBED6E378BF24
:10152000AB216EBE4AFB78BF7F9A6CBE981279BF22
:101530002F136BBEBF2979BFBA8B69BEC04079BF7C
:10154000220468BE9A5779BF667C66BE4E6E79BF2C
:1015500086F464BEDC8479BF836C63BE439B79BF31
:101560005CE461BE83B179BF135C60BE9DC779BF87
:10157000A8D35EBE91DD79BF1A4B5DBE5EF379BF25
:101580006AC25BBE04097ABF97395ABE841E7ABF0D
:10159000A4B058BEDD337ABF8F2757BE10497ABF3B
:1015A000589E55BE1C5E7ABF011554BE02737ABFA9
:1015B000898B52BEC1877ABFF10151BE599C7ABF57
:1015C00038784FBECBB07ABF60EE4DBE16C57ABF3D
:1015D00067644CBE3AD97ABF4FDA4ABE37ED7ABF5C
:1015E000185049BE0E017BBFC2C547BEBE147BBFAB
:1015F0004D3B46BE48287BBFB9B044BEAB3B7BBF2A
:10160000072643BEE74E7BBF379B41BEFC617BBFD5
:10161000491040BEEA747BBF3E853EBEB2877BBFA9
:1016200015FA3CBE539A7BBFCF6E3BBECDAC7BBFA1
:101630006CE339BE20BF7BBFEC5738BE4DD17BBFBA
:1016400050CC36BE53E37BBF984035BE31F57BBFEF
:10165000C4B433BEE9067CBFD42832BE7A187CBF3E
:10166000C99C30BEE5297CBFA2102FBE283B7CBFA1
:1016700061842DBE444C7CBF04F82BBE3A5D7CBF18
:101680008D6B2ABE086E7CBFFCDE28BEB07E7CBFA0
:10169000515227BE318F7CBF8CC525BE8A9F7CBF2F
:1016A000AD3824BEBDAF7CBFB6AB22BEC9BF7CBFC8
:1016B000A51E21BEAECF7CBF7B911FBE6CDF7CBF61
:1016C00038041EBE03EF7CBFDE761CBE73FE7CBFFB
:1016D0006BE91ABEBC0D7DBFE05B19BEDD1C7DBF92
:1016E0003DCE17BED82B7DBF834016BEAC3A7DBF22
:1016F000B2B214BE59497DBFCA2413BEDE577DBFA6
:10170000CC9611BE3D667DBFB70810BE74747DBF18
:101710008B7A0EBE85827DBF4AEC0CBE6E907DBF7B
:10172000F35D0BBE309E7DBF86CF09BECCAB7DBFC7
:10173000054108BE40B97DBF6EB206BE8CC67DBFF6
:10174000C22305BEB2D37DBF029503BEB1E07DBF0B
:101750002E0602BE88ED7DBF457700BE38FA7DBFFC
:1017600092D0FDBDC2067EBF73B2FABD24137EBF08
:101770002C94F7BD5E1F7EBFC075F4BD722B7EBF7B
:101780002E57F1BD5E377EBF7638EEBD23437EBF58
:101790009A19EBBDC14E7EBF9AFAE7BD385A7EBF9B
:1017A00076DBE4BD88657EBF2EBCE1BDB0707EBF38
:1017B000C49CDEBDB17B7EBF377DDBBD8B867EBF2B
:1017C000895DD8BD3D917EBFB93DD5BDC99B7EBF6A
:1017D000C81DD2BD2DA67EBFB7FDCEBD69B07EBFF0
:1017E00086DDCBBD7FBA7EBF36BDC8BD6DC47EBFB2
:1017F000C69CC5BD34CE7EBF397CC2BDD4D77EBFAA
:101800008D5BBFBD4CE17EBFC33ABCBD9DEA7EBFD0
:10181000DD19B9BDC7F37EBFDAF8B5BDC9FC7EBF1F
:10182000BBD7B2BDA4057FBF80B6AFBD580E7FBF8A
:101830002B95ACBDE4167FBFBA73A9BD491F7FBF0E
:101840003052A6BD87277FBF8C30A3BD9D2F7FBFA1
:10185000CF0EA0BD8D377FBFF9EC9CBD543F7FBF3D
:101860000ACB99BDF4467FBF05A996BD6D4E7FBFDB
:10187000E78693BDBF557FBFB46490BDE95C7FBF71
:101880006A428DBDEC637FBF0A208ABDC76A7FBFF5
:1018900094FD86BD7B717FBF0ADB83BD08787FBF67
:1018A0006CB880BD6D7E7FBF742B7BBDAB847FBF6A
:1018B000E9E574BDC28A7FBF38A06EBDB1907FBF1D
:1018C000625A68BD78967FBF681462BD189C7FBF5E
:1018D0004CCE5BBD91A17FBF0E8855BDE3A67FBFF7
:1018E000AF414FBD0DAC7FBF2FFB48BD0FB17FBFD8
:1018F00091B442BDEAB57FBFD56D3CBD9EBA7FBFF6
:10190000FC2636BD2ABF7FBF07E02FBD8FC37FBF38
:10191000F69829BDCCC77FBFCC5123BDE2CB7FBF9A
:10192000880A1DBDD1CF7FBF2CC316BD98D37FBF02
:10193000B87B10BD37D77FBF2F340ABDAFDA7FBF6A
:1019400090EC03BD00DE7FBFB949FBBC29E17FBF3E
:101950002DBAEEBC2BE47FBF7B2AE2BC05E77FBF3C
:10196000A69AD5BCB8E97FBFB00AC9BC43EC7FBF1B
:101970009B7ABCBCA7EE7FBF69EAAFBCE3F07FBF38
:101980001C5AA3BCF8F27FBFB6C996BCE6F47FBF71
:1019900038398ABCACF67FBF4B517BBC4AF87FBF5D
:1019A000003062BCC1F97FBF900E49BC11FB7FBF04
:1019B00002ED2FBC39FC7FBF59CB16BC39FD7FBF70
:1019C0003053FBBB13FE7FBF890FC9BBC4FE7FBF73
:1019D000C1CB96BB4EFF7FBFC70F49BBB1FF7FBFD7
:1019E000D40FC9BAECFF7FBF00000080000080BFA9
:1019F000D40FC93AECFF7FBFC70F493BB1FF7FBF90
:101A0000C1CB963B4EFF7FBF890FC93BC4FE7FBF52
:101A10003053FB3B13FE7FBF59CB163C39FD7FBFD4
:101A200002ED2F3C39FC7FBF900E493C11FB7FBF7C
:101A30000030623CC1F97FBF4B517B3C4AF87FBF0D
:101A400038398A3CACF67FBFB6C9963CE6F47FBF16
:101A50001C5AA33CF8F27FBF69EAAF3CE3F07FBFBA
:101A60009B7ABC3CA7EE7FBFB00AC93C43EC7FBF6A
:101A7000A69AD53CB8E97FBF7B2AE23C05E77FBF49
:101A80002DBAEE3C2BE47FBFB949FB3C29E17FBF77
:101A900090EC033D00DE7FBF2F340A3DAFDA7FBFFD
:101AA000B87B103D37D77FBF2CC3163D98D37FBF7F
:101AB000880A1D3DD1CF7FBFCC51233DE2CB7FBFF4
:101AC000F698293DCCC77FBF07E02F3D8FC37FBF6E
:101AD000FC26363D2ABF7FBFD56D3C3D9EBA7FBFF9
:101AE00091B4423DEAB57FBF2FFB483D0FB17FBFA8
:101AF000AF414F3D0DAC7FBF0E88553DE3A67FBF84
:101B00004CCE5B3D91A17FBF6814623D189C7FBFA6
:101B1000625A683D78967FBF38A06E3DB1907FBF16
:101B2000E9E5743DC28A7FBF742B7B3DAB847FBFE8
:101B30006CB8803D6D7E7FBF0ADB833D08787FBF38
:101B400094FD863D7B717FBF0A208A3DC76A7FBFB7
:101B50006A428D3DEC637FBFB464903DE95C7FBF1A
:101B6000E786933DBF557FBF05A9963D6D4E7FBF6C
:101B70000ACB993DF4467FBFF9EC9C3D543F7FBFB3
:101B8000CF0EA03D8D377FBF8C30A33D9D2F7FBFF3
:101B90003052A63D87277FBFBA73A93D491F7FBF3B
:101BA0002B95AC3DE4167FBF80B6AF3D580E7FBF8E
:101BB000BBD7B23DA4057FBFDAF8B53DC9FC7EBFF7
:101BC000DD19B93DC7F37EBFC33ABC3D9DEA7EBF78
:101BD0008D5BBF3D4CE17EBF397CC23DD4D77EBF1B
:101BE000C69CC53D34CE7EBF36BDC83D6DC47EBFEC
:101BF00086DDCB3D7FBA7EBFB7FDCE3D69B07EBFEF
:101C0000C81DD23D2DA67EBFB93DD53DC99B7EBF27
:101C1000895DD83D3D917EBF377DDB3D8B867EBFA4
:101C2000C49CDE3DB17B7EBF2EBCE13DB0707EBF6B
:101C300076DBE43D88657EBF9AFAE73D385A7EBF81
:101C40009A19EB3DC14E7EBF7638EE3D23437EBFF1
:101C50002E57F13D5E377EBFC075F43D722B7EBFBF
:101C60002C94F73D5E1F7EBF73B2FA3D24137EBFF6
:101C700092D0FD3DC2067EBF4577003E38FA7DBF5B
:101C80002E06023E88ED7DBF0295033EB1E07DBF8A
:101C9000C223053EB2D37DBF6EB2063E8CC67DBF69
:101CA0000541083E40B97DBF86CF093ECCAB7DBF24
:101CB000F35D0B3E309E7DBF4AEC0C3E6E907DBFC7
:101CC0008B7A0E3E85827DBFB708103E74747DBF4F
:101CD000CC96113E3D667DBFCA24133EDE577DBFC4
:101CE000B2B2143E59497DBF8340163EAC3A7DBF27
:101CF0003DCE173ED82B7DBFE05B193EDD1C7DBF7E
:101D00006BE91A3EBC0D7DBFDE761C3E73FE7CBFC8
:101D100038041E3E03EF7CBF7B911F3E6CDF7CBF0F
:101D2000A51E213EAECF7CBFB6AB223EC9BF7CBF55
:101D3000AD38243EBDAF7CBF8CC5253E8A9F7CBF9D
:101D40005152273E318F7CBFFCDE283EB07E7CBFE7
:101D50008D6B2A3E086E7CBF04F82B3E3A5D7CBF3B
:101D600061842D3E444C7CBFA2102F3E283B7CBF9B
:101D7000C99C303EE5297CBFD428323E7A187CBF0E
:101D8000C4B4333EE9067CBF9840353E31F57BBF95
:101D900050CC363E53E37BBFEC57383E4DD17BBF32
:101DA0006CE3393E20BF7BBFCF6E3B3ECDAC7BBFEB
:101DB00015FA3C3E539A7BBF3E853E3EB2877BBFC1
:101DC0004910403EEA747BBF379B413EFC617BBFBC
:101DD0000726433EE74E7BBFB9B0443EAB3B7BBFDB
:101DE0004D3B463E48287BBFC2C5473EBE147BBF25
:101DF0001850493E0E017BBF4FDA4A3E37ED7ABF9D
:101E000067644C3E3AD97ABF60EE4D3E16C57ABF44
:101E100038784F3ECBB07ABFF101513E599C7ABF22
:101E2000898B523EC1877ABF0115543E02737ABF37
:101E3000589E553E1C5E7ABF8F27573E10497ABF89
:101E4000A4B0583EDD337ABF97395A3E841E7ABF1C
:101E50006AC25B3E04097ABF1A4B5D3E5EF379BFEE
:101E6000A8D35E3E91DD79BF135C603E9DC779BF0C
:101E70005CE4613E83B179BF836C633E439B79BF71
:101E800086F4643EDC8479BF667C663E4E6E79BF24
:101E90002204683E9A5779BFBA8B693EC04079BF29
:101EA0002F136B3EBF2979BF7F9A6C3E981279BF82
:101EB000AB216E3E4AFB78BFB2A86F3ED6E378BF37
:101EC000942F713E3BCC78BF51B6723E7BB478BF45
:101ED000E83C743E939C78BF5AC3753E868478BFB5
:101EE000A649773E526C78BFCCCF783EF85378BF86
:101EF000CB557A3E773B78BFA4DB7B3ED12278BFBF
:101F000056617D3E040A78BFE1E67E3E10F177BF60
:101F10002236803EF7D777BFC0F8803EB7BE77BF86
:101F20004ABB813E51A577BFC07D823EC58B77BF3E
:101F30002240833E137277BF7002843E3A5877BFC7
:101F4000AAC4843E3C3E77BFCE86853E172477BF29
:101F5000DF48863ECC0977BFDA0A873E5BEF76BF63
:101F6000C1CC873EC4D476BF938E883E07BA76BF75
:101F70005050893E249F76BFF8118A3E1B8476BF5D
:101F80008AD38A3EEC6876BF07958B3E974D76BF25
:101F90006E568C3E1B3276BFC0178D3E7A1676BFCA
:101FA000FCD88D3EB3FA75BF229A8E3EC6DE75BF51
:101FB000325B8F3EB3C275BF2C1C903E7BA675BFB3
:101FC00010DD903E1C8A75BFDD9D913E976D75BFFB
:101FD000945E923EED5075BF351F933E1D3475BF24
:101FE000BFDF933E271775BF31A0943E0BFA74BF35
:101FF0008D60953EC9DC74BFD220963E62BF74BF2F
:1020000000E1963ED5A174BF17A1973E228474BF0C
:102010001661983E496674BFFE20993E4B4874BFD6
:10202000CEE0993E272A74BF86A09A3EDD0B74BF8E
:1020300027609B3E6EED73BFAF1F9C3ED9CE73BF32
:1020400020DF9C3E1FB073BF789E9D3E3F9173BFC3
:10205000B85D9E3E397273BFDF1C9F3E0E5373BF47
:10206000EEDB9F3EBE3373BFE59AA03E471473BFBD
:10207000C259A13EACF472BF8718A23EEBD472BF26
:1020800033D7A23E04B572BFC595A33EF89472BF84
:102090003F54A43EC77472BF9F12A53E705472BFD6
:1020A000E5D0A53EF43372BF128FA63E521372BF25
:1020B000254DA73E8CF271BF1F0BA83E9FD171BF6B
:1020C000FEC8A83E8EB071BFC486A93E578F71BFAF
:1020D0006F44AA3EFB6D71BF0102AB3E7A4C71BFEB
:1020E00077BFAB3ED42A71BFD47CAC3E080971BF28
:1020F000153AAD3E17E770BF3CF7AD3E02C570BF65
:1021000049B4AE3EC6A270BF3A71AF3E668070BFA2
:10211000102EB03EE15D70BFCBEAB03E373B70BFE2
:102120006BA7B13E671870BFEF63B23E73F56FBF28
:102130005820B33E5AD26FBFA5DCB33E1BAF6FBF72
:10214000D698B43EB88B6FBFEC54B53E30686FBFC5
:10215000E610B63E83446FBFC3CCB63EB0206FBF1F
:102160008488B73EBAFC6EBF2A44B83E9ED86EBF84
:10217000B2FFB83E5DB46EBF1EBBB93EF88F6EBFF6
:102180006E76BA3E6D6B6EBFA031BB3EBE466EBF73
:10219000B6ECBB3EEB216EBFAFA7BC3EF2FC6DBF01
:1021A0008B62BD3ED5D76DBF4A1DBE3E93B26DBF9B
:1021B000EBD7BE3E2D8D6DBF6F92BF3EA1676DBF49
:1021C000D54CC03EF2416DBF1E07C13E1D1C6DBF08
:1021D00048C1C13E24F66CBF557BC23E07D06CBFE0
:1021E0004435C33EC5A96CBF15EFC33E5E836CBFCB
:1021F000C8A8C43ED45C6CBF5C62C53E24366CBFCC
:10220000D21BC63E500F6CBF29D5C63E58E86BBFE7
:10221000628EC73E3BC16BBF7C47C83EFB996BBF1C
:102220007700C93E95726BBF53B9C93E0C4B6BBF6B
:102230001072CA3E5E236BBFAE2ACB3E8CFB6ABFD8
:102240002CE3CB3E95D36ABF8B9BCC3E7BAB6ABF66
:10225000CA53CD3E3C836ABFEA0BCE3ED95A6ABF11
:10226000EAC3CE3E52326ABFCA7BCF3EA7096ABFDD
:102270008A33D03ED7E069BF2AEBD03EE4B769BFCE
:10228000AAA2D13ECC8E69BF095AD23E916569BFE0
:102290004811D33E323C69BF67C8D33EAE1269BF16
:1022A000647FD43E07E968BF4136D53E3CBF68BF76
:1022B000FDECD53E4C9568BF99A3D63E396B68BFFF
:1022C000135AD73E034168BF6B10D83EA81668BFAB
:1022D000A3C6D83E2AEC67BFB97CD93E87C167BF89
:1022E000AD32DA3EC19667BF80E8DA3ED86B67BF91
:1022F000319EDB3ECA4067BFC153DC3E991567BFC4
:102300002E09DD3E45EA66BF79BEDD3ECCBE66BF26
:10231000A273DE3E309366BFA928DF3E716766BFB9
:102320008DDDDF3E8E3B66BF4F92E03E880F66BF7D
:10233000EE46E13E5EE365BF6AFBE13E10B765BF76
:10234000C4AFE23EA08A65BFFA63E33E0B5E65BFA1
:102350000E18E43E543165BFFECBE43E790465BF00
:10236000CB7FE53E7BD764BF7533E63E59AA64BF99
:10237000FBE6E63E147D64BF5D9AE73EAC4F64BF6A
:102380009C4DE83E212264BFB700E93E73F463BF71
:10239000AEB3E93EA1C663BF8166EA3EAC9863BFB7
:1023A0003019EB3E956A63BFBBCBEB3E5A3C63BF33
:1023B000217EEC3EFC0D63BF6330ED3E7BDF62BFF0
:1023C00080E2ED3ED7B062BF7994EE3E108262BFEC
:1023D0004C46EF3E265362BFFBF7EF3E1A2462BF26
:1023E00085A9F03EEAF461BFEA5AF13E98C561BFA3
:1023F000290CF23E229661BF43BDF23E8A6661BF60
:10240000386EF33ED03661BF071FF43EF20661BF5F
:10241000B1CFF43EF2D660BF3580F53ECFA660BFA7
:102420009330F63E897660BFCBE0F63E214660BF32
:10243000DC90F73E961560BFC840F83EE9E45FBF08
:102440008EF0F83E19B45FBF2DA0F93E27835FBF21
:10245000A54FFA3E12525FBFF7FEFA3EDB205FBF88
:1024600022AEFB3E81EF5EBF275DFC3E05BE5EBF38
:10247000040CFD3E678C5EBFBBBAFD3EA65A5EBF34
:102480004A69FE3EC3285EBFB217FF3EBEF65DBF7F
:10249000F3C5FF3E97C45DBF063A003F4D925DBF56
:1024A000FF90003FE15F5DBFE4E7003F532D5DBF5C
:1024B000B53E013FA3FA5CBF7395013FD1C75CBF36
:1024C0001CEC013FDD945CBFB142023FC7615CBFC1
:1024D0003299023F8E2E5CBF9FEF023F34FB5BBF01
:1024E000F845033FB8C75BBF3D9C033F1A945BBFF1
:1024F0006DF2033F5A605BBF8948043F792C5BBF94
:10250000919E043F75F85ABF84F4043F50C45ABFEB
:10251000624A053F09905ABF2CA0053FA05B5ABFF5
:10252000E2F5053F16275ABF824B063F6AF259BFB4
:102530000EA1063F9CBD59BF86F6063FAD8859BF28
:10254000E84B073F9C5359BF36A1073F6A1E59BF4E
:102550006FF6073F17E958BF924B083FA1B358BF2A
:10256000A1A0083F0B7E58BF9BF5083F534858BFBA
:102570007F4A093F791258BF4E9F093F7FDC57BF02
:1025800009F4093F63A657BFAD480A3F267057BFFD
:102590003D9D0A3FC73957BFB7F10A3F480357BFB0
:1025A0001C460B3FA7CC56BF6B9A0B3FE59556BF19
:1025B000A5EE0B3F025F56BFC9420C3FFE2756BF38
:1025C000D7960C3FD9F055BFD0EA0C3F93B955BF11
:1025D000B33E0D3F2C8255BF81920D3FA44A55BF9B
:1025E00038E60D3FFB1255BFDA390E3F31DB54BFE1
:1025F000658D0E3F47A354BFDBE00E3F3B6B54BFDE
:102600003B340F3F0F3354BF84870F3FC3FA53BF90
:10261000B8DA0F3F55C253BFD52D103FC78953BFFE
:10262000DC80103F185153BFCDD3103F491853BF22
:10263000A726113F59DF52BF6B79113F49A652BF00
:1026400019CC113F186D52BFB01E123FC63352BF96
:102650003071123F54FA51BF9AC3123FC2C051BFEA
:10266000EE15133F108751BF2A68133F3D4D51BFF0
:1026700050BA133F4A1351BF5F0C143F37D950BFB4
:10268000585E143F039F50BF39B0143FAF6450BF32
:102690000402153F3B2A50BFB753153FA8EF4FBF69
:1026A00054A5153FF4B44FBFD9F6153F1F7A4FBF5D
:1026B0004748163F2B3F4FBF9F99163F17044FBF08
:1026C000DFEA163FE4C84EBF073C173F908D4EBF70
:1026D000188D173F1C524EBF12DE173F89164EBF92
:1026E000F52E183FD5DA4DBFC07F183F029F4DBF72
:1026F00073D0183F10634DBF0F21193FFD264DBF0A
:102700009471193FCBEA4CBF00C2193F79AE4CBF60
:1027100055121A3F08724CBF93621A3F78354CBF6E
:10272000B8B21A3FC7F84BBFC6021B3FF8BB4BBF3E
:10273000BB521B3F097F4BBF99A21B3FFA414BBFC6
:102740005FF21B3FCC044BBF0C421C3F7FC74ABF0C
:10275000A2911C3F138A4ABF1FE11C3F874C4ABF0E
:1027600084301D3FDC0E4ABFD17F1D3F12D149BFCF
:1027700006CF1D3F299349BF221E1E3F215549BF49
:10278000266D1E3FFA1649BF12BC1E3FB3D848BF84
:10279000E50A1F3F4E9A48BF9F591F3FCA5B48BF7B
:1027A00041A81F3F271D48BFCBF61F3F65DE47BF2F
:1027B0003B45203F849F47BF9393203F856047BFA1
:1027C000D2E1203F672147BFF92F213F2AE246BFD0
:1027D000067E213FCEA246BFFBCB213F546346BFBE
:1027E000D719223FBB2346BF9967223F03E445BF69
:1027F00043B5223F2DA445BFD302233F396445BFD3
:102800004B50233F262445BFA99D233FF5E344BFFA
:10281000EEEA233FA5A344BF1A38243F376344BFE1
:102820002C85243FAB2244BF25D2243F00E243BF86
:10283000041F253F38A143BFCB6B253F516043BFE9
:1028400077B8253F4C1F43BF0A05263F29DE42BF0C
:102850008451263FE89C42BFE39D263F895B42BFEF
:102860002AEA263F0B1A42BF5636273F70D841BF8F
:102870006882273FB79641BF61CE273FE15441BFF1
:10288000401A283FEC1241BF0566283FDAD040BF0E
:10289000B0B1283FA98E40BF41FD283F5C4C40BFEE
:1028A000B848293FF00940BF1594293F67C73FBF8B
:1028B00057DF293FC0843FBF802A2A3FFC413FBFEA
:1028C0008E752A3F1BFF3EBF82C02A3F1BBC3EBF06
:1028D0005B0B2B3FFF783EBF1B562B3FC5353EBFE2
:1028E000BFA02B3F6EF23DBF4AEB2B3FF9AE3DBF81
:1028F000B9352C3F676B3DBF0F802C3FB8273DBFDC
:1029000049CA2C3FECE33CBF69142D3F03A03CBFF8
:102910006F5E2D3FFC5B3CBF59A82D3FD9173CBFD4
:1029200029F22D3F98D33BBFDE3B2E3F3B8F3BBF71
:1029300078852E3FC14A3BBFF7CE2E3F29063BBFCD
:102940005B182F3F75C13ABFA5612F3FA47C3ABFEA
:10295000D3AA2F3FB7373ABFE6F32F3FACF239BFC8
:10296000DE3C303F85AD39BFBB85303F426839BF63
:102970007CCE303FE12239BF2217313F65DD38BFC1
:10298000AD5F313FCB9738BF1DA8313F165238BFDE
:1029900071F0313F430C38BFAA38323F55C637BFBC
:1029A000C780323F4A8037BFC9C8323F233A37BF5A
:1029B000AF10333FDFF336BF7A58333F7FAD36BFBA
:1029C00029A0333F046736BFBCE7333F6C2036BFD6
:1029D000342F343FB8D935BF8F76343FE79235BFB7
:1029E000CFBD343FFB4B35BFF304353FF30435BF58
:1029F000FB4B353FCFBD34BFE792353F8F7634BFB9
:102A0000B8D9353F342F34BF6C20363FBCE733BFD5
:102A10000467363F29A033BF7FAD363F7A5833BFB6
:102A2000DFF3363FAF1033BF233A373FC9C832BF59
:102A30004A80373FC78032BF55C6373FAA3832BFBA
:102A4000430C383F71F031BF1652383F1DA831BFDB
:102A5000CB97383FAD5F31BF65DD383F221731BFBF
:102A6000E122393F7CCE30BF4268393FBB8530BF61
:102A700085AD393FDE3C30BFACF2393FE6F32FBFC6
:102A8000B7373A3FD3AA2FBFA47C3A3FA5612FBFE7
:102A900075C13A3F5B182FBF29063B3FF7CE2EBFCB
:102AA000C14A3B3F78852EBF3B8F3B3FDE3B2EBF6D
:102AB00098D33B3F29F22DBFD9173C3F59A82DBFD2
:102AC000FC5B3C3F6F5E2DBF03A03C3F69142DBFF4
:102AD000ECE33C3F49CA2CBFB8273D3F0F802CBFD9
:102AE000676B3D3FB9352CBFF9AE3D3F4AEB2BBF7D
:102AF0006EF23D3FBFA02BBFC5353E3F1B562BBFDF
:102B0000FF783E3F5B0B2BBF1BBC3E3F82C02ABF02
:102B10001BFF3E3F8E752ABFFC413F3F802A2ABFE4
:102B2000C0843F3F57DF29BF67C73F3F159429BF88
:102B3000F009403FB84829BF5C4C403F41FD28BFE9
:102B4000A98E403FB0B128BFDAD0403F056628BF0C
:102B5000EC12413F401A28BFE154413F61CE27BFEC
:102B6000B796413F688227BF70D8413F563627BF8E
:102B70000B1A423F2AEA26BF895B423FE39D26BFEC
:102B8000E89C423F845126BF29DE423F0A0526BF0A
:102B90004C1F433F77B825BF5160433FCB6B25BFE8
:102BA00038A1433F041F25BF00E2433F25D224BF85
:102BB000AB22443F2C8524BF3763443F1A3824BFDF
:102BC000A5A3443FEEEA23BFF5E3443FA99D23BFFD
:102BD0002624453F4B5023BF3964453FD30223BFD2
:102BE0002DA4453F43B522BF03E4453F996722BF6B
:102BF000BB23463FD71922BF5463463FFBCB21BFBF
:102C0000CEA2463F067E21BF2AE2463FF92F21BFD2
:102C10006721473FD2E120BF8560473F939320BFA4
:102C2000849F473F3B4520BF65DE473FCBF61FBF34
:102C3000271D483F41A81FBFCA5B483F9F591FBF80
:102C40004E9A483FE50A1FBFB3D8483F12BC1EBF8B
:102C5000FA16493F266D1EBF2155493F221E1EBF51
:102C60002993493F06CF1DBF12D1493FD17F1DBFD8
:102C7000DC0E4A3F84301DBF874C4A3F1FE11CBF1A
:102C8000138A4A3FA2911CBF7FC74A3F0C421CBF18
:102C9000CC044B3F5FF21BBFFA414B3F99A21BBFD5
:102CA000097F4B3FBB521BBFF8BB4B3FC6021BBF4C
:102CB000C7F84B3FB8B21ABF78354C3F93621ABF82
:102CC00008724C3F55121ABF79AE4C3F00C219BF73
:102CD000CBEA4C3F947119BFFD264D3F0F2119BF20
:102CE00010634D3F73D018BF029F4D3FC07F18BF88
:102CF000D5DA4D3FF52E18BF89164E3F12DE17BFAD
:102D00001C524E3F188D17BF908D4E3F073C17BF8A
:102D1000E4C84E3FDFEA16BF17044F3F9F9916BF26
:102D20002B3F4F3F474816BF1F7A4F3FD9F615BF7D
:102D3000F4B44F3F54A515BFA8EF4F3FB75315BF8D
:102D40003B2A503F040215BFAF64503F39B014BF57
:102D5000039F503F585E14BF37D9503F5F0C14BFDC
:102D60004A13513F50BA13BF3D4D513F2A6813BF1C
:102D70001087513FEE1513BFC2C0513F9AC312BF17
:102D800054FA513F307112BFC633523FB01E12BFCA
:102D9000186D523F19CC11BF49A6523F6B7911BF34
:102DA00059DF523FA72611BF4918533FCDD310BF5B
:102DB0001851533FDC8010BFC789533FD52D10BF3A
:102DC00055C2533FB8DA0FBFC3FA533F84870FBFD2
:102DD0000F33543F3B340FBF3B6B543FDBE00EBF20
:102DE00047A3543F658D0EBF31DB543FDA390EBF28
:102DF000FB12553F38E60DBFA44A553F81920DBFE7
:102E00002C82553FB33E0DBF93B9553FD0EA0CBF5E
:102E1000D9F0553FD7960CBFFE27563FC9420CBF8D
:102E2000025F563FA5EE0BBFE595563F6B9A0BBF71
:102E3000A7CC563F1C460BBF4803573FB7F10ABF0C
:102E4000C739573F3D9D0ABF2670573FAD480ABF5F
:102E500063A6573F09F409BF7FDC573F4E9F09BF68
:102E60007912583F7F4A09BF5348583F9BF508BF26
:102E70000B7E583FA1A008BFA1B3583F924B08BF9B
:102E800017E9583F6FF607BF6A1E593F36A107BFC3
:102E90009C53593FE84B07BFAD88593F86F606BFA4
:102EA0009CBD593F0EA106BF6AF2593F824B06BF37
:102EB00016275A3FE2F505BFA05B5A3F2CA005BF7D
:102EC00009905A3F624A05BF50C45A3F84F404BF78
:102ED00075F85A3F919E04BF792C5B3F894804BF27
:102EE0005A605B3F6DF203BF1A945B3F3D9C03BF8A
:102EF000B8C75B3FF84503BF34FB5B3F9FEF02BFA2
:102F00008E2E5C3F329902BFC7615C3FB14202BF67
:102F1000DD945C3F1CEC01BFD1C75C3F739501BFE2
:102F2000A3FA5C3FB53E01BF532D5D3FE4E700BF10
:102F3000E15F5D3FFF9000BF4D925D3F063A00BFED
:102F400097C45D3FF3C5FFBEBEF65D3FB217FFBE3F
:102F5000C3285E3F4A69FEBEA65A5E3FBBBAFDBEAD
:102F6000678C5E3F040CFDBE05BE5E3F275DFCBE68
:102F700081EF5E3F22AEFBBEDB205F3FF7FEFABE75
:102F800012525F3FA54FFABE27835F3F2DA0F9BEC7
:102F900019B45F3F8EF0F8BEE9E45F3FC840F8BE69
:102FA0009615603FDC90F7BE2146603FCBE0F6BE51
:102FB0008976603F9330F6BECFA6603F3580F5BE80
:102FC000F2D6603FB1CFF4BEF206613F071FF4BEF8
:102FD000D036613F386EF3BE8A66613F43BDF2BEB4
:102FE0002296613F290CF2BE98C5613FEA5AF1BEB4
:102FF000EAF4613F85A9F0BE1A24623FFBF7EFBEF9
:103000002653623F4C46EFBE1082623F7994EEBE7B
:10301000D7B0623F80E2EDBE7BDF623F6330EDBE42
:10302000FC0D633F217EECBE5A3C633FBBCBEBBE45
:10303000956A633F3019EBBEAC98633F8166EABE88
:10304000A1C6633FAEB3E9BE73F4633FB700E9BE08
:103050002122643F9C4DE8BEAC4F643F5D9AE7BEC1
:10306000147D643FFBE6E6BE59AA643F7533E6BEB5
:103070007BD7643FCB7FE5BE7904653FFECBE4BEE2
:103080005431653F0E18E4BE0B5E653FFA63E3BE44
:10309000A08A653FC4AFE2BE10B7653F6AFBE1BEE0
:1030A0005EE3653FEE46E1BE880F663F4F92E0BEAD
:1030B0008E3B663F8DDDDFBE7167663FA928DFBEB0
:1030C0003093663FA273DEBECCBE663F79BEDDBEE6
:1030D00045EA663F2E09DDBE9915673FC153DCBE48
:1030E000CA40673F319EDBBED86B673F80E8DABEDF
:1030F000C196673FAD32DABE87C1673FB97CD9BEA2
:103100002AEC673FA3C6D8BEA816683F6B10D8BE8E
:103110000341683F135AD7BE396B683F99A3D6BEA7
:103120004C95683FFDECD5BE3CBF683F4136D5BEEF
:1031300007E9683F647FD4BEAE12693F67C8D3BE5B
:10314000323C693F4811D3BE9165693F095AD2BEEE
:10315000CC8E693FAAA2D1BEE4B7693F2AEBD0BEAC
:10316000D7E0693F8A33D0BEA7096A3FCA7BCFBE8A
:1031700052326A3FEAC3CEBED95A6A3FEA0BCEBE8C
:103180003C836A3FCA53CDBE7BAB6A3F8B9BCCBEB0
:1031900095D36A3F2CE3CBBE8CFB6A3FAE2ACBBEF5
:1031A0005E236B3F1072CABE0C4B6B3F53B9C9BE56
:1031B00095726B3F7700C9BEFB996B3F7C47C8BED9
:1031C0003BC16B3F628EC7BE58E86B3F29D5C6BE78
:1031D000500F6C3FD21BC6BE24366C3F5C62C5BE2E
:1031E000D45C6C3FC8A8C4BE5E836C3F15EFC3BE01
:1031F000C5A96C3F4435C3BE07D06C3F557BC2BEEA
:1032000024F66C3F48C1C1BE1D1C6D3F1E07C1BEE8
:10321000F2416D3FD54CC0BEA1676D3F6F92BFBEFE
:103220002D8D6D3FEBD7BEBE93B26D3F4A1DBEBE26
:10323000D5D76D3F8B62BDBEF2FC6D3FAFA7BCBE64
:10324000EB216E3FB6ECBBBEBE466E3FA031BBBEAF
:103250006D6B6E3F6E76BABEF88F6E3F1EBBB9BE09
:103260005DB46E3FB2FFB8BE9ED86E3F2A44B8BE72
:10327000BAFC6E3F8488B7BEB0206F3FC3CCB6BEE9
:1032800083446F3FE610B6BE30686F3FEC54B5BE66
:10329000B88B6F3FD698B4BE1BAF6F3FA5DCB3BEF3
:1032A0005AD26F3F5820B3BE73F56F3FEF63B2BE83
:1032B0006718703F6BA7B1BE373B703FCBEAB0BE1B
:1032C000E15D703F102EB0BE6680703F3A71AFBEB8
:1032D000C6A2703F49B4AEBE02C5703F3CF7ADBE5A
:1032E00017E7703F153AADBE0809713FD47CACBEFC
:1032F000D42A713F77BFABBE7A4C713F0102ABBE9F
:10330000FB6D713F6F44AABE578F713FC486A9BE43
:103310008EB0713FFEC8A8BE9FD1713F1F0BA8BEE3
:103320008CF2713F254DA7BE5213723F128FA6BE7D
:10333000F433723FE5D0A5BE7054723F9F12A5BE14
:10334000C774723F3F54A4BEF894723FC595A3BEA4
:1033500004B5723F33D7A2BEEBD4723F8718A2BE2A
:10336000ACF4723FC259A1BE4714733FE59AA0BEA8
:10337000BE33733FEEDB9FBE0E53733FDF1C9FBE19
:103380003972733FB85D9EBE3F91733F789E9DBE7C
:103390001FB0733F20DF9CBED9CE733FAF1F9CBED2
:1033A0006EED733F27609BBEDD0B743F86A09ABE17
:1033B000272A743FCEE099BE4B48743FFE2099BE49
:1033C0004966743F166198BE2284743F17A197BE68
:1033D000D5A1743F00E196BE62BF743FD22096BE75
:1033E000C9DC743F8D6095BE0BFA743F31A094BE6A
:1033F0002717753FBFDF93BE1D34753F351F93BE42
:10340000ED50753F945E92BE976D753FDD9D91BE08
:103410001C8A753F10DD90BE7BA6753F2C1C90BEAC
:10342000B3C2753F325B8FBEC6DE753F229A8EBE39
:10343000B3FA753FFCD88DBE7A16763FC0178DBEA5
:103440001B32763F6E568CBE974D763F07958BBEEE
:10345000EC68763F8AD38ABE1B84763FF8118ABE19
:10346000249F763F505089BE07BA763F938E88BE20
:10347000C4D4763FC1CC87BE5BEF763FDA0A87BE05
:10348000CC09773FDF4886BE1724773FCE8685BEBE
:103490003C3E773FAAC484BE3A58773F700284BE50
:1034A0001372773F224083BEC58B773FC07D82BEBB
:1034B00051A5773F4ABB81BEB7BE773FC0F880BEFB
:1034C000F7D7773F223680BE10F1773FE1E67EBE28
:1034D000040A783F56617DBED122783FA4DB7BBED3
:1034E000773B783FCB557ABEF853783FCCCF78BE48
:1034F000526C783FA64977BE8684783F5AC375BE22
:10350000939C783FE83C74BE7BB4783F51B672BE62
:103510003BCC783F942F71BED6E3783FB2A86FBE04
:103520004AFB783FAB216EBE9812793F7F9A6CBE02
:10353000BF29793F2F136BBEC040793FBA8B69BE5C
:103540009A57793F220468BE4E6E793F667C66BE0C
:10355000DC84793F86F464BE439B793F836C63BE11
:1035600083B1793F5CE461BE9DC7793F135C60BE67
:1035700091DD793FA8D35EBE5EF3793F1A4B5DBE05
:1035800004097A3F6AC25BBE841E7A3F97395ABEED
:10359000DD337A3FA4B058BE10497A3F8F2757BE1B
:1035A0001C5E7A3F589E55BE02737A3F011554BE89
:1035B000C1877A3F898B52BE599C7A3FF10151BE37
:1035C000CBB07A3F38784FBE16C57A3F60EE4DBE1D
:1035D0003AD97A3F67644CBE37ED7A3F4FDA4ABE3C
:1035E0000E017B3F185049BEBE147B3FC2C547BE8B
:1035F00048287B3F4D3B46BEAB3B7B3FB9B044BE0A
:10360000E74E7B3F072643BEFC617B3F379B41BEB5
:10361000EA747B3F491040BEB2877B3F3E853EBE89
:10362000539A7B3F15FA3CBECDAC7B3FCF6E3BBE81
:1036300020BF7B3F6CE339BE4DD17B3FEC5738BE9A
:1036400053E37B3F50CC36BE31F57B3F984035BECF
:10365000E9067C3FC4B433BE7A187C3FD42832BE1E
:10366000E5297C3FC99C30BE283B7C3FA2102FBE81
:10367000444C7C3F61842DBE3A5D7C3F04F82BBEF8
:10368000086E7C3F8D6B2ABEB07E7C3FFCDE28BE80
:10369000318F7C3F515227BE8A9F7C3F8CC525BE0F
:1036A000BDAF7C3FAD3824BEC9BF7C3FB6AB22BEA8
:1036B000AECF7C3FA51E21BE6CDF7C3F7B911FBE41
:1036C00003EF7C3F38041EBE73FE7C3FDE761CBEDB
:1036D000BC0D7D3F6BE91ABEDD1C7D3FE05B19BE72
:1036E000D82B7D3F3DCE17BEAC3A7D3F834016BE02
:1036F00059497D3FB2B214BEDE577D3FCA2413BE86
:103700003D667D3FCC9611BE74747D3FB70810BEF8
:1037100085827D3F8B7A0EBE6E907D3F4AEC0CBE5B
:10372000309E7D3FF35D0BBECCAB7D3F86CF09BEA7
:1037300040B97D3F054108BE8CC67D3F6EB206BED6
:10374000B2D37D3FC22305BEB1E07D3F029503BEEB
:1037500088ED7D3F2E0602BE38FA7D3F457700BEDC
:10376000C2067E3F92D0FDBD24137E3F73B2FABDE8
:103770005E1F7E3F2C94F7BD722B7E3FC075F4BD5B
:103780005E377E3F2E57F1BD23437E3F7638EEBD38
:10379000C14E7E3F9A19EBBD385A7E3F9AFAE7BD7B
:1037A00088657E3F76DBE4BDB0707E3F2EBCE1BD18
:1037B000B17B7E3FC49CDEBD8B867E3F377DDBBD0B
:1037C0003D917E3F895DD8BDC99B7E3FB93DD5BD4A
:1037D0002DA67E3FC81DD2BD69B07E3FB7FDCEBDD0
:1037E0007FBA7E3F86DDCBBD6DC47E3F36BDC8BD92
:1037F00034CE7E3FC69CC5BDD4D77E3F397CC2BD8A
:103800004CE17E3F8D5BBFBD9DEA7E3FC33ABCBDB0
:10381000C7F37E3FDD19B9BDC9FC7E3FDAF8B5BDFF
:10382000A4057F3FBBD7B2BD580E7F3F80B6AFBD6A
:10383000E4167F3F2B95ACBD491F7F3FBA73A9BDEE
:1038400087277F3F3052A6BD9D2F7F3F8C30A3BD81
:103850008D377F3FCF0EA0BD543F7F3FF9EC9CBD1D
:10386000F4467F3F0ACB99BD6D4E7F3F05A996BDBB
:10387000BF557F3FE78693BDE95C7F3FB46490BD51
:10388000EC637F3F6A428DBDC76A7F3F0A208ABDD5
:103890007B717F3F94FD86BD08787F3F0ADB83BD47
:1038A0006D7E7F3F6CB880BDAB847F3F742B7BBD4A
:1038B000C28A7F3FE9E574BDB1907F3F38A06EBDFD
:1038C00078967F3F625A68BD189C7F3F681462BD3E
:1038D00091A17F3F4CCE5BBDE3A67F3F0E8855BDD7
:1038E0000DAC7F3FAF414FBD0FB17F3F2FFB48BDB8
:1038F000EAB57F3F91B442BD9EBA7F3FD56D3CBDD6
:103900002ABF7F3FFC2636BD8FC37F3F07E02FBD18
:10391000CCC77F3FF69829BDE2CB7F3FCC5123BD7A
:10392000D1CF7F3F880A1DBD98D37F3F2CC316BDE2
:1039300037D77F3FB87B10BDAFDA7F3F2F340ABD4A
:1039400000DE7F3F90EC03BD29E17F3FB949FBBC1E
:103950002BE47F3F2DBAEEBC05E77F3F7B2AE2BC1C
:10396000B8E97F3FA69AD5BC43EC7F3FB00AC9BCFB
:10397000A7EE7F3F9B7ABCBCE3F07F3F69EAAFBC18
:10398000F8F27F3F1C5AA3BCE6F47F3FB6C996BC51
:10399000ACF67F3F38398ABC4AF87F3F4B517BBC3D
:1039A000C1F97F3F003062BC11FB7F3F900E49BCE4
:1039B00039FC7F3F02ED2FBC39FD7F3F59CB16BC50
:1039C00013FE7F3F3053FBBBC4FE7F3F890FC9BB53
:1039D0004EFF7F3FC1CB96BBB1FF7F3FC70F49BBB7
:1039E000ECFF7F3FD40FC9BA0000803F0000000009
:1039F00011FB7F3F900E493C43EC7F3FB00AC93C2E
:103A000098D37F3F2CC3163D0FB17F3F2FFB483D1E
:103A1000AB847F3F742B7B3D6D4E7F3F05A9963D68
:103A2000580E7F3F80B6AF3D6DC47E3F36BDC83D6A
:103A3000B0707E3F2EBCE13D24137E3F73B2FA3D51
:103A4000CCAB7D3F86CF093EAC3A7D3F8340163EEE
:103A5000C9BF7C3FB6AB223E283B7C3FA2102F3E25
:103A6000CDAC7B3FCF6E3B3EBE147B3FC2C5473ED5
:103A700002737A3F0115543E9DC7793F135C603E47
:103A80009812793F7F9A6C3EF853783FCCCF783EBE
:103A9000C58B773FC07D823E07BA763F938E883EC6
:103AA000C6DE753F229A8E3E0BFA743F31A0943EDB
:103AB000DD0B743F86A09A3E4714733FE59AA03E03
:103AC0005213723F128FA63E0809713FD47CAC3E60
:103AD00073F56F3FEF63B23E9ED86E3F2A44B83E07
:103AE00093B26D3F4A1DBE3E5E836C3F15EFC33EF1
:103AF0000C4B6B3F53B9C93EA7096A3FCA7BCF3E07
:103B00003CBF683F4136D53ED86B673F80E8DA3E20
:103B1000880F663F4F92E03E59AA643F7533E63EF8
:103B20005A3C633FBBCBEB3E98C5613FEA5AF13E3E
:103B30002146603FCBE0F63E05BE5E3F275DFC3E82
:103B4000532D5D3FE4E7003F1A945B3F3D9C033FEC
:103B50006AF2593F824B063F5348583F9BF5083F56
:103B6000E595563F6B9A0B3F31DB543FDA390E3FF8
:103B70004918533FCDD3103F3D4D513F2A68133F65
:103B80001F7A4F3FD9F6153F029F4D3FC07F183F28
:103B9000F8BB4B3FC6021B3F12D1493FD17F1D3FAF
:103BA00065DE473FCBF61F3F03E4453F9967223F61
:103BB00000E2433F25D2243F70D8413F5636273F8D
:103BC00067C73F3F1594293FF9AE3D3F4AEB2B3F76
:103BD0003B8F3B3FDE3B2E3F4268393FBB85303F4A
:103BE000233A373FC9C8323FF304353FF304353F2A
:103BF000C9C8323F233A373FBB85303F4268393F1F
:103C0000DE3B2E3F3B8F3B3F4AEB2B3FF9AE3D3F28
:103C10001594293F67C73F3F5636273F70D8413F2D
:103C200025D2243F00E2433F9967223F03E4453F0A
:103C3000CBF61F3F65DE473FD17F1D3F12D1493F85
:103C4000C6021B3FF8BB4B3FC07F183F029F4D3F52
:103C5000D9F6153F1F7A4F3F2A68133F3D4D513F1C
:103C6000CDD3103F4918533FDA390E3F31DB543F73
:103C70006B9A0B3FE595563F9BF5083F5348583FDD
:103C8000824B063F6AF2593F3D9C033F1A945B3FCB
:103C9000E4E7003F532D5D3F275DFC3E05BE5E3FE0
:103CA000CBE0F63E2146603FEA5AF13E98C5613FBF
:103CB000BBCBEB3E5A3C633F7533E63E59AA643FAB
:103CC0004F92E03E880F663F80E8DA3ED86B673F50
:103CD0004136D53E3CBF683FCA7BCF3EA7096A3F0D
:103CE00053B9C93E0C4B6B3F15EFC33E5E836C3F2F
:103CF0004A1DBE3E93B26D3F2A44B83E9ED86E3FE9
:103D0000EF63B23E73F56F3FD47CAC3E0809713F60
:103D1000128FA63E5213723FE59AA03E4714733F9E
:103D200086A09A3EDD0B743F31A0943E0BFA743F9F
:103D3000229A8E3EC6DE753F938E883E07BA763F46
:103D4000C07D823EC58B773FCCCF783EF853783F1D
:103D50007F9A6C3E9812793F135C603E9DC7793F15
:103D60000115543E02737A3FC2C5473EBE147B3FE5
:103D7000CF6E3B3ECDAC7B3FA2102F3E283B7C3F1D
:103D8000B6AB223EC9BF7C3F8340163EAC3A7D3F76
:103D900086CF093ECCAB7D3F73B2FA3D24137E3F04
:103DA0002EBCE13DB0707E3F36BDC83D6DC47E3F48
:103DB00080B6AF3D580E7F3F05A9963D6D4E7F3FC3
:103DC000742B7B3DAB847F3F2FFB483D0FB17F3F82
:103DD0002CC3163D98D37F3FB00AC93C43EC7F3FCC
:103DE000900E493C11FB7F3F000000000000803F27
:103DF000900E49BC11FB7F3FB00AC9BC43EC7F3F2A
:103E00002CC316BD98D37F3F2FFB48BD0FB17F3F1A
:103E1000742B7BBDAB847F3F05A996BD6D4E7F3F64
:103E200080B6AFBD580E7F3F36BDC8BD6DC47E3F66
:103E30002EBCE1BDB0707E3F73B2FABD24137E3F4D
:103E400086CF09BECCAB7D3F834016BEAC3A7D3FEA
:103E5000B6AB22BEC9BF7C3FA2102FBE283B7C3F21
:103E6000CF6E3BBECDAC7B3FC2C547BEBE147B3FD1
:103E7000011554BE02737A3F135C60BE9DC7793F43
:103E80007F9A6CBE9812793FCCCF78BEF853783FBA
:103E9000C07D82BEC58B773F938E88BE07BA763FC2
:103EA000229A8EBEC6DE753F31A094BE0BFA743FD7
:103EB00086A09ABEDD0B743FE59AA0BE4714733FFF
:103EC000128FA6BE5213723FD47CACBE0809713F5C
:103ED000EF63B2BE73F56F3F2A44B8BE9ED86E3F03
:103EE0004A1DBEBE93B26D3F15EFC3BE5E836C3FED
:103EF00053B9C9BE0C4B6B3FCA7BCFBEA7096A3F03
:103F00004136D5BE3CBF683F80E8DABED86B673F1C
:103F10004F92E0BE880F663F7533E6BE59AA643FF4
:103F2000BBCBEBBE5A3C633FEA5AF1BE98C5613F3A
:103F3000CBE0F6BE2146603F275DFCBE05BE5E3F7E
:103F4000E4E700BF532D5D3F3D9C03BF1A945B3FE8
:103F5000824B06BF6AF2593F9BF508BF5348583F52
:103F60006B9A0BBFE595563FDA390EBF31DB543FF4
:103F7000CDD310BF4918533F2A6813BF3D4D513F61
:103F8000D9F615BF1F7A4F3FC07F18BF029F4D3F24
:103F9000C6021BBFF8BB4B3FD17F1DBF12D1493FAB
:103FA000CBF61FBF65DE473F996722BF03E4453F5D
:103FB00025D224BF00E2433F563627BF70D8413F89
:103FC000159429BF67C73F3F4AEB2BBFF9AE3D3F72
:103FD000DE3B2EBF3B8F3B3FBB8530BF4268393F46
:103FE000C9C832BF233A373FF30435BFF304353F26
:103FF000233A37BFC9C8323F426839BFBB85303F1B
:104000003B8F3BBFDE3B2E3FF9AE3DBF4AEB2B3F24
:1040100067C73FBF1594293F70D841BF5636273F29
:1040200000E243BF25D2243F03E445BF9967223F06
:1040300065DE47BFCBF61F3F12D149BFD17F1D3F81
:10404000F8BB4BBFC6021B3F029F4DBFC07F183F4E
:104050001F7A4FBFD9F6153F3D4D51BF2A68133F18
:10406000491853BFCDD3103F31DB54BFDA390E3F6F
:10407000E59556BF6B9A0B3F534858BF9BF5083FD9
:104080006AF259BF824B063F1A945BBF3D9C033FC7
:10409000532D5DBFE4E7003F05BE5EBF275DFC3EDC
:1040A000214660BFCBE0F63E98C561BFEA5AF13EBB
:1040B0005A3C63BFBBCBEB3E59AA64BF7533E63EA7
:1040C000880F66BF4F92E03ED86B67BF80E8DA3E4C
:1040D0003CBF68BF4136D53EA7096ABFCA7BCF3E09
:1040E0000C4B6BBF53B9C93E5E836CBF15EFC33E2B
:1040F00093B26DBF4A1DBE3E9ED86EBF2A44B83EE5
:1041000073F56FBFEF63B23E080971BFD47CAC3E5C
:10411000521372BF128FA63E471473BFE59AA03E9A
:10412000DD0B74BF86A09A3E0BFA74BF31A0943E9B
:10413000C6DE75BF229A8E3E07BA76BF938E883E42
:10414000C58B77BFC07D823EF85378BFCCCF783E19
:10415000981279BF7F9A6C3E9DC779BF135C603E11
:1041600002737ABF0115543EBE147BBFC2C5473EE1
:10417000CDAC7BBFCF6E3B3E283B7CBFA2102F3E19
:10418000C9BF7CBFB6AB223EAC3A7DBF8340163E72
:10419000CCAB7DBF86CF093E24137EBF73B2FA3D00
:1041A000B0707EBF2EBCE13D6DC47EBF36BDC83D44
:1041B000580E7FBF80B6AF3D6D4E7FBF05A9963DBF
:1041C000AB847FBF742B7B3D0FB17FBF2FFB483D7E
:1041D00098D37FBF2CC3163D43EC7FBFB00AC93CC8
:1041E00011FB7FBF900E493C000080BF0000000023
:1041F00011FB7FBF900E49BC43EC7FBFB00AC9BC26
:1042000098D37FBF2CC316BD0FB17FBF2FFB48BD16
:10421000AB847FBF742B7BBD6D4E7FBF05A996BD60
:10422000580E7FBF80B6AFBD6DC47EBF36BDC8BD62
:10423000B0707EBF2EBCE1BD24137EBF73B2FABD49
:10424000CCAB7DBF86CF09BEAC3A7DBF834016BEE6
:10425000C9BF7CBFB6AB22BE283B7CBFA2102FBE1D
:10426000CDAC7BBFCF6E3BBEBE147BBFC2C547BECD
:1042700002737ABF011554BE9DC779BF135C60BE3F
:10428000981279BF7F9A6CBEF85378BFCCCF78BEB6
:10429000C58B77BFC07D82BE07BA76BF938E88BEBE
:1042A000C6DE75BF229A8EBE0BFA74BF31A094BED3
:1042B000DD0B74BF86A09ABE471473BFE59AA0BEFB
:1042C000521372BF128FA6BE080971BFD47CACBE58
:1042D00073F56FBFEF63B2BE9ED86EBF2A44B8BEFF
:1042E00093B26DBF4A1DBEBE5E836CBF15EFC3BEE9
:1042F0000C4B6BBF53B9C9BEA7096ABFCA7BCFBEFF
:104300003CBF68BF4136D5BED86B67BF80E8DABE18
:10431000880F66BF4F92E0BE59AA64BF7533E6BEF0
:104320005A3C63BFBBCBEBBE98C561BFEA5AF1BE36
:10433000214660BFCBE0F6BE05BE5EBF275DFCBE7A
:10434000532D5DBFE4E700BF1A945BBF3D9C03BFE4
:104350006AF259BF824B06BF534858BF9BF508BF4E
:10436000E59556BF6B9A0BBF31DB54BFDA390EBFF0
:10437000491853BFCDD310BF3D4D51BF2A6813BF5D
:104380001F7A4FBFD9F615BF029F4DBFC07F18BF20
:10439000F8BB4BBFC6021BBF12D149BFD17F1DBFA7
:1043A00065DE47BFCBF61FBF03E445BF996722BF59
:1043B00000E243BF25D224BF70D841BF563627BF85
:1043C00067C73FBF159429BFF9AE3DBF4AEB2BBF6E
:1043D0003B8F3BBFDE3B2EBF426839BFBB8530BF42
:1043E000233A37BFC9C832BFF30435BFF30435BF22
:1043F000C9C832BF233A37BFBB8530BF426839BF17
:10440000DE3B2EBF3B8F3BBF4AEB2BBFF9AE3DBF20
:10441000159429BF67C73FBF563627BF70D841BF25
:1044200025D224BF00E243BF996722BF03E445BF02
:10443000CBF61FBF65DE47BFD17F1DBF12D149BF7D
:10444000C6021BBFF8BB4BBFC07F18BF029F4DBF4A
:10445000D9F615BF1F7A4FBF2A6813BF3D4D51BF14
:10446000CDD310BF491853BFDA390EBF31DB54BF6B
:104470006B9A0BBFE59556BF9BF508BF534858BFD5
:10448000824B06BF6AF259BF3D9C03BF1A945BBFC3
:10449000E4E700BF532D5DBF275DFCBE05BE5EBFD8
:1044A000CBE0F6BE214660BFEA5AF1BE98C561BFB7
:1044B000BBCBEBBE5A3C63BF7533E6BE59AA64BFA3
:1044C0004F92E0BE880F66BF80E8DABED86B67BF48
:1044D0004136D5BE3CBF68BFCA7BCFBEA7096ABF05
:1044E00053B9C9BE0C4B6BBF15EFC3BE5E836CBF27
:1044F0004A1DBEBE93B26DBF2A44B8BE9ED86EBFE1
:10450000EF63B2BE73F56FBFD47CACBE080971BF58
:10451000128FA6BE521372BFE59AA0BE471473BF96
:1045200086A09ABEDD0B74BF31A094BE0BFA74BF97
:10453000229A8EBEC6DE75BF938E88BE07BA76BF3E
:10454000C07D82BEC58B77BFCCCF78BEF85378BF15
:104550007F9A6CBE981279BF135C60BE9DC779BF0D
:10456000011554BE02737ABFC2C547BEBE147BBFDD
:10457000CF6E3BBECDAC7BBFA2102FBE283B7CBF15
:10458000B6AB22BEC9BF7CBF834016BEAC3A7DBF6E
:1045900086CF09BECCAB7DBF73B2FABD24137EBFFC
:1045A0002EBCE1BDB0707EBF36BDC8BD6DC47EBF40
:1045B00080B6AFBD580E7FBF05A996BD6D4E7FBFBB
:1045C000742B7BBDAB847FBF2FFB48BD0FB17FBF7A
:1045D0002CC316BD98D37FBFB00AC9BC43EC7FBFC4
:1045E000900E49BC11FB7FBF00000080000080BF1F
:1045F000900E493C11FB7FBFB00AC93C43EC7FBF22
:104600002CC3163D98D37FBF2FFB483D0FB17FBF12
:10461000742B7B3DAB847FBF05A9963D6D4E7FBF5C
:1046200080B6AF3D580E7FBF36BDC83D6DC47EBF5E
:104630002EBCE13DB0707EBF73B2FA3D24137EBF45
:1046400086CF093ECCAB7DBF8340163EAC3A7DBFE2
:10465000B6AB223EC9BF7CBFA2102F3E283B7CBF19
:10466000CF6E3B3ECDAC7BBFC2C5473EBE147BBFC9
:104670000115543E02737ABF135C603E9DC779BF3B
:104680007F9A6C3E981279BFCCCF783EF85378BFB2
:10469000C07D823EC58B77BF938E883E07BA76BFBA
:1046A000229A8E3EC6DE75BF31A0943E0BFA74BFCF
:1046B00086A09A3EDD0B74BFE59AA03E471473BFF7
:1046C000128FA63E521372BFD47CAC3E080971BF54
:1046D000EF63B23E73F56FBF2A44B83E9ED86EBFFB
:1046E0004A1DBE3E93B26DBF15EFC33E5E836CBFE5
:1046F00053B9C93E0C4B6BBFCA7BCF3EA7096ABFFB
:104700004136D53E3CBF68BF80E8DA3ED86B67BF14
:104710004F92E03E880F66BF7533E63E59AA64BFEC
:10472000BBCBEB3E5A3C63BFEA5AF13E98C561BF32
:10473000CBE0F63E214660BF275DFC3E05BE5EBF76
:10474000E4E7003F532D5DBF3D9C033F1A945BBFE0
:10475000824B063F6AF259BF9BF5083F534858BF4A
:104760006B9A0B3FE59556BFDA390E3F31DB54BFEC
:10477000CDD3103F491853BF2A68133F3D4D51BF59
:10478000D9F6153F1F7A4FBFC07F183F029F4DBF1C
:10479000C6021B3FF8BB4BBFD17F1D3F12D149BFA3
:1047A000CBF61F3F65DE47BF9967223F03E445BF55
:1047B00025D2243F00E243BF5636273F70D841BF81
:1047C0001594293F67C73FBF4AEB2B3FF9AE3DBF6A
:1047D000DE3B2E3F3B8F3BBFBB85303F426839BF3E
:1047E000C9C8323F233A37BFF304353FF30435BF1E
:1047F000233A373FC9C832BF4268393FBB8530BF13
:104800003B8F3B3FDE3B2EBFF9AE3D3F4AEB2BBF1C
:1048100067C73F3F159429BF70D8413F563627BF21
:1048200000E2433F25D224BF03E4453F996722BFFE
:1048300065DE473FCBF61FBF12D1493FD17F1DBF79
:10484000F8BB4B3FC6021BBF029F4D3FC07F18BF46
:104850001F7A4F3FD9F615BF3D4D513F2A6813BF10
:104860004918533FCDD310BF31DB543FDA390EBF67
:10487000E595563F6B9A0BBF5348583F9BF508BFD1
:104880006AF2593F824B06BF1A945B3F3D9C03BFBF
:10489000532D5D3FE4E700BF05BE5E3F275DFCBED4
:1048A0002146603FCBE0F6BE98C5613FEA5AF1BEB3
:1048B0005A3C633FBBCBEBBE59AA643F7533E6BE9F
:1048C000880F663F4F92E0BED86B673F80E8DABE44
:1048D0003CBF683F4136D5BEA7096A3FCA7BCFBE01
:1048E0000C4B6B3F53B9C9BE5E836C3F15EFC3BE23
:1048F00093B26D3F4A1DBEBE9ED86E3F2A44B8BEDD
:1049000073F56F3FEF63B2BE0809713FD47CACBE54
:104910005213723F128FA6BE4714733FE59AA0BE92
:10492000DD0B743F86A09ABE0BFA743F31A094BE93
:10493000C6DE753F229A8EBE07BA763F938E88BE3A
:10494000C58B773FC07D82BEF853783FCCCF78BE11
:104950009812793F7F9A6CBE9DC7793F135C60BE09
:1049600002737A3F011554BEBE147B3FC2C547BED9
:10497000CDAC7B3FCF6E3BBE283B7C3FA2102FBE11
:10498000C9BF7C3FB6AB22BEAC3A7D3F834016BE6A
:10499000CCAB7D3F86CF09BE24137E3F73B2FABDF8
:1049A000B0707E3F2EBCE1BD6DC47E3F36BDC8BD3C
:1049B000580E7F3F80B6AFBD6D4E7F3F05A996BDB7
:1049C000AB847F3F742B7BBD0FB17F3F2FFB48BD76
:1049D00098D37F3F2CC316BD43EC7F3FB00AC9BCC0
:1049E00011FB7F3F900E49BC0000803F000000009B
:1049F0006DC47E3F36BDC83DBE147B3FC2C5473E39
:104A00000BFA743F31A0943E5E836C3F15EFC33EBA
:104A100098C5613FEA5AF13E31DB543FDA390E3F27
:104A200003E4453F9967223FF304353FF304353FE4
:104A30009967223F03E4453FDA390E3F31DB543FAB
:104A4000EA5AF13E98C5613F15EFC33E5E836C3F65
:104A500031A0943E0BFA743FC2C5473EBE147B3F63
:104A600036BDC83D6DC47E3F000000000000803FA1
:104A700036BDC8BD6DC47E3FC2C547BEBE147B3FB8
:104A800031A094BE0BFA743F15EFC3BE5E836C3F3A
:104A9000EA5AF1BE98C5613FDA390EBF31DB543FA7
:104AA000996722BF03E4453FF30435BFF304353F64
:104AB00003E445BF9967223F31DB54BFDA390E3F2B
:104AC00098C561BFEA5AF13E5E836CBF15EFC33EE5
:104AD0000BFA74BF31A0943EBE147BBFC2C5473EE3
:104AE0006DC47EBF36BDC83D000080BF0000000021
:104AF0006DC47EBF36BDC8BDBE147BBFC2C547BE38
:104B00000BFA74BF31A094BE5E836CBF15EFC3BEB9
:104B100098C561BFEA5AF1BE31DB54BFDA390EBF26
:104B200003E445BF996722BFF30435BFF30435BFE3
:104B3000996722BF03E445BFDA390EBF31DB54BFAA
:104B4000EA5AF1BE98C561BF15EFC3BE5E836CBF64
:104B500031A094BE0BFA74BFC2C547BEBE147BBF62
:104B600036BDC8BD6DC47EBF00000080000080BFA0
:104B700036BDC83D6DC47EBFC2C5473EBE147BBFB7
:104B800031A0943E0BFA74BF15EFC33E5E836CBF39
:104B9000EA5AF13E98C561BFDA390E3F31DB54BFA6
:104BA0009967223F03E445BFF304353FF30435BF63
:104BB00003E4453F996722BF31DB543FDA390EBF2A
:104BC00098C5613FEA5AF1BE5E836C3F15EFC3BEE4
:104BD0000BFA743F31A094BEBE147B3FC2C547BEE2
:104BE0006DC47E3F36BDC8BD000000000000803FA0
:104BF000890FC93BC4FE7F3F900E493C11FB7F3FAC
:104C0000B6C9963CE6F47F3FB00AC93C43EC7F3F0F
:104C1000B949FB3C29E17F3F2CC3163D98D37F3F28
:104C200007E02F3D8FC37F3F2FFB483D0FB17F3FF4
:104C30006814623D189C7F3F742B7B3DAB847F3FA3
:104C40000A208A3DC76A7F3F05A9963D6D4E7F3F8A
:104C50008C30A33D9D2F7F3F80B6AF3D580E7F3FE8
:104C6000C33ABC3D9DEA7E3F36BDC83D6DC47E3F24
:104C7000B93DD53DC99B7E3F2EBCE13DB0707E3F26
:104C80007638EE3D23437E3F73B2FA3D24137E3FD8
:104C90000295033EB1E07D3F86CF093ECCAB7D3F20
:104CA000B708103E74747D3F8340163EAC3A7D3F9A
:104CB000DE761C3E73FE7C3FB6AB223EC9BF7C3F16
:104CC000FCDE283EB07E7C3FA2102F3E283B7C3F7E
:104CD0009840353E31F57B3FCF6E3B3ECDAC7B3FC0
:104CE000379B413EFC617B3FC2C5473EBE147B3FC4
:104CF00060EE4D3E16C57A3F0115543E02737A3F71
:104D000097395A3E841E7A3F135C603E9DC7793FB7
:104D1000667C663E4E6E793F7F9A6C3E9812793F74
:104D200051B6723E7BB4783FCCCF783EF853783F93
:104D3000E1E67E3E10F1773FC07D823EC58B773F36
:104D4000CE86853E1724773F938E883E07BA763FFE
:104D500007958B3E974D763F229A8E3EC6DE753F75
:104D6000DD9D913E976D753F31A0943E0BFA743FE7
:104D700017A1973E2284743F86A09A3EDD0B743FB4
:104D8000789E9D3E3F91733FE59AA03E4714733F46
:104D9000C595A33EF894723F128FA63E5213723F00
:104DA000C486A93E578F713FD47CAC3E0809713F41
:104DB0003A71AF3E6680703FEF63B23E73F56F3F6E
:104DC000EC54B53E30686F3F2A44B83E9ED86E3FE3
:104DD000A031BB3EBE466E3F4A1DBE3E93B26D3F04
:104DE0001E07C13E1D1C6D3F15EFC33E5E836C3F29
:104DF00029D5C63E58E86B3F53B9C93E0C4B6B3FB3
:104E00008B9BCC3E7BAB6A3FCA7BCF3EA7096A3FF8
:104E1000095AD23E9165693F4136D53E3CBF683F55
:104E20006B10D83EA816683F80E8DA3ED86B673F23
:104E300079BEDD3ECCBE663F4F92E03E880F663FB6
:104E4000FA63E33E0B5E653F7533E63E59AA643F65
:104E5000B700E93E73F4633FBBCBEB3E5A3C633F84
:104E60007994EE3E1082623FEA5AF13E98C5613F66
:104E7000071FF43EF206613FCBE0F63E2146603F5D
:104E80002DA0F93E27835F3F275DFC3E05BE5E3FB8
:104E9000B217FF3EBEF65D3FE4E7003F532D5D3F96
:104EA000B142023FC7615C3F3D9C033F1A945B3FA8
:104EB00084F4043F50C45A3F824B063F6AF2593F84
:104EC00036A1073F6A1E593F9BF5083F5348583F9C
:104ED000AD480A3F2670573F6B9A0B3FE595563F0A
:104EE000D0EA0C3F93B9553FDA390E3F31DB543FDE
:104EF00084870F3FC3FA533FCDD3103F4918533F28
:104F0000B01E123FC633523F2A68133F3D4D513FFA
:104F100039B0143FAF64503FD9F6153F1F7A4F3F69
:104F2000073C173F908D4E3FC07F183F029F4D3F7B
:104F300000C2193F79AE4C3FC6021B3FF8BB4B3F46
:104F40000C421C3F7FC74A3FD17F1D3F12D1493FD2
:104F500012BC1E3FB3D8483FCBF61F3F65DE473F2C
:104F6000F92F213F2AE2463F9967223F03E4453F5C
:104F7000A99D233FF5E3443F25D2243F00E2433F70
:104F80000A05263F29DE423F5636273F70D8413F6B
:104F90000566283FDAD0403F1594293F67C73F3F59
:104FA00082C02A3F1BBC3E3F4AEB2B3FF9AE3D3F40
:104FB00069142D3F03A03C3FDE3B2E3F3B8F3B3F20
:104FC000A5612F3FA47C3A3FBB85303F4268393F03
:104FD0001DA8313F1652383FC9C8323F233A373FE8
:104FE000BCE7333F6C20363FF304353FF304353FD5
:104FF0006C20363FBCE7333F233A373FC9C8323FC6
:105000001652383F1DA8313F4268393FBB85303FBB
:10501000A47C3A3FA5612F3F3B8F3B3FDE3B2E3FB9
:1050200003A03C3F69142D3FF9AE3D3F4AEB2B3FB7
:105030001BBC3E3F82C02A3F67C73F3F1594293FB4
:10504000DAD0403F0566283F70D8413F5636273FAB
:1050500029DE423F0A05263F00E2433F25D2243F96
:10506000F5E3443FA99D233F03E4453F9967223F71
:105070002AE2463FF92F213F65DE473FCBF61F3F2F
:10508000B3D8483F12BC1E3F12D1493FD17F1D3FCC
:105090007FC74A3F0C421C3FF8BB4B3FC6021B3F39
:1050A00079AE4C3F00C2193F029F4D3FC07F183F71
:1050B000908D4E3F073C173F1F7A4F3FD9F6153F63
:1050C000AF64503F39B0143F3D4D513F2A68133F04
:1050D000C633523FB01E123F4918533FCDD3103F45
:1050E000C3FA533F84870F3F31DB543FDA390E3F19
:1050F00093B9553FD0EA0C3FE595563F6B9A0B3F6D
:105100002670573FAD480A3F5348583F9BF5083F2C
:105110006A1E593F36A1073F6AF2593F824B063F4C
:1051200050C45A3F84F4043F1A945B3F3D9C033FB4
:10513000C7615C3FB142023F532D5D3FE4E7003F52
:10514000BEF65D3FB217FF3E05BE5E3F275DFC3EEB
:1051500027835F3F2DA0F93E2146603FCBE0F63E1E
:10516000F206613F071FF43E98C5613FEA5AF13EDF
:105170001082623F7994EE3E5A3C633FBBCBEB3EDC
:1051800073F4633FB700E93E59AA643F7533E63EC6
:105190000B5E653FFA63E33E880F663F4F92E03E49
:1051A000CCBE663F79BEDD3ED86B673F80E8DA3E15
:1051B000A816683F6B10D83E3CBF683F4136D53ECD
:1051C0009165693F095AD23EA7096A3FCA7BCF3E23
:1051D0007BAB6A3F8B9BCC3E0C4B6B3F53B9C93EBC
:1051E00058E86B3F29D5C63E5E836C3F15EFC33E42
:1051F0001D1C6D3F1E07C13E93B26D3F4A1DBE3E52
:10520000BE466E3FA031BB3E9ED86E3F2A44B83E9C
:1052100030686F3FEC54B53E73F56F3FEF63B23EBD
:105220006680703F3A71AF3E0809713FD47CAC3E56
:10523000578F713FC486A93E5213723F128FA63E0C
:10524000F894723FC595A33E4714733FE59AA03E7C
:105250003F91733F789E9D3EDD0B743F86A09A3E42
:105260002284743F17A1973E0BFA743F31A0943EFD
:10527000976D753FDD9D913EC6DE753F229A8E3E4D
:10528000974D763F07958B3E07BA763F938E883EC3
:105290001724773FCE86853EC58B773FC07D823E03
:1052A00010F1773FE1E67E3EF853783FCCCF783E71
:1052B0007BB4783F51B6723E9812793F7F9A6C3E2C
:1052C0004E6E793F667C663E9DC7793F135C603EBB
:1052D000841E7A3F97395A3E02737A3F0115543E35
:1052E00016C57A3F60EE4D3EBE147B3FC2C5473EB9
:1052F000FC617B3F379B413ECDAC7B3FCF6E3B3E5D
:1053000031F57B3F9840353E283B7C3FA2102F3E35
:10531000B07E7C3FFCDE283EC9BF7C3FB6AB223E60
:1053200073FE7C3FDE761C3EAC3A7D3F8340163EEA
:1053300074747D3FB708103ECCAB7D3F86CF093EED
:10534000B1E07D3F0295033E24137E3F73B2FA3DE8
:1053500023437E3F7638EE3DB0707E3F2EBCE13D6C
:10536000C99B7E3FB93DD53D6DC47E3F36BDC83D2E
:105370009DEA7E3FC33ABC3D580E7F3F80B6AF3DAD
:105380009D2F7F3F8C30A33D6D4E7F3F05A9963DFD
:10539000C76A7F3F0A208A3DAB847F3F742B7B3DE9
:1053A000189C7F3F6814623D0FB17F3F2FFB483D43
:1053B0008FC37F3F07E02F3D98D37F3F2CC3163D1F
:1053C00029E17F3FB949FB3C43EC7F3FB00AC93C30
:1053D000E6F47F3FB6C9963C11FB7F3F900E493CF7
:1053E000C4FE7F3F890FC93B0000803F00000000E2
:1053F000C4FE7F3F890FC9BB11FB7F3F900E49BCA4
:10540000E6F47F3FB6C996BC43EC7F3FB00AC9BC07
:1054100029E17F3FB949FBBC98D37F3F2CC316BD20
:105420008FC37F3F07E02FBD0FB17F3F2FFB48BDEC
:10543000189C7F3F681462BDAB847F3F742B7BBD9B
:10544000C76A7F3F0A208ABD6D4E7F3F05A996BD82
:105450009D2F7F3F8C30A3BD580E7F3F80B6AFBDE0
:105460009DEA7E3FC33ABCBD6DC47E3F36BDC8BD1C
:10547000C99B7E3FB93DD5BDB0707E3F2EBCE1BD1E
:1054800023437E3F7638EEBD24137E3F73B2FABDD0
:10549000B1E07D3F029503BECCAB7D3F86CF09BE18
:1054A00074747D3FB70810BEAC3A7D3F834016BE92
:1054B00073FE7C3FDE761CBEC9BF7C3FB6AB22BE0E
:1054C000B07E7C3FFCDE28BE283B7C3FA2102FBE76
:1054D00031F57B3F984035BECDAC7B3FCF6E3BBEB8
:1054E000FC617B3F379B41BEBE147B3FC2C547BEBC
:1054F00016C57A3F60EE4DBE02737A3F011554BE69
:10550000841E7A3F97395ABE9DC7793F135C60BEAF
:105510004E6E793F667C66BE9812793F7F9A6CBE6C
:105520007BB4783F51B672BEF853783FCCCF78BE8B
:1055300010F1773FE1E67EBEC58B773FC07D82BE2E
:105540001724773FCE8685BE07BA763F938E88BEF6
:10555000974D763F07958BBEC6DE753F229A8EBE6D
:10556000976D753FDD9D91BE0BFA743F31A094BEDF
:105570002284743F17A197BEDD0B743F86A09ABEAC
:105580003F91733F789E9DBE4714733FE59AA0BE3E
:10559000F894723FC595A3BE5213723F128FA6BEF8
:1055A000578F713FC486A9BE0809713FD47CACBE39
:1055B0006680703F3A71AFBE73F56F3FEF63B2BE66
:1055C00030686F3FEC54B5BE9ED86E3F2A44B8BEDB
:1055D000BE466E3FA031BBBE93B26D3F4A1DBEBEFC
:1055E0001D1C6D3F1E07C1BE5E836C3F15EFC3BE21
:1055F00058E86B3F29D5C6BE0C4B6B3F53B9C9BEAB
:105600007BAB6A3F8B9BCCBEA7096A3FCA7BCFBEF0
:105610009165693F095AD2BE3CBF683F4136D5BE4D
:10562000A816683F6B10D8BED86B673F80E8DABE1B
:10563000CCBE663F79BEDDBE880F663F4F92E0BEAE
:105640000B5E653FFA63E3BE59AA643F7533E6BE5D
:1056500073F4633FB700E9BE5A3C633FBBCBEBBE7C
:105660001082623F7994EEBE98C5613FEA5AF1BE5E
:10567000F206613F071FF4BE2146603FCBE0F6BE55
:1056800027835F3F2DA0F9BE05BE5E3F275DFCBEB0
:10569000BEF65D3FB217FFBE532D5D3FE4E700BF8E
:1056A000C7615C3FB14202BF1A945B3F3D9C03BFA0
:1056B00050C45A3F84F404BF6AF2593F824B06BF7C
:1056C0006A1E593F36A107BF5348583F9BF508BF94
:1056D0002670573FAD480ABFE595563F6B9A0BBF02
:1056E00093B9553FD0EA0CBF31DB543FDA390EBFD6
:1056F000C3FA533F84870FBF4918533FCDD310BF20
:10570000C633523FB01E12BF3D4D513F2A6813BFF2
:10571000AF64503F39B014BF1F7A4F3FD9F615BF61
:10572000908D4E3F073C17BF029F4D3FC07F18BF73
:1057300079AE4C3F00C219BFF8BB4B3FC6021BBF3E
:105740007FC74A3F0C421CBF12D1493FD17F1DBFCA
:10575000B3D8483F12BC1EBF65DE473FCBF61FBF24
:105760002AE2463FF92F21BF03E4453F996722BF54
:10577000F5E3443FA99D23BF00E2433F25D224BF68
:1057800029DE423F0A0526BF70D8413F563627BF63
:10579000DAD0403F056628BF67C73F3F159429BF51
:1057A0001BBC3E3F82C02ABFF9AE3D3F4AEB2BBF38
:1057B00003A03C3F69142DBF3B8F3B3FDE3B2EBF18
:1057C000A47C3A3FA5612FBF4268393FBB8530BFFB
:1057D0001652383F1DA831BF233A373FC9C832BFE0
:1057E0006C20363FBCE733BFF304353FF30435BFCD
:1057F000BCE7333F6C2036BFC9C8323F233A37BFBE
:105800001DA8313F165238BFBB85303F426839BFB3
:10581000A5612F3FA47C3ABFDE3B2E3F3B8F3BBFB1
:1058200069142D3F03A03CBF4AEB2B3FF9AE3DBFAF
:1058300082C02A3F1BBC3EBF1594293F67C73FBFAC
:105840000566283FDAD040BF5636273F70D841BFA3
:105850000A05263F29DE42BF25D2243F00E243BF8E
:10586000A99D233FF5E344BF9967223F03E445BF69
:10587000F92F213F2AE246BFCBF61F3F65DE47BF27
:1058800012BC1E3FB3D848BFD17F1D3F12D149BFC4
:105890000C421C3F7FC74ABFC6021B3FF8BB4BBF31
:1058A00000C2193F79AE4CBFC07F183F029F4DBF69
:1058B000073C173F908D4EBFD9F6153F1F7A4FBF5B
:1058C00039B0143FAF6450BF2A68133F3D4D51BFFC
:1058D000B01E123FC63352BFCDD3103F491853BF3D
:1058E00084870F3FC3FA53BFDA390E3F31DB54BF11
:1058F000D0EA0C3F93B955BF6B9A0B3FE59556BF65
:10590000AD480A3F267057BF9BF5083F534858BF24
:1059100036A1073F6A1E59BF824B063F6AF259BF44
:1059200084F4043F50C45ABF3D9C033F1A945BBFAC
:10593000B142023FC7615CBFE4E7003F532D5DBF4A
:10594000B217FF3EBEF65DBF275DFC3E05BE5EBFE3
:105950002DA0F93E27835FBFCBE0F63E214660BF16
:10596000071FF43EF20661BFEA5AF13E98C561BFD7
:105970007994EE3E108262BFBBCBEB3E5A3C63BFD4
:10598000B700E93E73F463BF7533E63E59AA64BFBE
:10599000FA63E33E0B5E65BF4F92E03E880F66BF41
:1059A00079BEDD3ECCBE66BF80E8DA3ED86B67BF0D
:1059B0006B10D83EA81668BF4136D53E3CBF68BFC5
:1059C000095AD23E916569BFCA7BCF3EA7096ABF1B
:1059D0008B9BCC3E7BAB6ABF53B9C93E0C4B6BBFB4
:1059E00029D5C63E58E86BBF15EFC33E5E836CBF3A
:1059F0001E07C13E1D1C6DBF4A1DBE3E93B26DBF4A
:105A0000A031BB3EBE466EBF2A44B83E9ED86EBF94
:105A1000EC54B53E30686FBFEF63B23E73F56FBFB5
:105A20003A71AF3E668070BFD47CAC3E080971BF4E
:105A3000C486A93E578F71BF128FA63E521372BF04
:105A4000C595A33EF89472BFE59AA03E471473BF74
:105A5000789E9D3E3F9173BF86A09A3EDD0B74BF3A
:105A600017A1973E228474BF31A0943E0BFA74BFF5
:105A7000DD9D913E976D75BF229A8E3EC6DE75BF45
:105A800007958B3E974D76BF938E883E07BA76BFBB
:105A9000CE86853E172477BFC07D823EC58B77BFFB
:105AA000E1E67E3E10F177BFCCCF783EF85378BF69
:105AB00051B6723E7BB478BF7F9A6C3E981279BF24
:105AC000667C663E4E6E79BF135C603E9DC779BFB3
:105AD00097395A3E841E7ABF0115543E02737ABF2D
:105AE00060EE4D3E16C57ABFC2C5473EBE147BBFB1
:105AF000379B413EFC617BBFCF6E3B3ECDAC7BBF55
:105B00009840353E31F57BBFA2102F3E283B7CBF2D
:105B1000FCDE283EB07E7CBFB6AB223EC9BF7CBF58
:105B2000DE761C3E73FE7CBF8340163EAC3A7DBFE2
:105B3000B708103E74747DBF86CF093ECCAB7DBFE5
:105B40000295033EB1E07DBF73B2FA3D24137EBFE0
:105B50007638EE3D23437EBF2EBCE13DB0707EBF64
:105B6000B93DD53DC99B7EBF36BDC83D6DC47EBF26
:105B7000C33ABC3D9DEA7EBF80B6AF3D580E7FBFA5
:105B80008C30A33D9D2F7FBF05A9963D6D4E7FBFF5
:105B90000A208A3DC76A7FBF742B7B3DAB847FBFE1
:105BA0006814623D189C7FBF2FFB483D0FB17FBF3B
:105BB00007E02F3D8FC37FBF2CC3163D98D37FBF17
:105BC000B949FB3C29E17FBFB00AC93C43EC7FBF28
:105BD000B6C9963CE6F47FBF900E493C11FB7FBFEF
:105BE000890FC93BC4FE7FBF000000000000803F5A
:105BF0002FFB483D0FB17F3F36BDC83D6DC47E3F92
:105C00008340163EAC3A7D3FC2C5473EBE147B3F43
:105C1000CCCF783EF853783F31A0943E0BFA743FD6
:105C2000D47CAC3E0809713F15EFC33E5E836C3FE8
:105C300080E8DA3ED86B673FEA5AF13E98C5613F8B
:105C40003D9C033F1A945B3FDA390E3F31DB543FF2
:105C5000C07F183F029F4D3F9967223F03E4453FB5
:105C60004AEB2B3FF9AE3D3FF304353FF304353F9C
:105C7000F9AE3D3F4AEB2B3F03E4453F9967223F96
:105C8000029F4D3FC07F183F31DB543FDA390E3F52
:105C90001A945B3F3D9C033F98C5613FEA5AF13E31
:105CA000D86B673F80E8DA3E5E836C3F15EFC33EFA
:105CB0000809713FD47CAC3E0BFA743F31A0943E8E
:105CC000F853783FCCCF783EBE147B3FC2C5473EE9
:105CD000AC3A7D3F8340163E6DC47E3F36BDC83D25
:105CE0000FB17F3F2FFB483D0000803F00000000C8
:105CF0000FB17F3F2FFB48BD6DC47E3F36BDC8BD91
:105D0000AC3A7D3F834016BEBE147B3FC2C547BE42
:105D1000F853783FCCCF78BE0BFA743F31A094BED5
:105D20000809713FD47CACBE5E836C3F15EFC3BEE7
:105D3000D86B673F80E8DABE98C5613FEA5AF1BE8A
:105D40001A945B3F3D9C03BF31DB543FDA390EBFF1
:105D5000029F4D3FC07F18BF03E4453F996722BFB4
:105D6000F9AE3D3F4AEB2BBFF304353FF30435BF9B
:105D70004AEB2B3FF9AE3DBF9967223F03E445BF95
:105D8000C07F183F029F4DBFDA390E3F31DB54BF51
:105D90003D9C033F1A945BBFEA5AF13E98C561BF30
:105DA00080E8DA3ED86B67BF15EFC33E5E836CBFF9
:105DB000D47CAC3E080971BF31A0943E0BFA74BF8D
:105DC000CCCF783EF85378BFC2C5473EBE147BBFE8
:105DD0008340163EAC3A7DBF36BDC83D6DC47EBF24
:105DE0002FFB483D0FB17FBF000000000000803F47
:105DF000C70F493BB1FF7F3F890FC93BC4FE7F3FBF
:105E000059CB163C39FD7F3F900E493C11FB7F3F3B
:105E10004B517B3C4AF87F3FB6C9963CE6F47F3F46
:105E200069EAAF3CE3F07F3FB00AC93C43EC7F3FF7
:105E30007B2AE23C05E77F3FB949FB3C29E17F3FF4
:105E40002F340A3DAFDA7F3F2CC3163D98D37F3FF6
:105E5000CC51233DE2CB7F3F07E02F3D8FC37F3FF7
:105E6000D56D3C3D9EBA7F3F2FFB483D0FB17F3F34
:105E70000E88553DE3A67F3F6814623D189C7F3F26
:105E800038A06E3DB1907F3F742B7B3DAB847F3F4C
:105E90000ADB833D08787F3F0A208A3DC76A7F3F3F
:105EA000B464903DE95C7F3F05A9963D6D4E7F3F10
:105EB000F9EC9C3D543F7F3F8C30A33D9D2F7F3FAD
:105EC000BA73A93D491F7F3F80B6AF3D580E7F3F53
:105ED000DAF8B53DC9FC7E3FC33ABC3D9DEA7E3F42
:105EE000397CC23DD4D77E3F36BDC83D6DC47E3FB0
:105EF000B7FDCE3D69B07E3FB93DD53DC99B7E3FE4
:105F0000377DDB3D8B867E3F2EBCE13DB0707E3F12
:105F10009AFAE73D385A7E3F7638EE3D23437E3F7E
:105F2000C075F43D722B7E3F73B2FA3D24137E3F61
:105F30004577003E38FA7D3F0295033EB1E07D3F54
:105F40006EB2063E8CC67D3F86CF093ECCAB7D3F10
:105F50004AEC0C3E6E907D3FB708103E74747D3F56
:105F6000CA24133EDE577D3F8340163EAC3A7D3F48
:105F7000E05B193EDD1C7D3FDE761C3E73FE7C3F00
:105F80007B911F3E6CDF7C3FB6AB223EC9BF7C3F9E
:105F90008CC5253E8A9F7C3FFCDE283EB07E7C3F40
:105FA00004F82B3E3A5D7C3FA2102F3E283B7C3FFD
:105FB000D428323E7A187C3F9840353E31F57B3FFD
:105FC000EC57383E4DD17B3FCF6E3B3ECDAC7B3F57
:105FD0003E853E3EB2877B3F379B413EFC617B3F27
:105FE000B9B0443EAB3B7B3FC2C5473EBE147B3F8E
:105FF0004FDA4A3E37ED7A3F60EE4D3E16C57A3FA6
:10600000F101513E599C7A3F0115543E02737A3F8B
:106010008F27573E10497A3F97395A3E841E7A3F60
:106020001A4B5D3E5EF3793F135C603E9DC7793F3E
:10603000836C633E439B793F667C663E4E6E793F40
:10604000BA8B693EC040793F7F9A6C3E9812793F87
:10605000B2A86F3ED6E3783F51B6723E7BB4783F2C
:106060005AC3753E8684783FCCCF783EF853783F4C
:10607000A4DB7B3ED122783FE1E67E3E10F1773F04
:10608000C0F8803EB7BE773FC07D823EC58B773F6C
:106090007002843E3A58773FCE86853E1724773F7C
:1060A000DA0A873E5BEF763F938E883E07BA763FEB
:1060B000F8118A3E1B84763F07958B3E974D763FBD
:1060C000C0178D3E7A16763F229A8E3EC6DE753F09
:1060D0002C1C903E7BA6753FDD9D913E976D753FD4
:1060E000351F933E1D34753F31A0943E0BFA743F2B
:1060F000D220963E62BF743F17A1973E2284743F20
:10610000FE20993E4B48743F86A09A3EDD0B743FBB
:10611000AF1F9C3ED9CE733F789E9D3E3F91733F0B
:10612000DF1C9F3E0E53733FE59AA03E4714733F1A
:106130008718A23EEBD4723FC595A33EF894723FF8
:106140009F12A53E7054723F128FA63E5213723FAB
:106150001F0BA83E9FD1713FC486A93E578F713F48
:106160000102AB3E7A4C713FD47CAC3E0809713FD2
:106170003CF7AD3E02C5703F3A71AF3E6680703F5E
:10618000CBEAB03E373B703FEF63B23E73F56F3FF3
:10619000A5DCB33E1BAF6F3FEC54B53E30686F3F9C
:1061A000C3CCB63EB0206F3F2A44B83E9ED86E3F67
:1061B0001EBBB93EF88F6E3FA031BB3EBE466E3F60
:1061C000AFA7BC3EF2FC6D3F4A1DBE3E93B26D3F91
:1061D0006F92BF3EA1676D3F1E07C13E1D1C6D3F04
:1061E000557BC23E07D06C3F15EFC33E5E836C3FCC
:1061F0005C62C53E24366C3F29D5C63E58E86B3FED
:106200007C47C83EFB996B3F53B9C93E0C4B6B3F73
:10621000AE2ACB3E8CFB6A3F8B9BCC3E7BAB6A3F6E
:10622000EA0BCE3ED95A6A3FCA7BCF3EA7096A3FE6
:106230002AEBD03EE4B7693F095AD23E9165693FE7
:1062400067C8D33EAE12693F4136D53E3CBF683F7A
:1062500099A3D63E396B683F6B10D83EA816683FAD
:10626000B97CD93E87C1673F80E8DA3ED86B673F8B
:10627000C153DC3E9915673F79BEDD3ECCBE663F1B
:10628000A928DF3E7167663F4F92E03E880F663F68
:106290006AFBE13E10B7653FFA63E33E0B5E653F84
:1062A000FECBE43E7904653F7533E63E59AA643F70
:1062B0005D9AE73EAC4F643FB700E93E73F4633F3D
:1062C0008166EA3EAC98633FBBCBEB3E5A3C633FF2
:1062D0006330ED3E7BDF623F7994EE3E1082623F99
:1062E000FBF7EF3E1A24623FEA5AF13E98C5613F40
:1062F00043BDF23E8A66613F071FF43EF206613FEE
:106300003580F53ECFA6603FCBE0F63E2146603FAC
:10631000C840F83EE9E45F3F2DA0F93E27835F3F88
:10632000F7FEFA3EDB205F3F275DFC3E05BE5E3F89
:10633000BBBAFD3EA65A5E3FB217FF3EBEF65D3FBA
:10634000063A003F4D925D3FE4E7003F532D5D3F2D
:106350007395013FD1C75C3FB142023FC7615C3FCB
:106360009FEF023F34FB5B3F3D9C033F1A945B3F32
:106370008948043F792C5B3F84F4043F50C45A3F62
:106380002CA0053FA05B5A3F824B063F6AF2593F63
:1063900086F6063FAD88593F36A1073F6A1E593F32
:1063A000924B083FA1B3583F9BF5083F5348583FD5
:1063B0004E9F093F7FDC573FAD480A3F2670573F4D
:1063C000B7F10A3F4803573F6B9A0B3FE595563F9D
:1063D000C9420C3FFE27563FD0EA0C3F93B9553FC8
:1063E00081920D3FA44A553FDA390E3F31DB543FCD
:1063F000DBE00E3F3B6B543F84870F3FC3FA533FB4
:10640000D52D103FC789533FCDD3103F4918533F77
:106410006B79113F49A6523FB01E123FC633523F1F
:106420009AC3123FC2C0513F2A68133F3D4D513FAE
:106430005F0C143F37D9503F39B0143FAF64503F21
:10644000B753153FA8EF4F3FD9F6153F1F7A4F3F7F
:106450009F99163F17044F3F073C173F908D4E3FC3
:1064600012DE173F89164E3FC07F183F029F4D3FF7
:106470000F21193FFD264D3F00C2193F79AE4C3F19
:1064800093621A3F78354C3FC6021B3FF8BB4B3F27
:1064900099A21B3FFA414B3F0C421C3F7FC74A3F2A
:1064A0001FE11C3F874C4A3FD17F1D3F12D1493F1E
:1064B000221E1E3F2155493F12BC1E3FB3D8483F04
:1064C0009F591F3FCA5B483FCBF61F3F65DE473FE2
:1064D0009393203F8560473FF92F213F2AE2463FB3
:1064E000FBCB213F5463463F9967223F03E4453F7E
:1064F000D302233F3964453FA99D233FF5E3443F41
:106500001A38243F3763443F25D2243F00E2433FFB
:10651000CB6B253F5160433F0A05263F29DE423FB2
:10652000E39D263F895B423F5636273F70D8413F67
:1065300061CE273FE154413F0566283FDAD0403F16
:1065400041FD283F5C4C403F1594293F67C73F3FC2
:10655000802A2A3FFC413F3F82C02A3F1BBC3E3F6E
:106560001B562B3FC5353E3F4AEB2B3FF9AE3D3F17
:106570000F802C3FB8273D3F69142D3F03A03C3FBF
:1065800059A82D3FD9173C3FDE3B2E3F3B8F3B3F69
:10659000F7CE2E3F29063B3FA5612F3FA47C3A3F13
:1065A000E6F32F3FACF2393FBB85303F4268393FBD
:1065B0002217313F65DD383F1DA8313F1652383F65
:1065C000AA38323F55C6373FC9C8323F233A373F12
:1065D0007A58333F7FAD363FBCE7333F6C20363FC0
:1065E0008F76343FE792353FF304353FF304353F70
:1065F000E792353F8F76343F6C20363FBCE7333F20
:106600007FAD363F7A58333F233A373FC9C8323FD0
:1066100055C6373FAA38323F1652383F1DA8313F82
:1066200065DD383F2217313F4268393FBB85303F37
:10663000ACF2393FE6F32F3FA47C3A3FA5612F3FF0
:1066400029063B3FF7CE2E3F3B8F3B3FDE3B2E3FA5
:10665000D9173C3F59A82D3F03A03C3F69142D3F5B
:10666000B8273D3F0F802C3FF9AE3D3F4AEB2B3F13
:10667000C5353E3F1B562B3F1BBC3E3F82C02A3FC9
:10668000FC413F3F802A2A3F67C73F3F1594293F7F
:106690005C4C403F41FD283FDAD0403F0566283F33
:1066A000E154413F61CE273F70D8413F5636273FE6
:1066B000895B423FE39D263F29DE423F0A05263F94
:1066C0005160433FCB6B253F00E2433F25D2243F3F
:1066D0003763443F1A38243FF5E3443FA99D233FE5
:1066E0003964453FD302233F03E4453F9967223F86
:1066F0005463463FFBCB213F2AE2463FF92F213F1F
:106700008560473F9393203F65DE473FCBF61F3FB1
:10671000CA5B483F9F591F3FB3D8483F12BC1E3F3A
:106720002155493F221E1E3F12D1493FD17F1D3FB7
:10673000874C4A3F1FE11C3F7FC74A3F0C421C3F2A
:10674000FA414B3F99A21B3FF8BB4B3FC6021B3F90
:1067500078354C3F93621A3F79AE4C3F00C2193FE7
:10676000FD264D3F0F21193F029F4D3FC07F183F2F
:1067700089164E3F12DE173F908D4E3F073C173F64
:1067800017044F3F9F99163F1F7A4F3FD9F6153F89
:10679000A8EF4F3FB753153FAF64503F39B0143F98
:1067A00037D9503F5F0C143F3D4D513F2A68133F8E
:1067B000C2C0513F9AC3123FC633523FB01E123F70
:1067C00049A6523F6B79113F4918533FCDD3103F33
:1067D000C789533FD52D103FC3FA533F84870F3FDE
:1067E0003B6B543FDBE00E3F31DB543FDA390E3F69
:1067F000A44A553F81920D3F93B9553FD0EA0C3FD3
:10680000FE27563FC9420C3FE595563F6B9A0B3F1A
:106810004803573FB7F10A3F2670573FAD480A3F3C
:106820007FDC573F4E9F093F5348583F9BF5083F39
:10683000A1B3583F924B083F6A1E593F36A1073F0C
:10684000AD88593F86F6063F6AF2593F824B063FB4
:10685000A05B5A3F2CA0053F50C45A3F84F4043F2C
:10686000792C5B3F8948043F1A945B3F3D9C033F72
:1068700034FB5B3F9FEF023FC7615C3FB142023F89
:10688000D1C75C3F7395013F532D5D3FE4E7003F67
:106890004D925D3F063A003FBEF65D3FB217FF3EA8
:1068A000A65A5E3FBBBAFD3E05BE5E3F275DFC3E7D
:1068B000DB205F3FF7FEFA3E27835F3F2DA0F93EC6
:1068C000E9E45F3FC840F83E2146603FCBE0F63E3A
:1068D000CFA6603F3580F53EF206613F071FF43ECC
:1068E0008A66613F43BDF23E98C5613FEA5AF13E78
:1068F0001A24623FFBF7EF3E1082623F7994EE3E2E
:106900007BDF623F6330ED3E5A3C633FBBCBEB3EE7
:10691000AC98633F8166EA3E73F4633FB700E93E9B
:10692000AC4F643F5D9AE73E59AA643F7533E63E3B
:106930007904653FFECBE43E0B5E653FFA63E33EC0
:1069400010B7653F6AFBE13E880F663F4F92E03E1D
:106950007167663FA928DF3ECCBE663F79BEDD3E4B
:106960009915673FC153DC3ED86B673F80E8DA3E3C
:1069700087C1673FB97CD93EA816683F6B10D83EE7
:10698000396B683F99A3D63E3CBF683F4136D53E40
:10699000AE12693F67C8D33E9165693F095AD23E3E
:1069A000E4B7693F2AEBD03EA7096A3FCA7BCF3ED6
:1069B000D95A6A3FEA0BCE3E7BAB6A3F8B9BCC3EFB
:1069C0008CFB6A3FAE2ACB3E0C4B6B3F53B9C93EA2
:1069D000FB996B3F7C47C83E58E86B3F29D5C63EC4
:1069E00024366C3F5C62C53E5E836C3F15EFC33E50
:1069F00007D06C3F557BC23E1D1C6D3F1E07C13E3C
:106A0000A1676D3F6F92BF3E93B26D3F4A1DBE3E80
:106A1000F2FC6D3FAFA7BC3EBE466E3FA031BB3E11
:106A2000F88F6E3F1EBBB93E9ED86E3F2A44B83EDB
:106A3000B0206F3FC3CCB63E30686F3FEC54B53EDC
:106A40001BAF6F3FA5DCB33E73F56F3FEF63B23E04
:106A5000373B703FCBEAB03E6680703F3A71AF3E45
:106A600002C5703F3CF7AD3E0809713FD47CAC3E97
:106A70007A4C713F0102AB3E578F713FC486A93EED
:106A80009FD1713F1F0BA83E5213723F128FA63E3B
:106A90007054723F9F12A53EF894723FC595A33E75
:106AA000EBD4723F8718A23E4714733FE59AA03E8D
:106AB0000E53733FDF1C9F3E3F91733F789E9D3E78
:106AC000D9CE733FAF1F9C3EDD0B743F86A09A3E2C
:106AD0004B48743FFE20993E2284743F17A1973E95
:106AE00062BF743FD220963E0BFA743F31A0943EB1
:106AF0001D34753F351F933E976D753FDD9D913E6B
:106B00007BA6753F2C1C903EC6DE753F229A8E3EBA
:106B10007A16763FC0178D3E974D763F07958B3E90
:106B20001B84763FF8118A3E07BA763F938E883EE3
:106B30005BEF763FDA0A873E1724773FCE86853EA5
:106B40003A58773F7002843EC58B773FC07D823EC6
:106B5000B7BE773FC0F8803E10F1773FE1E67E3E5A
:106B6000D122783FA4DB7B3EF853783FCCCF783EF0
:106B70008684783F5AC3753E7BB4783F51B6723EE7
:106B8000D6E3783FB2A86F3E9812793F7F9A6C3E69
:106B9000C040793FBA8B693E4E6E793F667C663E57
:106BA000439B793F836C633E9DC7793F135C603E96
:106BB0005EF3793F1A4B5D3E841E7A3F97395A3E09
:106BC00010497A3F8F27573E02737A3F0115543E92
:106BD000599C7A3FF101513E16C57A3F60EE4D3E19
:106BE00037ED7A3F4FDA4A3EBE147B3FC2C5473E7F
:106BF000AB3B7B3FB9B0443EFC617B3F379B413EA2
:106C0000B2877B3F3E853E3ECDAC7B3FCF6E3B3E69
:106C10004DD17B3FEC57383E31F57B3F9840353EB8
:106C20007A187C3FD428323E283B7C3FA2102F3E6E
:106C30003A5D7C3F04F82B3EB07E7C3FFCDE283E74
:106C40008A9F7C3F8CC5253EC9BF7C3FB6AB223EA8
:106C50006CDF7C3F7B911F3E73FE7C3FDE761C3EEB
:106C6000DD1C7D3FE05B193EAC3A7D3F8340163E24
:106C7000DE577D3FCA24133E74747D3FB708103E33
:106C80006E907D3F4AEC0C3ECCAB7D3F86CF093EFB
:106C90008CC67D3F6EB2063EB1E07D3F0295033E5D
:106CA00038FA7D3F4577003E24137E3F73B2FA3DAC
:106CB000722B7E3FC075F43D23437E3F7638EE3D18
:106CC000385A7E3F9AFAE73DB0707E3F2EBCE13DD8
:106CD0008B867E3F377DDB3DC99B7E3FB93DD53DF1
:106CE00069B07E3FB7FDCE3D6DC47E3F36BDC83D29
:106CF000D4D77E3F397CC23D9DEA7E3FC33ABC3D3E
:106D0000C9FC7E3FDAF8B53D580E7F3F80B6AF3DF7
:106D1000491F7F3FBA73A93D9D2F7F3F8C30A33D14
:106D2000543F7F3FF9EC9C3D6D4E7F3F05A9963D5A
:106D3000E95C7F3FB464903DC76A7F3F0A208A3D8B
:106D400008787F3F0ADB833DAB847F3F742B7B3D1C
:106D5000B1907F3F38A06E3D189C7F3F6814623D24
:106D6000E3A67F3F0E88553D0FB17F3F2FFB483D87
:106D70009EBA7F3FD56D3C3D8FC37F3F07E02F3DDF
:106D8000E2CB7F3FCC51233D98D37F3F2CC3163DB0
:106D9000AFDA7F3F2F340A3D29E17F3FB949FB3C01
:106DA00005E77F3F7B2AE23C43EC7F3FB00AC93CCA
:106DB000E3F07F3F69EAAF3CE6F47F3FB6C9963C1B
:106DC0004AF87F3F4B517B3C11FB7F3F900E493C83
:106DD00039FD7F3F59CB163CC4FE7F3F890FC93B2D
:106DE000B1FF7F3FC70F493B0000803F000000001C
:106DF000B1FF7F3FC70F49BBC4FE7F3F890FC9BBAF
:106E000039FD7F3F59CB16BC11FB7F3F900E49BC2B
:106E10004AF87F3F4B517BBCE6F47F3FB6C996BC36
:106E2000E3F07F3F69EAAFBC43EC7F3FB00AC9BCE7
:106E300005E77F3F7B2AE2BC29E17F3FB949FBBCE4
:106E4000AFDA7F3F2F340ABD98D37F3F2CC316BDE6
:106E5000E2CB7F3FCC5123BD8FC37F3F07E02FBDE7
:106E60009EBA7F3FD56D3CBD0FB17F3F2FFB48BD24
:106E7000E3A67F3F0E8855BD189C7F3F681462BD16
:106E8000B1907F3F38A06EBDAB847F3F742B7BBD3C
:106E900008787F3F0ADB83BDC76A7F3F0A208ABD2F
:106EA000E95C7F3FB46490BD6D4E7F3F05A996BD00
:106EB000543F7F3FF9EC9CBD9D2F7F3F8C30A3BD9D
:106EC000491F7F3FBA73A9BD580E7F3F80B6AFBD43
:106ED000C9FC7E3FDAF8B5BD9DEA7E3FC33ABCBD32
:106EE000D4D77E3F397CC2BD6DC47E3F36BDC8BDA0
:106EF00069B07E3FB7FDCEBDC99B7E3FB93DD5BDD4
:106F00008B867E3F377DDBBDB0707E3F2EBCE1BD02
:106F1000385A7E3F9AFAE7BD23437E3F7638EEBD6E
:106F2000722B7E3FC075F4BD24137E3F73B2FABD51
:106F300038FA7D3F457700BEB1E07D3F029503BE44
:106F40008CC67D3F6EB206BECCAB7D3F86CF09BE00
:106F50006E907D3F4AEC0CBE74747D3FB70810BE46
:106F6000DE577D3FCA2413BEAC3A7D3F834016BE38
:106F7000DD1C7D3FE05B19BE73FE7C3FDE761CBEF0
:106F80006CDF7C3F7B911FBEC9BF7C3FB6AB22BE8E
:106F90008A9F7C3F8CC525BEB07E7C3FFCDE28BE30
:106FA0003A5D7C3F04F82BBE283B7C3FA2102FBEED
:106FB0007A187C3FD42832BE31F57B3F984035BEED
:106FC0004DD17B3FEC5738BECDAC7B3FCF6E3BBE47
:106FD000B2877B3F3E853EBEFC617B3F379B41BE17
:106FE000AB3B7B3FB9B044BEBE147B3FC2C547BE7E
:106FF00037ED7A3F4FDA4ABE16C57A3F60EE4DBE96
:10700000599C7A3FF10151BE02737A3F011554BE7B
:1070100010497A3F8F2757BE841E7A3F97395ABE50
:107020005EF3793F1A4B5DBE9DC7793F135C60BE2E
:10703000439B793F836C63BE4E6E793F667C66BE30
:10704000C040793FBA8B69BE9812793F7F9A6CBE77
:10705000D6E3783FB2A86FBE7BB4783F51B672BE1C
:107060008684783F5AC375BEF853783FCCCF78BE3C
:10707000D122783FA4DB7BBE10F1773FE1E67EBEF4
:10708000B7BE773FC0F880BEC58B773FC07D82BE5C
:107090003A58773F700284BE1724773FCE8685BE6C
:1070A0005BEF763FDA0A87BE07BA763F938E88BEDB
:1070B0001B84763FF8118ABE974D763F07958BBEAD
:1070C0007A16763FC0178DBEC6DE753F229A8EBEF9
:1070D0007BA6753F2C1C90BE976D753FDD9D91BEC4
:1070E0001D34753F351F93BE0BFA743F31A094BE1B
:1070F00062BF743FD22096BE2284743F17A197BE10
:107100004B48743FFE2099BEDD0B743F86A09ABEAB
:10711000D9CE733FAF1F9CBE3F91733F789E9DBEFB
:107120000E53733FDF1C9FBE4714733FE59AA0BE0A
:10713000EBD4723F8718A2BEF894723FC595A3BEE8
:107140007054723F9F12A5BE5213723F128FA6BE9B
:107150009FD1713F1F0BA8BE578F713FC486A9BE38
:107160007A4C713F0102ABBE0809713FD47CACBEC2
:1071700002C5703F3CF7ADBE6680703F3A71AFBE4E
:10718000373B703FCBEAB0BE73F56F3FEF63B2BEE3
:107190001BAF6F3FA5DCB3BE30686F3FEC54B5BE8C
:1071A000B0206F3FC3CCB6BE9ED86E3F2A44B8BE57
:1071B000F88F6E3F1EBBB9BEBE466E3FA031BBBE50
:1071C000F2FC6D3FAFA7BCBE93B26D3F4A1DBEBE81
:1071D000A1676D3F6F92BFBE1D1C6D3F1E07C1BEF4
:1071E00007D06C3F557BC2BE5E836C3F15EFC3BEBC
:1071F00024366C3F5C62C5BE58E86B3F29D5C6BEDD
:10720000FB996B3F7C47C8BE0C4B6B3F53B9C9BE63
:107210008CFB6A3FAE2ACBBE7BAB6A3F8B9BCCBE5E
:10722000D95A6A3FEA0BCEBEA7096A3FCA7BCFBED6
:10723000E4B7693F2AEBD0BE9165693F095AD2BED7
:10724000AE12693F67C8D3BE3CBF683F4136D5BE6A
:10725000396B683F99A3D6BEA816683F6B10D8BE9D
:1072600087C1673FB97CD9BED86B673F80E8DABE7B
:107270009915673FC153DCBECCBE663F79BEDDBE0B
:107280007167663FA928DFBE880F663F4F92E0BE58
:1072900010B7653F6AFBE1BE0B5E653FFA63E3BE74
:1072A0007904653FFECBE4BE59AA643F7533E6BE60
:1072B000AC4F643F5D9AE7BE73F4633FB700E9BE2D
:1072C000AC98633F8166EABE5A3C633FBBCBEBBEE2
:1072D0007BDF623F6330EDBE1082623F7994EEBE89
:1072E0001A24623FFBF7EFBE98C5613FEA5AF1BE30
:1072F0008A66613F43BDF2BEF206613F071FF4BEDE
:10730000CFA6603F3580F5BE2146603FCBE0F6BE9C
:10731000E9E45F3FC840F8BE27835F3F2DA0F9BE78
:10732000DB205F3FF7FEFABE05BE5E3F275DFCBE79
:10733000A65A5E3FBBBAFDBEBEF65D3FB217FFBEAA
:107340004D925D3F063A00BF532D5D3FE4E700BF1D
:10735000D1C75C3F739501BFC7615C3FB14202BFBB
:1073600034FB5B3F9FEF02BF1A945B3F3D9C03BF22
:10737000792C5B3F894804BF50C45A3F84F404BF52
:10738000A05B5A3F2CA005BF6AF2593F824B06BF53
:10739000AD88593F86F606BF6A1E593F36A107BF22
:1073A000A1B3583F924B08BF5348583F9BF508BFC5
:1073B0007FDC573F4E9F09BF2670573FAD480ABF3D
:1073C0004803573FB7F10ABFE595563F6B9A0BBF8D
:1073D000FE27563FC9420CBF93B9553FD0EA0CBFB8
:1073E000A44A553F81920DBF31DB543FDA390EBFBD
:1073F0003B6B543FDBE00EBFC3FA533F84870FBFA4
:10740000C789533FD52D10BF4918533FCDD310BF67
:1074100049A6523F6B7911BFC633523FB01E12BF0F
:10742000C2C0513F9AC312BF3D4D513F2A6813BF9E
:1074300037D9503F5F0C14BFAF64503F39B014BF11
:10744000A8EF4F3FB75315BF1F7A4F3FD9F615BF6F
:1074500017044F3F9F9916BF908D4E3F073C17BFB3
:1074600089164E3F12DE17BF029F4D3FC07F18BFE7
:10747000FD264D3F0F2119BF79AE4C3F00C219BF09
:1074800078354C3F93621ABFF8BB4B3FC6021BBF17
:10749000FA414B3F99A21BBF7FC74A3F0C421CBF1A
:1074A000874C4A3F1FE11CBF12D1493FD17F1DBF0E
:1074B0002155493F221E1EBFB3D8483F12BC1EBFF4
:1074C000CA5B483F9F591FBF65DE473FCBF61FBFD2
:1074D0008560473F939320BF2AE2463FF92F21BFA3
:1074E0005463463FFBCB21BF03E4453F996722BF6E
:1074F0003964453FD30223BFF5E3443FA99D23BF31
:107500003763443F1A3824BF00E2433F25D224BFEB
:107510005160433FCB6B25BF29DE423F0A0526BFA2
:10752000895B423FE39D26BF70D8413F563627BF57
:10753000E154413F61CE27BFDAD0403F056628BF06
:107540005C4C403F41FD28BF67C73F3F159429BFB2
:10755000FC413F3F802A2ABF1BBC3E3F82C02ABF5E
:10756000C5353E3F1B562BBFF9AE3D3F4AEB2BBF07
:10757000B8273D3F0F802CBF03A03C3F69142DBFAF
:10758000D9173C3F59A82DBF3B8F3B3FDE3B2EBF59
:1075900029063B3FF7CE2EBFA47C3A3FA5612FBF03
:1075A000ACF2393FE6F32FBF4268393FBB8530BFAD
:1075B00065DD383F221731BF1652383F1DA831BF55
:1075C00055C6373FAA3832BF233A373FC9C832BF02
:1075D0007FAD363F7A5833BF6C20363FBCE733BFB0
:1075E000E792353F8F7634BFF304353FF30435BF60
:1075F0008F76343FE79235BFBCE7333F6C2036BF10
:107600007A58333F7FAD36BFC9C8323F233A37BFC0
:10761000AA38323F55C637BF1DA8313F165238BF72
:107620002217313F65DD38BFBB85303F426839BF27
:10763000E6F32F3FACF239BFA5612F3FA47C3ABFE0
:10764000F7CE2E3F29063BBFDE3B2E3F3B8F3BBF95
:1076500059A82D3FD9173CBF69142D3F03A03CBF4B
:107660000F802C3FB8273DBF4AEB2B3FF9AE3DBF03
:107670001B562B3FC5353EBF82C02A3F1BBC3EBFB9
:10768000802A2A3FFC413FBF1594293F67C73FBF6F
:1076900041FD283F5C4C40BF0566283FDAD040BF23
:1076A00061CE273FE15441BF5636273F70D841BFD6
:1076B000E39D263F895B42BF0A05263F29DE42BF84
:1076C000CB6B253F516043BF25D2243F00E243BF2F
:1076D0001A38243F376344BFA99D233FF5E344BFD5
:1076E000D302233F396445BF9967223F03E445BF76
:1076F000FBCB213F546346BFF92F213F2AE246BF0F
:107700009393203F856047BFCBF61F3F65DE47BFA1
:107710009F591F3FCA5B48BF12BC1E3FB3D848BF2A
:10772000221E1E3F215549BFD17F1D3F12D149BFA7
:107730001FE11C3F874C4ABF0C421C3F7FC74ABF1A
:1077400099A21B3FFA414BBFC6021B3FF8BB4BBF80
:1077500093621A3F78354CBF00C2193F79AE4CBFD7
:107760000F21193FFD264DBFC07F183F029F4DBF1F
:1077700012DE173F89164EBF073C173F908D4EBF54
:107780009F99163F17044FBFD9F6153F1F7A4FBF79
:10779000B753153FA8EF4FBF39B0143FAF6450BF88
:1077A0005F0C143F37D950BF2A68133F3D4D51BF7E
:1077B0009AC3123FC2C051BFB01E123FC63352BF60
:1077C0006B79113F49A652BFCDD3103F491853BF23
:1077D000D52D103FC78953BF84870F3FC3FA53BFCE
:1077E000DBE00E3F3B6B54BFDA390E3F31DB54BF59
:1077F00081920D3FA44A55BFD0EA0C3F93B955BFC3
:10780000C9420C3FFE2756BF6B9A0B3FE59556BF0A
:10781000B7F10A3F480357BFAD480A3F267057BF2C
:107820004E9F093F7FDC57BF9BF5083F534858BF29
:10783000924B083FA1B358BF36A1073F6A1E59BFFC
:1078400086F6063FAD8859BF824B063F6AF259BFA4
:107850002CA0053FA05B5ABF84F4043F50C45ABF1C
:107860008948043F792C5BBF3D9C033F1A945BBF62
:107870009FEF023F34FB5BBFB142023FC7615CBF79
:107880007395013FD1C75CBFE4E7003F532D5DBF57
:10789000063A003F4D925DBFB217FF3EBEF65DBF98
:1078A000BBBAFD3EA65A5EBF275DFC3E05BE5EBF6D
:1078B000F7FEFA3EDB205FBF2DA0F93E27835FBFB6
:1078C000C840F83EE9E45FBFCBE0F63E214660BF2A
:1078D0003580F53ECFA660BF071FF43EF20661BFBC
:1078E00043BDF23E8A6661BFEA5AF13E98C561BF68
:1078F000FBF7EF3E1A2462BF7994EE3E108262BF1E
:107900006330ED3E7BDF62BFBBCBEB3E5A3C63BFD7
:107910008166EA3EAC9863BFB700E93E73F463BF8B
:107920005D9AE73EAC4F64BF7533E63E59AA64BF2B
:10793000FECBE43E790465BFFA63E33E0B5E65BFB0
:107940006AFBE13E10B765BF4F92E03E880F66BF0D
:10795000A928DF3E716766BF79BEDD3ECCBE66BF3B
:10796000C153DC3E991567BF80E8DA3ED86B67BF2C
:10797000B97CD93E87C167BF6B10D83EA81668BFD7
:1079800099A3D63E396B68BF4136D53E3CBF68BF30
:1079900067C8D33EAE1269BF095AD23E916569BF2E
:1079A0002AEBD03EE4B769BFCA7BCF3EA7096ABFC6
:1079B000EA0BCE3ED95A6ABF8B9BCC3E7BAB6ABFEB
:1079C000AE2ACB3E8CFB6ABF53B9C93E0C4B6BBF92
:1079D0007C47C83EFB996BBF29D5C63E58E86BBFB4
:1079E0005C62C53E24366CBF15EFC33E5E836CBF40
:1079F000557BC23E07D06CBF1E07C13E1D1C6DBF2C
:107A00006F92BF3EA1676DBF4A1DBE3E93B26DBF70
:107A1000AFA7BC3EF2FC6DBFA031BB3EBE466EBF01
:107A20001EBBB93EF88F6EBF2A44B83E9ED86EBFCB
:107A3000C3CCB63EB0206FBFEC54B53E30686FBFCC
:107A4000A5DCB33E1BAF6FBFEF63B23E73F56FBFF4
:107A5000CBEAB03E373B70BF3A71AF3E668070BF35
:107A60003CF7AD3E02C570BFD47CAC3E080971BF87
:107A70000102AB3E7A4C71BFC486A93E578F71BFDD
:107A80001F0BA83E9FD171BF128FA63E521372BF2B
:107A90009F12A53E705472BFC595A33EF89472BF65
:107AA0008718A23EEBD472BFE59AA03E471473BF7D
:107AB000DF1C9F3E0E5373BF789E9D3E3F9173BF68
:107AC000AF1F9C3ED9CE73BF86A09A3EDD0B74BF1C
:107AD000FE20993E4B4874BF17A1973E228474BF85
:107AE000D220963E62BF74BF31A0943E0BFA74BFA1
:107AF000351F933E1D3475BFDD9D913E976D75BF5B
:107B00002C1C903E7BA675BF229A8E3EC6DE75BFAA
:107B1000C0178D3E7A1676BF07958B3E974D76BF80
:107B2000F8118A3E1B8476BF938E883E07BA76BFD3
:107B3000DA0A873E5BEF76BFCE86853E172477BF95
:107B40007002843E3A5877BFC07D823EC58B77BFB6
:107B5000C0F8803EB7BE77BFE1E67E3E10F177BF4A
:107B6000A4DB7B3ED12278BFCCCF783EF85378BFE0
:107B70005AC3753E868478BF51B6723E7BB478BFD7
:107B8000B2A86F3ED6E378BF7F9A6C3E981279BF59
:107B9000BA8B693EC04079BF667C663E4E6E79BF47
:107BA000836C633E439B79BF135C603E9DC779BF86
:107BB0001A4B5D3E5EF379BF97395A3E841E7ABFF9
:107BC0008F27573E10497ABF0115543E02737ABF82
:107BD000F101513E599C7ABF60EE4D3E16C57ABF09
:107BE0004FDA4A3E37ED7ABFC2C5473EBE147BBF6F
:107BF000B9B0443EAB3B7BBF379B413EFC617BBF92
:107C00003E853E3EB2877BBFCF6E3B3ECDAC7BBF59
:107C1000EC57383E4DD17BBF9840353E31F57BBFA8
:107C2000D428323E7A187CBFA2102F3E283B7CBF5E
:107C300004F82B3E3A5D7CBFFCDE283EB07E7CBF64
:107C40008CC5253E8A9F7CBFB6AB223EC9BF7CBF98
:107C50007B911F3E6CDF7CBFDE761C3E73FE7CBFDB
:107C6000E05B193EDD1C7DBF8340163EAC3A7DBF14
:107C7000CA24133EDE577DBFB708103E74747DBF23
:107C80004AEC0C3E6E907DBF86CF093ECCAB7DBFEB
:107C90006EB2063E8CC67DBF0295033EB1E07DBF4D
:107CA0004577003E38FA7DBF73B2FA3D24137EBF9C
:107CB000C075F43D722B7EBF7638EE3D23437EBF08
:107CC0009AFAE73D385A7EBF2EBCE13DB0707EBFC8
:107CD000377DDB3D8B867EBFB93DD53DC99B7EBFE1
:107CE000B7FDCE3D69B07EBF36BDC83D6DC47EBF19
:107CF000397CC23DD4D77EBFC33ABC3D9DEA7EBF2E
:107D0000DAF8B53DC9FC7EBF80B6AF3D580E7FBFE7
:107D1000BA73A93D491F7FBF8C30A33D9D2F7FBF04
:107D2000F9EC9C3D543F7FBF05A9963D6D4E7FBF4A
:107D3000B464903DE95C7FBF0A208A3DC76A7FBF7B
:107D40000ADB833D08787FBF742B7B3DAB847FBF0C
:107D500038A06E3DB1907FBF6814623D189C7FBF14
:107D60000E88553DE3A67FBF2FFB483D0FB17FBF77
:107D7000D56D3C3D9EBA7FBF07E02F3D8FC37FBFCF
:107D8000CC51233DE2CB7FBF2CC3163D98D37FBFA0
:107D90002F340A3DAFDA7FBFB949FB3C29E17FBFF1
:107DA0007B2AE23C05E77FBFB00AC93C43EC7FBFBA
:107DB00069EAAF3CE3F07FBFB6C9963CE6F47FBF0B
:107DC0004B517B3C4AF87FBF900E493C11FB7FBF73
:107DD00059CB163C39FD7FBF890FC93BC4FE7FBF1D
:107DE000C70F493BB1FF7FBF000000000000803F8C
:107DF000B00AC93C43EC7F3F2FFB483D0FB17F3FAA
:107E000005A9963D6D4E7F3F36BDC83D6DC47E3F92
:107E100073B2FA3D24137E3F8340163EAC3A7D3F59
:107E2000A2102F3E283B7C3FC2C5473EBE147B3F7D
:107E3000135C603E9DC7793FCCCF783EF853783FC6
:107E4000938E883E07BA763F31A0943E0BFA743F7A
:107E5000E59AA03E4714733FD47CAC3E0809713FBD
:107E60002A44B83E9ED86E3F15EFC33E5E836C3FFA
:107E7000CA7BCF3EA7096A3F80E8DA3ED86B673FEE
:107E80007533E63E59AA643FEA5AF13E98C5613F10
:107E9000275DFC3E05BE5E3F3D9C033F1A945B3F61
:107EA0009BF5083F5348583FDA390E3F31DB543FCA
:107EB0002A68133F3D4D513FC07F183F029F4D3F01
:107EC000D17F1D3F12D1493F9967223F03E4453FCF
:107ED0005636273F70D8413F4AEB2B3FF9AE3D3F26
:107EE000BB85303F4268393FF304353FF304353FEB
:107EF0004268393FBB85303FF9AE3D3F4AEB2B3FEF
:107F000070D8413F5636273F03E4453F9967223FEB
:107F100012D1493FD17F1D3F029F4D3FC07F183F87
:107F20003D4D513F2A68133F31DB543FDA390E3F54
:107F30005348583F9BF5083F1A945B3F3D9C033FD5
:107F400005BE5E3F275DFC3E98C5613FEA5AF13EA3
:107F500059AA643F7533E63ED86B673F80E8DA3E46
:107F6000A7096A3FCA7BCF3E5E836C3F15EFC33ED5
:107F70009ED86E3F2A44B83E0809713FD47CAC3E7F
:107F80004714733FE59AA03E0BFA743F31A0943E2C
:107F900007BA763F938E883EF853783FCCCF783E31
:107FA0009DC7793F135C603EBE147B3FC2C5473E10
:107FB000283B7C3FA2102F3EAC3A7D3F8340163ECB
:107FC00024137E3F73B2FA3D6DC47E3F36BDC83D7B
:107FD0006D4E7F3F05A9963D0FB17F3F2FFB483D7A
:107FE00043EC7F3FB00AC93C0000803F0000000026
:107FF00043EC7F3FB00AC9BC0FB17F3F2FFB48BDA8
:108000006D4E7F3F05A996BD6DC47E3F36BDC8BD90
:1080100024137E3F73B2FABDAC3A7D3F834016BE57
:10802000283B7C3FA2102FBEBE147B3FC2C547BE7B
:108030009DC7793F135C60BEF853783FCCCF78BEC4
:1080400007BA763F938E88BE0BFA743F31A094BE78
:108050004714733FE59AA0BE0809713FD47CACBEBB
:108060009ED86E3F2A44B8BE5E836C3F15EFC3BEF8
:10807000A7096A3FCA7BCFBED86B673F80E8DABEEC
:1080800059AA643F7533E6BE98C5613FEA5AF1BE0E
:1080900005BE5E3F275DFCBE1A945B3F3D9C03BF5F
:1080A0005348583F9BF508BF31DB543FDA390EBFC8
:1080B0003D4D513F2A6813BF029F4D3FC07F18BFFF
:1080C00012D1493FD17F1DBF03E4453F996722BFCD
:1080D00070D8413F563627BFF9AE3D3F4AEB2BBF24
:1080E0004268393FBB8530BFF304353FF30435BFE9
:1080F000BB85303F426839BF4AEB2B3FF9AE3DBFED
:108100005636273F70D841BF9967223F03E445BFE9
:10811000D17F1D3F12D149BFC07F183F029F4DBF85
:108120002A68133F3D4D51BFDA390E3F31DB54BF52
:108130009BF5083F534858BF3D9C033F1A945BBFD3
:10814000275DFC3E05BE5EBFEA5AF13E98C561BFA1
:108150007533E63E59AA64BF80E8DA3ED86B67BF44
:10816000CA7BCF3EA7096ABF15EFC33E5E836CBFD3
:108170002A44B83E9ED86EBFD47CAC3E080971BF7D
:10818000E59AA03E471473BF31A0943E0BFA74BF2A
:10819000938E883E07BA76BFCCCF783EF85378BF2F
:1081A000135C603E9DC779BFC2C5473EBE147BBF0E
:1081B000A2102F3E283B7CBF8340163EAC3A7DBFC9
:1081C00073B2FA3D24137EBF36BDC83D6DC47EBF79
:1081D00005A9963D6D4E7FBF2FFB483D0FB17FBF78
:1081E000B00AC93C43EC7FBF000000000000803FA4
:1081F000C2C5473EBE147B3F15EFC33E5E836C3F56
:10820000DA390E3F31DB543FF304353FF304353F99
:1082100031DB543FDA390E3F5E836C3F15EFC33ECE
:10822000BE147B3FC2C5473E0000803F00000000F7
:10823000BE147B3FC2C547BE5E836C3F15EFC3BE15
:1082400031DB543FDA390EBFF304353FF30435BF59
:10825000DA390E3F31DB54BF15EFC33E5E836CBF8E
:10826000C2C5473EBE147BBF000000000000803F37
:10827000D40FC93AECFF7F3FC70F493BB1FF7F3FA7
:10828000C1CB963B4EFF7F3F890FC93BC4FE7F3F6A
:108290003053FB3B13FE7F3F59CB163C39FD7F3FEC
:1082A00002ED2F3C39FC7F3F900E493C11FB7F3F94
:1082B0000030623CC1F97F3F4B517B3C4AF87F3F25
:1082C00038398A3CACF67F3FB6C9963CE6F47F3F2E
:1082D0001C5AA33CF8F27F3F69EAAF3CE3F07F3FD2
:1082E0009B7ABC3CA7EE7F3FB00AC93C43EC7F3F82
:1082F000A69AD53CB8E97F3F7B2AE23C05E77F3F61
:108300002DBAEE3C2BE47F3FB949FB3C29E17F3F8E
:1083100090EC033D00DE7F3F2F340A3DAFDA7F3F14
:10832000B87B103D37D77F3F2CC3163D98D37F3F96
:10833000880A1D3DD1CF7F3FCC51233DE2CB7F3F0B
:10834000F698293DCCC77F3F07E02F3D8FC37F3F85
:10835000FC26363D2ABF7F3FD56D3C3D9EBA7F3F10
:1083600091B4423DEAB57F3F2FFB483D0FB17F3FBF
:10837000AF414F3D0DAC7F3F0E88553DE3A67F3F9B
:108380004CCE5B3D91A17F3F6814623D189C7F3FBE
:10839000625A683D78967F3F38A06E3DB1907F3F2E
:1083A000E9E5743DC28A7F3F742B7B3DAB847F3F00
:1083B0006CB8803D6D7E7F3F0ADB833D08787F3F50
:1083C00094FD863D7B717F3F0A208A3DC76A7F3FCF
:1083D0006A428D3DEC637F3FB464903DE95C7F3F32
:1083E000E786933DBF557F3F05A9963D6D4E7F3F84
:1083F0000ACB993DF4467F3FF9EC9C3D543F7F3FCB
:10840000CF0EA03D8D377F3F8C30A33D9D2F7F3F0A
:108410003052A63D87277F3FBA73A93D491F7F3F52
:108420002B95AC3DE4167F3F80B6AF3D580E7F3FA5
:10843000BBD7B23DA4057F3FDAF8B53DC9FC7E3F0E
:10844000DD19B93DC7F37E3FC33ABC3D9DEA7E3F8F
:108450008D5BBF3D4CE17E3F397CC23DD4D77E3F32
:10846000C69CC53D34CE7E3F36BDC83D6DC47E3F03
:1084700086DDCB3D7FBA7E3FB7FDCE3D69B07E3F06
:10848000C81DD23D2DA67E3FB93DD53DC99B7E3F3F
:10849000895DD83D3D917E3F377DDB3D8B867E3FBC
:1084A000C49CDE3DB17B7E3F2EBCE13DB0707E3F83
:1084B00076DBE43D88657E3F9AFAE73D385A7E3F99
:1084C0009A19EB3DC14E7E3F7638EE3D23437E3F09
:1084D0002E57F13D5E377E3FC075F43D722B7E3FD7
:1084E0002C94F73D5E1F7E3F73B2FA3D24137E3F0E
:1084F00092D0FD3DC2067E3F4577003E38FA7D3F73
:108500002E06023E88ED7D3F0295033EB1E07D3FA1
:10851000C223053EB2D37D3F6EB2063E8CC67D3F80
:108520000541083E40B97D3F86CF093ECCAB7D3F3B
:10853000F35D0B3E309E7D3F4AEC0C3E6E907D3FDE
:108540008B7A0E3E85827D3FB708103E74747D3F66
:10855000CC96113E3D667D3FCA24133EDE577D3FDB
:10856000B2B2143E59497D3F8340163EAC3A7D3F3E
:108570003DCE173ED82B7D3FE05B193EDD1C7D3F95
:108580006BE91A3EBC0D7D3FDE761C3E73FE7C3FE0
:1085900038041E3E03EF7C3F7B911F3E6CDF7C3F27
:1085A000A51E213EAECF7C3FB6AB223EC9BF7C3F6D
:1085B000AD38243EBDAF7C3F8CC5253E8A9F7C3FB5
:1085C0005152273E318F7C3FFCDE283EB07E7C3FFF
:1085D0008D6B2A3E086E7C3F04F82B3E3A5D7C3F53
:1085E00061842D3E444C7C3FA2102F3E283B7C3FB3
:1085F000C99C303EE5297C3FD428323E7A187C3F26
:10860000C4B4333EE9067C3F9840353E31F57B3FAC
:1086100050CC363E53E37B3FEC57383E4DD17B3F49
:108620006CE3393E20BF7B3FCF6E3B3ECDAC7B3F02
:1086300015FA3C3E539A7B3F3E853E3EB2877B3FD8
:108640004910403EEA747B3F379B413EFC617B3FD3
:108650000726433EE74E7B3FB9B0443EAB3B7B3FF2
:108660004D3B463E48287B3FC2C5473EBE147B3F3C
:108670001850493E0E017B3F4FDA4A3E37ED7A3FB4
:1086800067644C3E3AD97A3F60EE4D3E16C57A3F5C
:1086900038784F3ECBB07A3FF101513E599C7A3F3A
:1086A000898B523EC1877A3F0115543E02737A3F4F
:1086B000589E553E1C5E7A3F8F27573E10497A3FA1
:1086C000A4B0583EDD337A3F97395A3E841E7A3F34
:1086D0006AC25B3E04097A3F1A4B5D3E5EF3793F06
:1086E000A8D35E3E91DD793F135C603E9DC7793F24
:1086F0005CE4613E83B1793F836C633E439B793F89
:1087000086F4643EDC84793F667C663E4E6E793F3B
:108710002204683E9A57793FBA8B693EC040793F40
:108720002F136B3EBF29793F7F9A6C3E9812793F99
:10873000AB216E3E4AFB783FB2A86F3ED6E3783F4E
:10874000942F713E3BCC783F51B6723E7BB4783F5C
:10875000E83C743E939C783F5AC3753E8684783FCC
:10876000A649773E526C783FCCCF783EF853783F9D
:10877000CB557A3E773B783FA4DB7B3ED122783FD6
:1087800056617D3E040A783FE1E67E3E10F1773F78
:108790002236803EF7D7773FC0F8803EB7BE773F9E
:1087A0004ABB813E51A5773FC07D823EC58B773F56
:1087B0002240833E1372773F7002843E3A58773FDF
:1087C000AAC4843E3C3E773FCE86853E1724773F41
:1087D000DF48863ECC09773FDA0A873E5BEF763F7B
:1087E000C1CC873EC4D4763F938E883E07BA763F8D
:1087F0005050893E249F763FF8118A3E1B84763F75
:108800008AD38A3EEC68763F07958B3E974D763F3C
:108810006E568C3E1B32763FC0178D3E7A16763FE1
:10882000FCD88D3EB3FA753F229A8E3EC6DE753F68
:10883000325B8F3EB3C2753F2C1C903E7BA6753FCA
:1088400010DD903E1C8A753FDD9D913E976D753F12
:10885000945E923EED50753F351F933E1D34753F3B
:10886000BFDF933E2717753F31A0943E0BFA743F4C
:108870008D60953EC9DC743FD220963E62BF743F46
:1088800000E1963ED5A1743F17A1973E2284743F24
:108890001661983E4966743FFE20993E4B48743FEE
:1088A000CEE0993E272A743F86A09A3EDD0B743FA6
:1088B00027609B3E6EED733FAF1F9C3ED9CE733F4A
:1088C00020DF9C3E1FB0733F789E9D3E3F91733FDB
:1088D000B85D9E3E3972733FDF1C9F3E0E53733F5F
:1088E000EEDB9F3EBE33733FE59AA03E4714733FD5
:1088F000C259A13EACF4723F8718A23EEBD4723F3E
:1089000033D7A23E04B5723FC595A33EF894723F9B
:108910003F54A43EC774723F9F12A53E7054723FED
:10892000E5D0A53EF433723F128FA63E5213723F3C
:10893000254DA73E8CF2713F1F0BA83E9FD1713F82
:10894000FEC8A83E8EB0713FC486A93E578F713FC6
:108950006F44AA3EFB6D713F0102AB3E7A4C713F02
:1089600077BFAB3ED42A713FD47CAC3E0809713F3F
:10897000153AAD3E17E7703F3CF7AD3E02C5703F7C
:1089800049B4AE3EC6A2703F3A71AF3E6680703FBA
:10899000102EB03EE15D703FCBEAB03E373B703FFA
:1089A0006BA7B13E6718703FEF63B23E73F56F3F40
:1089B0005820B33E5AD26F3FA5DCB33E1BAF6F3F8A
:1089C000D698B43EB88B6F3FEC54B53E30686F3FDD
:1089D000E610B63E83446F3FC3CCB63EB0206F3F37
:1089E0008488B73EBAFC6E3F2A44B83E9ED86E3F9C
:1089F000B2FFB83E5DB46E3F1EBBB93EF88F6E3F0E
:108A00006E76BA3E6D6B6E3FA031BB3EBE466E3F8A
:108A1000B6ECBB3EEB216E3FAFA7BC3EF2FC6D3F18
:108A20008B62BD3ED5D76D3F4A1DBE3E93B26D3FB2
:108A3000EBD7BE3E2D8D6D3F6F92BF3EA1676D3F60
:108A4000D54CC03EF2416D3F1E07C13E1D1C6D3F1F
:108A500048C1C13E24F66C3F557BC23E07D06C3FF7
:108A60004435C33EC5A96C3F15EFC33E5E836C3FE2
:108A7000C8A8C43ED45C6C3F5C62C53E24366C3FE3
:108A8000D21BC63E500F6C3F29D5C63E58E86B3FFF
:108A9000628EC73E3BC16B3F7C47C83EFB996B3F34
:108AA0007700C93E95726B3F53B9C93E0C4B6B3F83
:108AB0001072CA3E5E236B3FAE2ACB3E8CFB6A3FF0
:108AC0002CE3CB3E95D36A3F8B9BCC3E7BAB6A3F7E
:108AD000CA53CD3E3C836A3FEA0BCE3ED95A6A3F29
:108AE000EAC3CE3E52326A3FCA7BCF3EA7096A3FF5
:108AF0008A33D03ED7E0693F2AEBD03EE4B7693FE6
:108B0000AAA2D13ECC8E693F095AD23E9165693FF7
:108B10004811D33E323C693F67C8D33EAE12693F2D
:108B2000647FD43E07E9683F4136D53E3CBF683F8D
:108B3000FDECD53E4C95683F99A3D63E396B683F16
:108B4000135AD73E0341683F6B10D83EA816683FC2
:108B5000A3C6D83E2AEC673FB97CD93E87C1673FA0
:108B6000AD32DA3EC196673F80E8DA3ED86B673FA8
:108B7000319EDB3ECA40673FC153DC3E9915673FDB
:108B80002E09DD3E45EA663F79BEDD3ECCBE663F3E
:108B9000A273DE3E3093663FA928DF3E7167663FD1
:108BA0008DDDDF3E8E3B663F4F92E03E880F663F95
:108BB000EE46E13E5EE3653F6AFBE13E10B7653F8E
:108BC000C4AFE23EA08A653FFA63E33E0B5E653FB9
:108BD0000E18E43E5431653FFECBE43E7904653F18
:108BE000CB7FE53E7BD7643F7533E63E59AA643FB1
:108BF000FBE6E63E147D643F5D9AE73EAC4F643F82
:108C00009C4DE83E2122643FB700E93E73F4633F88
:108C1000AEB3E93EA1C6633F8166EA3EAC98633FCE
:108C20003019EB3E956A633FBBCBEB3E5A3C633F4A
:108C3000217EEC3EFC0D633F6330ED3E7BDF623F07
:108C400080E2ED3ED7B0623F7994EE3E1082623F03
:108C50004C46EF3E2653623FFBF7EF3E1A24623F3D
:108C600085A9F03EEAF4613FEA5AF13E98C5613FBA
:108C7000290CF23E2296613F43BDF23E8A66613F77
:108C8000386EF33ED036613F071FF43EF206613F77
:108C9000B1CFF43EF2D6603F3580F53ECFA6603FBF
:108CA0009330F63E8976603FCBE0F63E2146603F4A
:108CB000DC90F73E9615603FC840F83EE9E45F3F20
:108CC0008EF0F83E19B45F3F2DA0F93E27835F3F39
:108CD000A54FFA3E12525F3FF7FEFA3EDB205F3FA0
:108CE00022AEFB3E81EF5E3F275DFC3E05BE5E3F50
:108CF000040CFD3E678C5E3FBBBAFD3EA65A5E3F4C
:108D00004A69FE3EC3285E3FB217FF3EBEF65D3F96
:108D1000F3C5FF3E97C45D3F063A003F4D925D3F6D
:108D2000FF90003FE15F5D3FE4E7003F532D5D3F73
:108D3000B53E013FA3FA5C3F7395013FD1C75C3F4D
:108D40001CEC013FDD945C3FB142023FC7615C3FD8
:108D50003299023F8E2E5C3F9FEF023F34FB5B3F18
:108D6000F845033FB8C75B3F3D9C033F1A945B3F08
:108D70006DF2033F5A605B3F8948043F792C5B3FAB
:108D8000919E043F75F85A3F84F4043F50C45A3F03
:108D9000624A053F09905A3F2CA0053FA05B5A3F0D
:108DA000E2F5053F16275A3F824B063F6AF2593FCC
:108DB0000EA1063F9CBD593F86F6063FAD88593F40
:108DC000E84B073F9C53593F36A1073F6A1E593F66
:108DD0006FF6073F17E9583F924B083FA1B3583F42
:108DE000A1A0083F0B7E583F9BF5083F5348583FD2
:108DF0007F4A093F7912583F4E9F093F7FDC573F1A
:108E000009F4093F63A6573FAD480A3F2670573F14
:108E10003D9D0A3FC739573FB7F10A3F4803573FC7
:108E20001C460B3FA7CC563F6B9A0B3FE595563F30
:108E3000A5EE0B3F025F563FC9420C3FFE27563F4F
:108E4000D7960C3FD9F0553FD0EA0C3F93B9553F28
:108E5000B33E0D3F2C82553F81920D3FA44A553FB2
:108E600038E60D3FFB12553FDA390E3F31DB543FF8
:108E7000658D0E3F47A3543FDBE00E3F3B6B543FF5
:108E80003B340F3F0F33543F84870F3FC3FA533FA8
:108E9000B8DA0F3F55C2533FD52D103FC789533F16
:108EA000DC80103F1851533FCDD3103F4918533F3A
:108EB000A726113F59DF523F6B79113F49A6523F18
:108EC00019CC113F186D523FB01E123FC633523FAE
:108ED0003071123F54FA513F9AC3123FC2C0513F02
:108EE000EE15133F1087513F2A68133F3D4D513F08
:108EF00050BA133F4A13513F5F0C143F37D9503FCC
:108F0000585E143F039F503F39B0143FAF64503F49
:108F10000402153F3B2A503FB753153FA8EF4F3F80
:108F200054A5153FF4B44F3FD9F6153F1F7A4F3F74
:108F30004748163F2B3F4F3F9F99163F17044F3F1F
:108F4000DFEA163FE4C84E3F073C173F908D4E3F87
:108F5000188D173F1C524E3F12DE173F89164E3FA9
:108F6000F52E183FD5DA4D3FC07F183F029F4D3F89
:108F700073D0183F10634D3F0F21193FFD264D3F21
:108F80009471193FCBEA4C3F00C2193F79AE4C3F78
:108F900055121A3F08724C3F93621A3F78354C3F86
:108FA000B8B21A3FC7F84B3FC6021B3FF8BB4B3F56
:108FB000BB521B3F097F4B3F99A21B3FFA414B3FDE
:108FC0005FF21B3FCC044B3F0C421C3F7FC74A3F24
:108FD000A2911C3F138A4A3F1FE11C3F874C4A3F26
:108FE00084301D3FDC0E4A3FD17F1D3F12D1493FE7
:108FF00006CF1D3F2993493F221E1E3F2155493F61
:10900000266D1E3FFA16493F12BC1E3FB3D8483F9B
:10901000E50A1F3F4E9A483F9F591F3FCA5B483F92
:1090200041A81F3F271D483FCBF61F3F65DE473F46
:109030003B45203F849F473F9393203F8560473FB8
:10904000D2E1203F6721473FF92F213F2AE2463FE7
:10905000067E213FCEA2463FFBCB213F5463463FD5
:10906000D719223FBB23463F9967223F03E4453F80
:1090700043B5223F2DA4453FD302233F3964453FEA
:109080004B50233F2624453FA99D233FF5E3443F12
:10909000EEEA233FA5A3443F1A38243F3763443FF9
:1090A0002C85243FAB22443F25D2243F00E2433F9E
:1090B000041F253F38A1433FCB6B253F5160433F01
:1090C00077B8253F4C1F433F0A05263F29DE423F24
:1090D0008451263FE89C423FE39D263F895B423F07
:1090E0002AEA263F0B1A423F5636273F70D8413FA7
:1090F0006882273FB796413F61CE273FE154413F09
:10910000401A283FEC12413F0566283FDAD0403F25
:10911000B0B1283FA98E403F41FD283F5C4C403F05
:10912000B848293FF009403F1594293F67C73F3FA2
:1091300057DF293FC0843F3F802A2A3FFC413F3F01
:109140008E752A3F1BFF3E3F82C02A3F1BBC3E3F1D
:109150005B0B2B3FFF783E3F1B562B3FC5353E3FF9
:10916000BFA02B3F6EF23D3F4AEB2B3FF9AE3D3F98
:10917000B9352C3F676B3D3F0F802C3FB8273D3FF3
:1091800049CA2C3FECE33C3F69142D3F03A03C3F10
:109190006F5E2D3FFC5B3C3F59A82D3FD9173C3FEC
:1091A00029F22D3F98D33B3FDE3B2E3F3B8F3B3F89
:1091B00078852E3FC14A3B3FF7CE2E3F29063B3FE5
:1091C0005B182F3F75C13A3FA5612F3FA47C3A3F02
:1091D000D3AA2F3FB7373A3FE6F32F3FACF2393FE0
:1091E000DE3C303F85AD393FBB85303F4268393F7B
:1091F0007CCE303FE122393F2217313F65DD383FD9
:10920000AD5F313FCB97383F1DA8313F1652383FF5
:1092100071F0313F430C383FAA38323F55C6373FD3
:10922000C780323F4A80373FC9C8323F233A373F71
:10923000AF10333FDFF3363F7A58333F7FAD363FD1
:1092400029A0333F0467363FBCE7333F6C20363FED
:10925000342F343FB8D9353F8F76343FE792353FCE
:10926000CFBD343FFB4B353FF304353FF304353F6F
:10927000FB4B353FCFBD343FE792353F8F76343FD0
:10928000B8D9353F342F343F6C20363FBCE7333FED
:109290000467363F29A0333F7FAD363F7A58333FCE
:1092A000DFF3363FAF10333F233A373FC9C8323F71
:1092B0004A80373FC780323F55C6373FAA38323FD2
:1092C000430C383F71F0313F1652383F1DA8313FF3
:1092D000CB97383FAD5F313F65DD383F2217313FD7
:1092E000E122393F7CCE303F4268393FBB85303F79
:1092F00085AD393FDE3C303FACF2393FE6F32F3FDE
:10930000B7373A3FD3AA2F3FA47C3A3FA5612F3FFE
:1093100075C13A3F5B182F3F29063B3FF7CE2E3FE2
:10932000C14A3B3F78852E3F3B8F3B3FDE3B2E3F84
:1093300098D33B3F29F22D3FD9173C3F59A82D3FE9
:10934000FC5B3C3F6F5E2D3F03A03C3F69142D3F0B
:10935000ECE33C3F49CA2C3FB8273D3F0F802C3FF0
:10936000676B3D3FB9352C3FF9AE3D3F4AEB2B3F94
:109370006EF23D3FBFA02B3FC5353E3F1B562B3FF6
:10938000FF783E3F5B0B2B3F1BBC3E3F82C02A3F1A
:109390001BFF3E3F8E752A3FFC413F3F802A2A3FFC
:1093A000C0843F3F57DF293F67C73F3F1594293FA0
:1093B000F009403FB848293F5C4C403F41FD283F01
:1093C000A98E403FB0B1283FDAD0403F0566283F24
:1093D000EC12413F401A283FE154413F61CE273F04
:1093E000B796413F6882273F70D8413F5636273FA6
:1093F0000B1A423F2AEA263F895B423FE39D263F04
:10940000E89C423F8451263F29DE423F0A05263F21
:109410004C1F433F77B8253F5160433FCB6B253FFF
:1094200038A1433F041F253F00E2433F25D2243F9C
:10943000AB22443F2C85243F3763443F1A38243FF6
:10944000A5A3443FEEEA233FF5E3443FA99D233F14
:109450002624453F4B50233F3964453FD302233FE9
:109460002DA4453F43B5223F03E4453F9967223F82
:10947000BB23463FD719223F5463463FFBCB213FD6
:10948000CEA2463F067E213F2AE2463FF92F213FEA
:109490006721473FD2E1203F8560473F9393203FBC
:1094A000849F473F3B45203F65DE473FCBF61F3F4C
:1094B000271D483F41A81F3FCA5B483F9F591F3F98
:1094C0004E9A483FE50A1F3FB3D8483F12BC1E3FA3
:1094D000FA16493F266D1E3F2155493F221E1E3F69
:1094E0002993493F06CF1D3F12D1493FD17F1D3FF0
:1094F000DC0E4A3F84301D3F874C4A3F1FE11C3F32
:10950000138A4A3FA2911C3F7FC74A3F0C421C3F2F
:10951000CC044B3F5FF21B3FFA414B3F99A21B3FEC
:10952000097F4B3FBB521B3FF8BB4B3FC6021B3F63
:10953000C7F84B3FB8B21A3F78354C3F93621A3F99
:1095400008724C3F55121A3F79AE4C3F00C2193F8A
:10955000CBEA4C3F9471193FFD264D3F0F21193F37
:1095600010634D3F73D0183F029F4D3FC07F183F9F
:10957000D5DA4D3FF52E183F89164E3F12DE173FC4
:109580001C524E3F188D173F908D4E3F073C173FA2
:10959000E4C84E3FDFEA163F17044F3F9F99163F3E
:1095A0002B3F4F3F4748163F1F7A4F3FD9F6153F95
:1095B000F4B44F3F54A5153FA8EF4F3FB753153FA5
:1095C0003B2A503F0402153FAF64503F39B0143F6F
:1095D000039F503F585E143F37D9503F5F0C143FF4
:1095E0004A13513F50BA133F3D4D513F2A68133F34
:1095F0001087513FEE15133FC2C0513F9AC3123F2F
:1096000054FA513F3071123FC633523FB01E123FE1
:10961000186D523F19CC113F49A6523F6B79113F4B
:1096200059DF523FA726113F4918533FCDD3103F72
:109630001851533FDC80103FC789533FD52D103F51
:1096400055C2533FB8DA0F3FC3FA533F84870F3FE9
:109650000F33543F3B340F3F3B6B543FDBE00E3F37
:1096600047A3543F658D0E3F31DB543FDA390E3F3F
:10967000FB12553F38E60D3FA44A553F81920D3FFE
:109680002C82553FB33E0D3F93B9553FD0EA0C3F76
:10969000D9F0553FD7960C3FFE27563FC9420C3FA5
:1096A000025F563FA5EE0B3FE595563F6B9A0B3F89
:1096B000A7CC563F1C460B3F4803573FB7F10A3F24
:1096C000C739573F3D9D0A3F2670573FAD480A3F77
:1096D00063A6573F09F4093F7FDC573F4E9F093F80
:1096E0007912583F7F4A093F5348583F9BF5083F3E
:1096F0000B7E583FA1A0083FA1B3583F924B083FB3
:1097000017E9583F6FF6073F6A1E593F36A1073FDA
:109710009C53593FE84B073FAD88593F86F6063FBB
:109720009CBD593F0EA1063F6AF2593F824B063F4E
:1097300016275A3FE2F5053FA05B5A3F2CA0053F94
:1097400009905A3F624A053F50C45A3F84F4043F8F
:1097500075F85A3F919E043F792C5B3F8948043F3E
:109760005A605B3F6DF2033F1A945B3F3D9C033FA1
:10977000B8C75B3FF845033F34FB5B3F9FEF023FB9
:109780008E2E5C3F3299023FC7615C3FB142023F7F
:10979000DD945C3F1CEC013FD1C75C3F7395013FFA
:1097A000A3FA5C3FB53E013F532D5D3FE4E7003F28
:1097B000E15F5D3FFF90003F4D925D3F063A003F05
:1097C00097C45D3FF3C5FF3EBEF65D3FB217FF3E57
:1097D000C3285E3F4A69FE3EA65A5E3FBBBAFD3EC5
:1097E000678C5E3F040CFD3E05BE5E3F275DFC3E80
:1097F00081EF5E3F22AEFB3EDB205F3FF7FEFA3E8D
:1098000012525F3FA54FFA3E27835F3F2DA0F93EDE
:1098100019B45F3F8EF0F83EE9E45F3FC840F83E80
:109820009615603FDC90F73E2146603FCBE0F63E68
:109830008976603F9330F63ECFA6603F3580F53E97
:10984000F2D6603FB1CFF43EF206613F071FF43E0F
:10985000D036613F386EF33E8A66613F43BDF23ECB
:109860002296613F290CF23E98C5613FEA5AF13ECB
:10987000EAF4613F85A9F03E1A24623FFBF7EF3E10
:109880002653623F4C46EF3E1082623F7994EE3E93
:10989000D7B0623F80E2ED3E7BDF623F6330ED3E5A
:1098A000FC0D633F217EEC3E5A3C633FBBCBEB3E5D
:1098B000956A633F3019EB3EAC98633F8166EA3EA0
:1098C000A1C6633FAEB3E93E73F4633FB700E93E20
:1098D0002122643F9C4DE83EAC4F643F5D9AE73ED9
:1098E000147D643FFBE6E63E59AA643F7533E63ECD
:1098F0007BD7643FCB7FE53E7904653FFECBE43EFA
:109900005431653F0E18E43E0B5E653FFA63E33E5B
:10991000A08A653FC4AFE23E10B7653F6AFBE13EF7
:109920005EE3653FEE46E13E880F663F4F92E03EC4
:109930008E3B663F8DDDDF3E7167663FA928DF3EC7
:109940003093663FA273DE3ECCBE663F79BEDD3EFD
:1099500045EA663F2E09DD3E9915673FC153DC3E5F
:10996000CA40673F319EDB3ED86B673F80E8DA3EF6
:10997000C196673FAD32DA3E87C1673FB97CD93EB9
:109980002AEC673FA3C6D83EA816683F6B10D83EA6
:109990000341683F135AD73E396B683F99A3D63EBF
:1099A0004C95683FFDECD53E3CBF683F4136D53E07
:1099B00007E9683F647FD43EAE12693F67C8D33E73
:1099C000323C693F4811D33E9165693F095AD23E06
:1099D000CC8E693FAAA2D13EE4B7693F2AEBD03EC4
:1099E000D7E0693F8A33D03EA7096A3FCA7BCF3EA2
:1099F00052326A3FEAC3CE3ED95A6A3FEA0BCE3EA4
:109A00003C836A3FCA53CD3E7BAB6A3F8B9BCC3EC7
:109A100095D36A3F2CE3CB3E8CFB6A3FAE2ACB3E0C
:109A20005E236B3F1072CA3E0C4B6B3F53B9C93E6D
:109A300095726B3F7700C93EFB996B3F7C47C83EF0
:109A40003BC16B3F628EC73E58E86B3F29D5C63E8F
:109A5000500F6C3FD21BC63E24366C3F5C62C53E45
:109A6000D45C6C3FC8A8C43E5E836C3F15EFC33E18
:109A7000C5A96C3F4435C33E07D06C3F557BC23E01
:109A800024F66C3F48C1C13E1D1C6D3F1E07C13E00
:109A9000F2416D3FD54CC03EA1676D3F6F92BF3E16
:109AA0002D8D6D3FEBD7BE3E93B26D3F4A1DBE3E3E
:109AB000D5D76D3F8B62BD3EF2FC6D3FAFA7BC3E7C
:109AC000EB216E3FB6ECBB3EBE466E3FA031BB3EC7
:109AD0006D6B6E3F6E76BA3EF88F6E3F1EBBB93E21
:109AE0005DB46E3FB2FFB83E9ED86E3F2A44B83E8A
:109AF000BAFC6E3F8488B73EB0206F3FC3CCB63E01
:109B000083446F3FE610B63E30686F3FEC54B53E7D
:109B1000B88B6F3FD698B43E1BAF6F3FA5DCB33E0A
:109B20005AD26F3F5820B33E73F56F3FEF63B23E9A
:109B30006718703F6BA7B13E373B703FCBEAB03E32
:109B4000E15D703F102EB03E6680703F3A71AF3ECF
:109B5000C6A2703F49B4AE3E02C5703F3CF7AD3E71
:109B600017E7703F153AAD3E0809713FD47CAC3E13
:109B7000D42A713F77BFAB3E7A4C713F0102AB3EB6
:109B8000FB6D713F6F44AA3E578F713FC486A93E5B
:109B90008EB0713FFEC8A83E9FD1713F1F0BA83EFB
:109BA0008CF2713F254DA73E5213723F128FA63E95
:109BB000F433723FE5D0A53E7054723F9F12A53E2C
:109BC000C774723F3F54A43EF894723FC595A33EBC
:109BD00004B5723F33D7A23EEBD4723F8718A23E42
:109BE000ACF4723FC259A13E4714733FE59AA03EC0
:109BF000BE33733FEEDB9F3E0E53733FDF1C9F3E31
:109C00003972733FB85D9E3E3F91733F789E9D3E93
:109C10001FB0733F20DF9C3ED9CE733FAF1F9C3EE9
:109C20006EED733F27609B3EDD0B743F86A09A3E2E
:109C3000272A743FCEE0993E4B48743FFE20993E60
:109C40004966743F1661983E2284743F17A1973E7F
:109C5000D5A1743F00E1963E62BF743FD220963E8C
:109C6000C9DC743F8D60953E0BFA743F31A0943E81
:109C70002717753FBFDF933E1D34753F351F933E59
:109C8000ED50753F945E923E976D753FDD9D913E20
:109C90001C8A753F10DD903E7BA6753F2C1C903EC4
:109CA000B3C2753F325B8F3EC6DE753F229A8E3E51
:109CB000B3FA753FFCD88D3E7A16763FC0178D3EBD
:109CC0001B32763F6E568C3E974D763F07958B3E06
:109CD000EC68763F8AD38A3E1B84763FF8118A3E31
:109CE000249F763F5050893E07BA763F938E883E38
:109CF000C4D4763FC1CC873E5BEF763FDA0A873E1D
:109D0000CC09773FDF48863E1724773FCE86853ED5
:109D10003C3E773FAAC4843E3A58773F7002843E67
:109D20001372773F2240833EC58B773FC07D823ED2
:109D300051A5773F4ABB813EB7BE773FC0F8803E12
:109D4000F7D7773F2236803E10F1773FE1E67E3E3F
:109D5000040A783F56617D3ED122783FA4DB7B3EEA
:109D6000773B783FCB557A3EF853783FCCCF783E5F
:109D7000526C783FA649773E8684783F5AC3753E39
:109D8000939C783FE83C743E7BB4783F51B6723E7A
:109D90003BCC783F942F713ED6E3783FB2A86F3E1C
:109DA0004AFB783FAB216E3E9812793F7F9A6C3E1A
:109DB000BF29793F2F136B3EC040793FBA8B693E74
:109DC0009A57793F2204683E4E6E793F667C663E24
:109DD000DC84793F86F4643E439B793F836C633E29
:109DE00083B1793F5CE4613E9DC7793F135C603E7F
:109DF00091DD793FA8D35E3E5EF3793F1A4B5D3E1D
:109E000004097A3F6AC25B3E841E7A3F97395A3E04
:109E1000DD337A3FA4B0583E10497A3F8F27573E32
:109E20001C5E7A3F589E553E02737A3F0115543EA0
:109E3000C1877A3F898B523E599C7A3FF101513E4E
:109E4000CBB07A3F38784F3E16C57A3F60EE4D3E34
:109E50003AD97A3F67644C3E37ED7A3F4FDA4A3E53
:109E60000E017B3F1850493EBE147B3FC2C5473EA2
:109E700048287B3F4D3B463EAB3B7B3FB9B0443E21
:109E8000E74E7B3F0726433EFC617B3F379B413ECD
:109E9000EA747B3F4910403EB2877B3F3E853E3EA1
:109EA000539A7B3F15FA3C3ECDAC7B3FCF6E3B3E99
:109EB00020BF7B3F6CE3393E4DD17B3FEC57383EB2
:109EC00053E37B3F50CC363E31F57B3F9840353EE7
:109ED000E9067C3FC4B4333E7A187C3FD428323E36
:109EE000E5297C3FC99C303E283B7C3FA2102F3E99
:109EF000444C7C3F61842D3E3A5D7C3F04F82B3E10
:109F0000086E7C3F8D6B2A3EB07E7C3FFCDE283E97
:109F1000318F7C3F5152273E8A9F7C3F8CC5253E26
:109F2000BDAF7C3FAD38243EC9BF7C3FB6AB223EBF
:109F3000AECF7C3FA51E213E6CDF7C3F7B911F3E58
:109F400003EF7C3F38041E3E73FE7C3FDE761C3EF2
:109F5000BC0D7D3F6BE91A3EDD1C7D3FE05B193E89
:109F6000D82B7D3F3DCE173EAC3A7D3F8340163E19
:109F700059497D3FB2B2143EDE577D3FCA24133E9D
:109F80003D667D3FCC96113E74747D3FB708103E10
:109F900085827D3F8B7A0E3E6E907D3F4AEC0C3E73
:109FA000309E7D3FF35D0B3ECCAB7D3F86CF093EBF
:109FB00040B97D3F0541083E8CC67D3F6EB2063EEE
:109FC000B2D37D3FC223053EB1E07D3F0295033E03
:109FD00088ED7D3F2E06023E38FA7D3F4577003EF4
:109FE000C2067E3F92D0FD3D24137E3F73B2FA3D00
:109FF0005E1F7E3F2C94F73D722B7E3FC075F43D73
:10A000005E377E3F2E57F13D23437E3F7638EE3D4F
:10A01000C14E7E3F9A19EB3D385A7E3F9AFAE73D92
:10A0200088657E3F76DBE43DB0707E3F2EBCE13D2F
:10A03000B17B7E3FC49CDE3D8B867E3F377DDB3D22
:10A040003D917E3F895DD83DC99B7E3FB93DD53D61
:10A050002DA67E3FC81DD23D69B07E3FB7FDCE3DE7
:10A060007FBA7E3F86DDCB3D6DC47E3F36BDC83DA9
:10A0700034CE7E3FC69CC53DD4D77E3F397CC23DA1
:10A080004CE17E3F8D5BBF3D9DEA7E3FC33ABC3DC8
:10A09000C7F37E3FDD19B93DC9FC7E3FDAF8B53D17
:10A0A000A4057F3FBBD7B23D580E7F3F80B6AF3D82
:10A0B000E4167F3F2B95AC3D491F7F3FBA73A93D06
:10A0C00087277F3F3052A63D9D2F7F3F8C30A33D99
:10A0D0008D377F3FCF0EA03D543F7F3FF9EC9C3D35
:10A0E000F4467F3F0ACB993D6D4E7F3F05A9963DD3
:10A0F000BF557F3FE786933DE95C7F3FB464903D69
:10A10000EC637F3F6A428D3DC76A7F3F0A208A3DEC
:10A110007B717F3F94FD863D08787F3F0ADB833D5E
:10A120006D7E7F3F6CB8803DAB847F3F742B7B3D61
:10A13000C28A7F3FE9E5743DB1907F3F38A06E3D14
:10A1400078967F3F625A683D189C7F3F6814623D55
:10A1500091A17F3F4CCE5B3DE3A67F3F0E88553DEE
:10A160000DAC7F3FAF414F3D0FB17F3F2FFB483DCF
:10A17000EAB57F3F91B4423D9EBA7F3FD56D3C3DED
:10A180002ABF7F3FFC26363D8FC37F3F07E02F3D30
:10A19000CCC77F3FF698293DE2CB7F3FCC51233D92
:10A1A000D1CF7F3F880A1D3D98D37F3F2CC3163DFA
:10A1B00037D77F3FB87B103DAFDA7F3F2F340A3D62
:10A1C00000DE7F3F90EC033D29E17F3FB949FB3C36
:10A1D0002BE47F3F2DBAEE3C05E77F3F7B2AE23C34
:10A1E000B8E97F3FA69AD53C43EC7F3FB00AC93C13
:10A1F000A7EE7F3F9B7ABC3CE3F07F3F69EAAF3C30
:10A20000F8F27F3F1C5AA33CE6F47F3FB6C9963C68
:10A21000ACF67F3F38398A3C4AF87F3F4B517B3C54
:10A22000C1F97F3F0030623C11FB7F3F900E493CFB
:10A2300039FC7F3F02ED2F3C39FD7F3F59CB163C67
:10A2400013FE7F3F3053FB3BC4FE7F3F890FC93B6A
:10A250004EFF7F3FC1CB963BB1FF7F3FC70F493BCE
:10A26000ECFF7F3FD40FC93A0000803F00000000A0
:10A27000ECFF7F3FD40FC9BAB1FF7F3FC70F49BB87
:10A280004EFF7F3FC1CB96BBC4FE7F3F890FC9BB4A
:10A2900013FE7F3F3053FBBB39FD7F3F59CB16BCCC
:10A2A00039FC7F3F02ED2FBC11FB7F3F900E49BC74
:10A2B000C1F97F3F003062BC4AF87F3F4B517BBC05
:10A2C000ACF67F3F38398ABCE6F47F3FB6C996BC0E
:10A2D000F8F27F3F1C5AA3BCE3F07F3F69EAAFBCB2
:10A2E000A7EE7F3F9B7ABCBC43EC7F3FB00AC9BC62
:10A2F000B8E97F3FA69AD5BC05E77F3F7B2AE2BC41
:10A300002BE47F3F2DBAEEBC29E17F3FB949FBBC6E
:10A3100000DE7F3F90EC03BDAFDA7F3F2F340ABDF4
:10A3200037D77F3FB87B10BD98D37F3F2CC316BD76
:10A33000D1CF7F3F880A1DBDE2CB7F3FCC5123BDEB
:10A34000CCC77F3FF69829BD8FC37F3F07E02FBD65
:10A350002ABF7F3FFC2636BD9EBA7F3FD56D3CBDF0
:10A36000EAB57F3F91B442BD0FB17F3F2FFB48BD9F
:10A370000DAC7F3FAF414FBDE3A67F3F0E8855BD7B
:10A3800091A17F3F4CCE5BBD189C7F3F681462BD9E
:10A3900078967F3F625A68BDB1907F3F38A06EBD0E
:10A3A000C28A7F3FE9E574BDAB847F3F742B7BBDE0
:10A3B0006D7E7F3F6CB880BD08787F3F0ADB83BD30
:10A3C0007B717F3F94FD86BDC76A7F3F0A208ABDAF
:10A3D000EC637F3F6A428DBDE95C7F3FB46490BD12
:10A3E000BF557F3FE78693BD6D4E7F3F05A996BD64
:10A3F000F4467F3F0ACB99BD543F7F3FF9EC9CBDAB
:10A400008D377F3FCF0EA0BD9D2F7F3F8C30A3BDEA
:10A4100087277F3F3052A6BD491F7F3FBA73A9BD32
:10A42000E4167F3F2B95ACBD580E7F3F80B6AFBD85
:10A43000A4057F3FBBD7B2BDC9FC7E3FDAF8B5BDEE
:10A44000C7F37E3FDD19B9BD9DEA7E3FC33ABCBD6F
:10A450004CE17E3F8D5BBFBDD4D77E3F397CC2BD12
:10A4600034CE7E3FC69CC5BD6DC47E3F36BDC8BDE3
:10A470007FBA7E3F86DDCBBD69B07E3FB7FDCEBDE6
:10A480002DA67E3FC81DD2BDC99B7E3FB93DD5BD1F
:10A490003D917E3F895DD8BD8B867E3F377DDBBD9C
:10A4A000B17B7E3FC49CDEBDB0707E3F2EBCE1BD63
:10A4B00088657E3F76DBE4BD385A7E3F9AFAE7BD79
:10A4C000C14E7E3F9A19EBBD23437E3F7638EEBDE9
:10A4D0005E377E3F2E57F1BD722B7E3FC075F4BDB7
:10A4E0005E1F7E3F2C94F7BD24137E3F73B2FABDEE
:10A4F000C2067E3F92D0FDBD38FA7D3F457700BE53
:10A5000088ED7D3F2E0602BEB1E07D3F029503BE81
:10A51000B2D37D3FC22305BE8CC67D3F6EB206BE60
:10A5200040B97D3F054108BECCAB7D3F86CF09BE1B
:10A53000309E7D3FF35D0BBE6E907D3F4AEC0CBEBE
:10A5400085827D3F8B7A0EBE74747D3FB70810BE46
:10A550003D667D3FCC9611BEDE577D3FCA2413BEBB
:10A5600059497D3FB2B214BEAC3A7D3F834016BE1E
:10A57000D82B7D3F3DCE17BEDD1C7D3FE05B19BE75
:10A58000BC0D7D3F6BE91ABE73FE7C3FDE761CBEC0
:10A5900003EF7C3F38041EBE6CDF7C3F7B911FBE07
:10A5A000AECF7C3FA51E21BEC9BF7C3FB6AB22BE4D
:10A5B000BDAF7C3FAD3824BE8A9F7C3F8CC525BE95
:10A5C000318F7C3F515227BEB07E7C3FFCDE28BEDF
:10A5D000086E7C3F8D6B2ABE3A5D7C3F04F82BBE33
:10A5E000444C7C3F61842DBE283B7C3FA2102FBE93
:10A5F000E5297C3FC99C30BE7A187C3FD42832BE06
:10A60000E9067C3FC4B433BE31F57B3F984035BE8C
:10A6100053E37B3F50CC36BE4DD17B3FEC5738BE29
:10A6200020BF7B3F6CE339BECDAC7B3FCF6E3BBEE2
:10A63000539A7B3F15FA3CBEB2877B3F3E853EBEB8
:10A64000EA747B3F491040BEFC617B3F379B41BEB3
:10A65000E74E7B3F072643BEAB3B7B3FB9B044BED2
:10A6600048287B3F4D3B46BEBE147B3FC2C547BE1C
:10A670000E017B3F185049BE37ED7A3F4FDA4ABE94
:10A680003AD97A3F67644CBE16C57A3F60EE4DBE3C
:10A69000CBB07A3F38784FBE599C7A3FF10151BE1A
:10A6A000C1877A3F898B52BE02737A3F011554BE2F
:10A6B0001C5E7A3F589E55BE10497A3F8F2757BE81
:10A6C000DD337A3FA4B058BE841E7A3F97395ABE14
:10A6D00004097A3F6AC25BBE5EF3793F1A4B5DBEE6
:10A6E00091DD793FA8D35EBE9DC7793F135C60BE04
:10A6F00083B1793F5CE461BE439B793F836C63BE69
:10A70000DC84793F86F464BE4E6E793F667C66BE1B
:10A710009A57793F220468BEC040793FBA8B69BE20
:10A72000BF29793F2F136BBE9812793F7F9A6CBE79
:10A730004AFB783FAB216EBED6E3783FB2A86FBE2E
:10A740003BCC783F942F71BE7BB4783F51B672BE3C
:10A75000939C783FE83C74BE8684783F5AC375BEAC
:10A76000526C783FA64977BEF853783FCCCF78BE7D
:10A77000773B783FCB557ABED122783FA4DB7BBEB6
:10A78000040A783F56617DBE10F1773FE1E67EBE58
:10A79000F7D7773F223680BEB7BE773FC0F880BE7E
:10A7A00051A5773F4ABB81BEC58B773FC07D82BE36
:10A7B0001372773F224083BE3A58773F700284BEBF
:10A7C0003C3E773FAAC484BE1724773FCE8685BE21
:10A7D000CC09773FDF4886BE5BEF763FDA0A87BE5B
:10A7E000C4D4763FC1CC87BE07BA763F938E88BE6D
:10A7F000249F763F505089BE1B84763FF8118ABE55
:10A80000EC68763F8AD38ABE974D763F07958BBE1C
:10A810001B32763F6E568CBE7A16763FC0178DBEC1
:10A82000B3FA753FFCD88DBEC6DE753F229A8EBE48
:10A83000B3C2753F325B8FBE7BA6753F2C1C90BEAA
:10A840001C8A753F10DD90BE976D753FDD9D91BEF2
:10A85000ED50753F945E92BE1D34753F351F93BE1B
:10A860002717753FBFDF93BE0BFA743F31A094BE2C
:10A87000C9DC743F8D6095BE62BF743FD22096BE26
:10A88000D5A1743F00E196BE2284743F17A197BE04
:10A890004966743F166198BE4B48743FFE2099BECE
:10A8A000272A743FCEE099BEDD0B743F86A09ABE86
:10A8B0006EED733F27609BBED9CE733FAF1F9CBE2A
:10A8C0001FB0733F20DF9CBE3F91733F789E9DBEBB
:10A8D0003972733FB85D9EBE0E53733FDF1C9FBE3F
:10A8E000BE33733FEEDB9FBE4714733FE59AA0BEB5
:10A8F000ACF4723FC259A1BEEBD4723F8718A2BE1E
:10A9000004B5723F33D7A2BEF894723FC595A3BE7B
:10A91000C774723F3F54A4BE7054723F9F12A5BECD
:10A92000F433723FE5D0A5BE5213723F128FA6BE1C
:10A930008CF2713F254DA7BE9FD1713F1F0BA8BE62
:10A940008EB0713FFEC8A8BE578F713FC486A9BEA6
:10A95000FB6D713F6F44AABE7A4C713F0102ABBEE2
:10A96000D42A713F77BFABBE0809713FD47CACBE1F
:10A9700017E7703F153AADBE02C5703F3CF7ADBE5C
:10A98000C6A2703F49B4AEBE6680703F3A71AFBE9A
:10A99000E15D703F102EB0BE373B703FCBEAB0BEDA
:10A9A0006718703F6BA7B1BE73F56F3FEF63B2BE20
:10A9B0005AD26F3F5820B3BE1BAF6F3FA5DCB3BE6A
:10A9C000B88B6F3FD698B4BE30686F3FEC54B5BEBD
:10A9D00083446F3FE610B6BEB0206F3FC3CCB6BE17
:10A9E000BAFC6E3F8488B7BE9ED86E3F2A44B8BE7C
:10A9F0005DB46E3FB2FFB8BEF88F6E3F1EBBB9BEEE
:10AA00006D6B6E3F6E76BABEBE466E3FA031BBBE6A
:10AA1000EB216E3FB6ECBBBEF2FC6D3FAFA7BCBEF8
:10AA2000D5D76D3F8B62BDBE93B26D3F4A1DBEBE92
:10AA30002D8D6D3FEBD7BEBEA1676D3F6F92BFBE40
:10AA4000F2416D3FD54CC0BE1D1C6D3F1E07C1BEFF
:10AA500024F66C3F48C1C1BE07D06C3F557BC2BED7
:10AA6000C5A96C3F4435C3BE5E836C3F15EFC3BEC2
:10AA7000D45C6C3FC8A8C4BE24366C3F5C62C5BEC3
:10AA8000500F6C3FD21BC6BE58E86B3F29D5C6BEDF
:10AA90003BC16B3F628EC7BEFB996B3F7C47C8BE14
:10AAA00095726B3F7700C9BE0C4B6B3F53B9C9BE63
:10AAB0005E236B3F1072CABE8CFB6A3FAE2ACBBED0
:10AAC00095D36A3F2CE3CBBE7BAB6A3F8B9BCCBE5E
:10AAD0003C836A3FCA53CDBED95A6A3FEA0BCEBE09
:10AAE00052326A3FEAC3CEBEA7096A3FCA7BCFBED5
:10AAF000D7E0693F8A33D0BEE4B7693F2AEBD0BEC6
:10AB0000CC8E693FAAA2D1BE9165693F095AD2BED7
:10AB1000323C693F4811D3BEAE12693F67C8D3BE0D
:10AB200007E9683F647FD4BE3CBF683F4136D5BE6D
:10AB30004C95683FFDECD5BE396B683F99A3D6BEF6
:10AB40000341683F135AD7BEA816683F6B10D8BEA2
:10AB50002AEC673FA3C6D8BE87C1673FB97CD9BE80
:10AB6000C196673FAD32DABED86B673F80E8DABE88
:10AB7000CA40673F319EDBBE9915673FC153DCBEBB
:10AB800045EA663F2E09DDBECCBE663F79BEDDBE1E
:10AB90003093663FA273DEBE7167663FA928DFBEB1
:10ABA0008E3B663F8DDDDFBE880F663F4F92E0BE75
:10ABB0005EE3653FEE46E1BE10B7653F6AFBE1BE6E
:10ABC000A08A653FC4AFE2BE0B5E653FFA63E3BE99
:10ABD0005431653F0E18E4BE7904653FFECBE4BEF8
:10ABE0007BD7643FCB7FE5BE59AA643F7533E6BE91
:10ABF000147D643FFBE6E6BEAC4F643F5D9AE7BE62
:10AC00002122643F9C4DE8BE73F4633FB700E9BE68
:10AC1000A1C6633FAEB3E9BEAC98633F8166EABEAE
:10AC2000956A633F3019EBBE5A3C633FBBCBEBBE2A
:10AC3000FC0D633F217EECBE7BDF623F6330EDBEE7
:10AC4000D7B0623F80E2EDBE1082623F7994EEBEE3
:10AC50002653623F4C46EFBE1A24623FFBF7EFBE1D
:10AC6000EAF4613F85A9F0BE98C5613FEA5AF1BE9A
:10AC70002296613F290CF2BE8A66613F43BDF2BE57
:10AC8000D036613F386EF3BEF206613F071FF4BE57
:10AC9000F2D6603FB1CFF4BECFA6603F3580F5BE9F
:10ACA0008976603F9330F6BE2146603FCBE0F6BE2A
:10ACB0009615603FDC90F7BEE9E45F3FC840F8BE00
:10ACC00019B45F3F8EF0F8BE27835F3F2DA0F9BE19
:10ACD00012525F3FA54FFABEDB205F3FF7FEFABE80
:10ACE00081EF5E3F22AEFBBE05BE5E3F275DFCBE30
:10ACF000678C5E3F040CFDBEA65A5E3FBBBAFDBE2C
:10AD0000C3285E3F4A69FEBEBEF65D3FB217FFBE76
:10AD100097C45D3FF3C5FFBE4D925D3F063A00BF4D
:10AD2000E15F5D3FFF9000BF532D5D3FE4E700BF53
:10AD3000A3FA5C3FB53E01BFD1C75C3F739501BF2D
:10AD4000DD945C3F1CEC01BFC7615C3FB14202BFB8
:10AD50008E2E5C3F329902BF34FB5B3F9FEF02BFF8
:10AD6000B8C75B3FF84503BF1A945B3F3D9C03BFE8
:10AD70005A605B3F6DF203BF792C5B3F894804BF8B
:10AD800075F85A3F919E04BF50C45A3F84F404BFE3
:10AD900009905A3F624A05BFA05B5A3F2CA005BFED
:10ADA00016275A3FE2F505BF6AF2593F824B06BFAC
:10ADB0009CBD593F0EA106BFAD88593F86F606BF20
:10ADC0009C53593FE84B07BF6A1E593F36A107BF46
:10ADD00017E9583F6FF607BFA1B3583F924B08BF22
:10ADE0000B7E583FA1A008BF5348583F9BF508BFB2
:10ADF0007912583F7F4A09BF7FDC573F4E9F09BFFA
:10AE000063A6573F09F409BF2670573FAD480ABFF4
:10AE1000C739573F3D9D0ABF4803573FB7F10ABFA7
:10AE2000A7CC563F1C460BBFE595563F6B9A0BBF10
:10AE3000025F563FA5EE0BBFFE27563FC9420CBF2F
:10AE4000D9F0553FD7960CBF93B9553FD0EA0CBF08
:10AE50002C82553FB33E0DBFA44A553F81920DBF92
:10AE6000FB12553F38E60DBF31DB543FDA390EBFD8
:10AE700047A3543F658D0EBF3B6B543FDBE00EBFD5
:10AE80000F33543F3B340FBFC3FA533F84870FBF88
:10AE900055C2533FB8DA0FBFC789533FD52D10BFF6
:10AEA0001851533FDC8010BF4918533FCDD310BF1A
:10AEB00059DF523FA72611BF49A6523F6B7911BFF8
:10AEC000186D523F19CC11BFC633523FB01E12BF8E
:10AED00054FA513F307112BFC2C0513F9AC312BFE2
:10AEE0001087513FEE1513BF3D4D513F2A6813BFE8
:10AEF0004A13513F50BA13BF37D9503F5F0C14BFAC
:10AF0000039F503F585E14BFAF64503F39B014BF29
:10AF10003B2A503F040215BFA8EF4F3FB75315BF60
:10AF2000F4B44F3F54A515BF1F7A4F3FD9F615BF54
:10AF30002B3F4F3F474816BF17044F3F9F9916BFFF
:10AF4000E4C84E3FDFEA16BF908D4E3F073C17BF67
:10AF50001C524E3F188D17BF89164E3F12DE17BF89
:10AF6000D5DA4D3FF52E18BF029F4D3FC07F18BF69
:10AF700010634D3F73D018BFFD264D3F0F2119BF01
:10AF8000CBEA4C3F947119BF79AE4C3F00C219BF58
:10AF900008724C3F55121ABF78354C3F93621ABF66
:10AFA000C7F84B3FB8B21ABFF8BB4B3FC6021BBF36
:10AFB000097F4B3FBB521BBFFA414B3F99A21BBFBE
:10AFC000CC044B3F5FF21BBF7FC74A3F0C421CBF04
:10AFD000138A4A3FA2911CBF874C4A3F1FE11CBF06
:10AFE000DC0E4A3F84301DBF12D1493FD17F1DBFC7
:10AFF0002993493F06CF1DBF2155493F221E1EBF41
:10B00000FA16493F266D1EBFB3D8483F12BC1EBF7B
:10B010004E9A483FE50A1FBFCA5B483F9F591FBF72
:10B02000271D483F41A81FBF65DE473FCBF61FBF26
:10B03000849F473F3B4520BF8560473F939320BF98
:10B040006721473FD2E120BF2AE2463FF92F21BFC7
:10B05000CEA2463F067E21BF5463463FFBCB21BFB5
:10B06000BB23463FD71922BF03E4453F996722BF60
:10B070002DA4453F43B522BF3964453FD30223BFCA
:10B080002624453F4B5023BFF5E3443FA99D23BFF2
:10B09000A5A3443FEEEA23BF3763443F1A3824BFD9
:10B0A000AB22443F2C8524BF00E2433F25D224BF7E
:10B0B00038A1433F041F25BF5160433FCB6B25BFE1
:10B0C0004C1F433F77B825BF29DE423F0A0526BF04
:10B0D000E89C423F845126BF895B423FE39D26BFE7
:10B0E0000B1A423F2AEA26BF70D8413F563627BF87
:10B0F000B796413F688227BFE154413F61CE27BFE9
:10B10000EC12413F401A28BFDAD0403F056628BF05
:10B11000A98E403FB0B128BF5C4C403F41FD28BFE5
:10B12000F009403FB84829BF67C73F3F159429BF82
:10B13000C0843F3F57DF29BFFC413F3F802A2ABFE1
:10B140001BFF3E3F8E752ABF1BBC3E3F82C02ABFFD
:10B15000FF783E3F5B0B2BBFC5353E3F1B562BBFD9
:10B160006EF23D3FBFA02BBFF9AE3D3F4AEB2BBF78
:10B17000676B3D3FB9352CBFB8273D3F0F802CBFD3
:10B18000ECE33C3F49CA2CBF03A03C3F69142DBFF0
:10B19000FC5B3C3F6F5E2DBFD9173C3F59A82DBFCC
:10B1A00098D33B3F29F22DBF3B8F3B3FDE3B2EBF69
:10B1B000C14A3B3F78852EBF29063B3FF7CE2EBFC5
:10B1C00075C13A3F5B182FBFA47C3A3FA5612FBFE2
:10B1D000B7373A3FD3AA2FBFACF2393FE6F32FBFC0
:10B1E00085AD393FDE3C30BF4268393FBB8530BF5B
:10B1F000E122393F7CCE30BF65DD383F221731BFB9
:10B20000CB97383FAD5F31BF1652383F1DA831BFD5
:10B21000430C383F71F031BF55C6373FAA3832BFB3
:10B220004A80373FC78032BF233A373FC9C832BF51
:10B23000DFF3363FAF1033BF7FAD363F7A5833BFB1
:10B240000467363F29A033BF6C20363FBCE733BFCD
:10B25000B8D9353F342F34BFE792353F8F7634BFAE
:10B26000FB4B353FCFBD34BFF304353FF30435BF4F
:10B27000CFBD343FFB4B35BF8F76343FE79235BFB0
:10B28000342F343FB8D935BFBCE7333F6C2036BFCD
:10B2900029A0333F046736BF7A58333F7FAD36BFAE
:10B2A000AF10333FDFF336BFC9C8323F233A37BF51
:10B2B000C780323F4A8037BFAA38323F55C637BFB2
:10B2C00071F0313F430C38BF1DA8313F165238BFD3
:10B2D000AD5F313FCB9738BF2217313F65DD38BFB7
:10B2E0007CCE303FE12239BFBB85303F426839BF59
:10B2F000DE3C303F85AD39BFE6F32F3FACF239BFBE
:10B30000D3AA2F3FB7373ABFA5612F3FA47C3ABFDE
:10B310005B182F3F75C13ABFF7CE2E3F29063BBFC2
:10B3200078852E3FC14A3BBFDE3B2E3F3B8F3BBF64
:10B3300029F22D3F98D33BBF59A82D3FD9173CBFC9
:10B340006F5E2D3FFC5B3CBF69142D3F03A03CBFEB
:10B3500049CA2C3FECE33CBF0F802C3FB8273DBFD0
:10B36000B9352C3F676B3DBF4AEB2B3FF9AE3DBF74
:10B37000BFA02B3F6EF23DBF1B562B3FC5353EBFD6
:10B380005B0B2B3FFF783EBF82C02A3F1BBC3EBFFA
:10B390008E752A3F1BFF3EBF802A2A3FFC413FBFDC
:10B3A00057DF293FC0843FBF1594293F67C73FBF80
:10B3B000B848293FF00940BF41FD283F5C4C40BFE1
:10B3C000B0B1283FA98E40BF0566283FDAD040BF04
:10B3D000401A283FEC1241BF61CE273FE15441BFE4
:10B3E0006882273FB79641BF5636273F70D841BF86
:10B3F0002AEA263F0B1A42BFE39D263F895B42BFE4
:10B400008451263FE89C42BF0A05263F29DE42BF01
:10B4100077B8253F4C1F43BFCB6B253F516043BFDF
:10B42000041F253F38A143BF25D2243F00E243BF7C
:10B430002C85243FAB2244BF1A38243F376344BFD6
:10B44000EEEA233FA5A344BFA99D233FF5E344BFF4
:10B450004B50233F262445BFD302233F396445BFC9
:10B4600043B5223F2DA445BF9967223F03E445BF62
:10B47000D719223FBB2346BFFBCB213F546346BFB6
:10B48000067E213FCEA246BFF92F213F2AE246BFCA
:10B49000D2E1203F672147BF9393203F856047BF9C
:10B4A0003B45203F849F47BFCBF61F3F65DE47BF2C
:10B4B00041A81F3F271D48BF9F591F3FCA5B48BF78
:10B4C000E50A1F3F4E9A48BF12BC1E3FB3D848BF83
:10B4D000266D1E3FFA1649BF221E1E3F215549BF49
:10B4E00006CF1D3F299349BFD17F1D3F12D149BFD0
:10B4F00084301D3FDC0E4ABF1FE11C3F874C4ABF12
:10B50000A2911C3F138A4ABF0C421C3F7FC74ABF0F
:10B510005FF21B3FCC044BBF99A21B3FFA414BBFCC
:10B52000BB521B3F097F4BBFC6021B3FF8BB4BBF43
:10B53000B8B21A3FC7F84BBF93621A3F78354CBF79
:10B5400055121A3F08724CBF00C2193F79AE4CBF6A
:10B550009471193FCBEA4CBF0F21193FFD264DBF17
:10B5600073D0183F10634DBFC07F183F029F4DBF7F
:10B57000F52E183FD5DA4DBF12DE173F89164EBFA4
:10B58000188D173F1C524EBF073C173F908D4EBF82
:10B59000DFEA163FE4C84EBF9F99163F17044FBF1E
:10B5A0004748163F2B3F4FBFD9F6153F1F7A4FBF75
:10B5B00054A5153FF4B44FBFB753153FA8EF4FBF85
:10B5C0000402153F3B2A50BF39B0143FAF6450BF4F
:10B5D000585E143F039F50BF5F0C143F37D950BFD4
:10B5E00050BA133F4A1351BF2A68133F3D4D51BF14
:10B5F000EE15133F108751BF9AC3123FC2C051BF0F
:10B600003071123F54FA51BFB01E123FC63352BFC1
:10B6100019CC113F186D52BF6B79113F49A652BF2B
:10B62000A726113F59DF52BFCDD3103F491853BF52
:10B63000DC80103F185153BFD52D103FC78953BF31
:10B64000B8DA0F3F55C253BF84870F3FC3FA53BFC9
:10B650003B340F3F0F3354BFDBE00E3F3B6B54BF17
:10B66000658D0E3F47A354BFDA390E3F31DB54BF1F
:10B6700038E60D3FFB1255BF81920D3FA44A55BFDE
:10B68000B33E0D3F2C8255BFD0EA0C3F93B955BF56
:10B69000D7960C3FD9F055BFC9420C3FFE2756BF85
:10B6A000A5EE0B3F025F56BF6B9A0B3FE59556BF69
:10B6B0001C460B3FA7CC56BFB7F10A3F480357BF04
:10B6C0003D9D0A3FC73957BFAD480A3F267057BF57
:10B6D00009F4093F63A657BF4E9F093F7FDC57BF60
:10B6E0007F4A093F791258BF9BF5083F534858BF1E
:10B6F000A1A0083F0B7E58BF924B083FA1B358BF93
:10B700006FF6073F17E958BF36A1073F6A1E59BFBA
:10B71000E84B073F9C5359BF86F6063FAD8859BF9B
:10B720000EA1063F9CBD59BF824B063F6AF259BF2E
:10B73000E2F5053F16275ABF2CA0053FA05B5ABF74
:10B74000624A053F09905ABF84F4043F50C45ABF6F
:10B75000919E043F75F85ABF8948043F792C5BBF1E
:10B760006DF2033F5A605BBF3D9C033F1A945BBF81
:10B77000F845033FB8C75BBF9FEF023F34FB5BBF99
:10B780003299023F8E2E5CBFB142023FC7615CBF5F
:10B790001CEC013FDD945CBF7395013FD1C75CBFDA
:10B7A000B53E013FA3FA5CBFE4E7003F532D5DBF08
:10B7B000FF90003FE15F5DBF063A003F4D925DBFE5
:10B7C000F3C5FF3E97C45DBFB217FF3EBEF65DBF37
:10B7D0004A69FE3EC3285EBFBBBAFD3EA65A5EBFA5
:10B7E000040CFD3E678C5EBF275DFC3E05BE5EBF60
:10B7F00022AEFB3E81EF5EBFF7FEFA3EDB205FBF6D
:10B80000A54FFA3E12525FBF2DA0F93E27835FBFBE
:10B810008EF0F83E19B45FBFC840F83EE9E45FBF60
:10B82000DC90F73E961560BFCBE0F63E214660BF48
:10B830009330F63E897660BF3580F53ECFA660BF77
:10B84000B1CFF43EF2D660BF071FF43EF20661BFEF
:10B85000386EF33ED03661BF43BDF23E8A6661BFAB
:10B86000290CF23E229661BFEA5AF13E98C561BFAB
:10B8700085A9F03EEAF461BFFBF7EF3E1A2462BFF0
:10B880004C46EF3E265362BF7994EE3E108262BF73
:10B8900080E2ED3ED7B062BF6330ED3E7BDF62BF3A
:10B8A000217EEC3EFC0D63BFBBCBEB3E5A3C63BF3D
:10B8B0003019EB3E956A63BF8166EA3EAC9863BF80
:10B8C000AEB3E93EA1C663BFB700E93E73F463BF00
:10B8D0009C4DE83E212264BF5D9AE73EAC4F64BFB9
:10B8E000FBE6E63E147D64BF7533E63E59AA64BFAD
:10B8F000CB7FE53E7BD764BFFECBE43E790465BFDA
:10B900000E18E43E543165BFFA63E33E0B5E65BF3B
:10B91000C4AFE23EA08A65BF6AFBE13E10B765BFD7
:10B92000EE46E13E5EE365BF4F92E03E880F66BFA4
:10B930008DDDDF3E8E3B66BFA928DF3E716766BFA7
:10B94000A273DE3E309366BF79BEDD3ECCBE66BFDD
:10B950002E09DD3E45EA66BFC153DC3E991567BF3F
:10B96000319EDB3ECA4067BF80E8DA3ED86B67BFD6
:10B97000AD32DA3EC19667BFB97CD93E87C167BF99
:10B98000A3C6D83E2AEC67BF6B10D83EA81668BF86
:10B99000135AD73E034168BF99A3D63E396B68BF9F
:10B9A000FDECD53E4C9568BF4136D53E3CBF68BFE7
:10B9B000647FD43E07E968BF67C8D33EAE1269BF53
:10B9C0004811D33E323C69BF095AD23E916569BFE6
:10B9D000AAA2D13ECC8E69BF2AEBD03EE4B769BFA4
:10B9E0008A33D03ED7E069BFCA7BCF3EA7096ABF82
:10B9F000EAC3CE3E52326ABFEA0BCE3ED95A6ABF84
:10BA0000CA53CD3E3C836ABF8B9BCC3E7BAB6ABFA7
:10BA10002CE3CB3E95D36ABFAE2ACB3E8CFB6ABFEC
:10BA20001072CA3E5E236BBF53B9C93E0C4B6BBF4D
:10BA30007700C93E95726BBF7C47C83EFB996BBFD0
:10BA4000628EC73E3BC16BBF29D5C63E58E86BBF6F
:10BA5000D21BC63E500F6CBF5C62C53E24366CBF25
:10BA6000C8A8C43ED45C6CBF15EFC33E5E836CBFF8
:10BA70004435C33EC5A96CBF557BC23E07D06CBFE1
:10BA800048C1C13E24F66CBF1E07C13E1D1C6DBFE0
:10BA9000D54CC03EF2416DBF6F92BF3EA1676DBFF6
:10BAA000EBD7BE3E2D8D6DBF4A1DBE3E93B26DBF1E
:10BAB0008B62BD3ED5D76DBFAFA7BC3EF2FC6DBF5C
:10BAC000B6ECBB3EEB216EBFA031BB3EBE466EBFA7
:10BAD0006E76BA3E6D6B6EBF1EBBB93EF88F6EBF01
:10BAE000B2FFB83E5DB46EBF2A44B83E9ED86EBF6A
:10BAF0008488B73EBAFC6EBFC3CCB63EB0206FBFE1
:10BB0000E610B63E83446FBFEC54B53E30686FBF5D
:10BB1000D698B43EB88B6FBFA5DCB33E1BAF6FBFEA
:10BB20005820B33E5AD26FBFEF63B23E73F56FBF7A
:10BB30006BA7B13E671870BFCBEAB03E373B70BF12
:10BB4000102EB03EE15D70BF3A71AF3E668070BFAF
:10BB500049B4AE3EC6A270BF3CF7AD3E02C570BF51
:10BB6000153AAD3E17E770BFD47CAC3E080971BFF3
:10BB700077BFAB3ED42A71BF0102AB3E7A4C71BF96
:10BB80006F44AA3EFB6D71BFC486A93E578F71BF3B
:10BB9000FEC8A83E8EB071BF1F0BA83E9FD171BFDB
:10BBA000254DA73E8CF271BF128FA63E521372BF75
:10BBB000E5D0A53EF43372BF9F12A53E705472BF0C
:10BBC0003F54A43EC77472BFC595A33EF89472BF9C
:10BBD00033D7A23E04B572BF8718A23EEBD472BF22
:10BBE000C259A13EACF472BFE59AA03E471473BFA0
:10BBF000EEDB9F3EBE3373BFDF1C9F3E0E5373BF11
:10BC0000B85D9E3E397273BF789E9D3E3F9173BF73
:10BC100020DF9C3E1FB073BFAF1F9C3ED9CE73BFC9
:10BC200027609B3E6EED73BF86A09A3EDD0B74BF0E
:10BC3000CEE0993E272A74BFFE20993E4B4874BF40
:10BC40001661983E496674BF17A1973E228474BF5F
:10BC500000E1963ED5A174BFD220963E62BF74BF6C
:10BC60008D60953EC9DC74BF31A0943E0BFA74BF61
:10BC7000BFDF933E271775BF351F933E1D3475BF39
:10BC8000945E923EED5075BFDD9D913E976D75BF00
:10BC900010DD903E1C8A75BF2C1C903E7BA675BFA4
:10BCA000325B8F3EB3C275BF229A8E3EC6DE75BF31
:10BCB000FCD88D3EB3FA75BFC0178D3E7A1676BF9D
:10BCC0006E568C3E1B3276BF07958B3E974D76BFE6
:10BCD0008AD38A3EEC6876BFF8118A3E1B8476BF11
:10BCE0005050893E249F76BF938E883E07BA76BF18
:10BCF000C1CC873EC4D476BFDA0A873E5BEF76BFFD
:10BD0000DF48863ECC0977BFCE86853E172477BFB5
:10BD1000AAC4843E3C3E77BF7002843E3A5877BF47
:10BD20002240833E137277BFC07D823EC58B77BFB2
:10BD30004ABB813E51A577BFC0F8803EB7BE77BFF2
:10BD40002236803EF7D777BFE1E67E3E10F177BF1F
:10BD500056617D3E040A78BFA4DB7B3ED12278BFCA
:10BD6000CB557A3E773B78BFCCCF783EF85378BF3F
:10BD7000A649773E526C78BF5AC3753E868478BF19
:10BD8000E83C743E939C78BF51B6723E7BB478BF5A
:10BD9000942F713E3BCC78BFB2A86F3ED6E378BFFC
:10BDA000AB216E3E4AFB78BF7F9A6C3E981279BFFA
:10BDB0002F136B3EBF2979BFBA8B693EC04079BF54
:10BDC0002204683E9A5779BF667C663E4E6E79BF04
:10BDD00086F4643EDC8479BF836C633E439B79BF09
:10BDE0005CE4613E83B179BF135C603E9DC779BF5F
:10BDF000A8D35E3E91DD79BF1A4B5D3E5EF379BFFD
:10BE00006AC25B3E04097ABF97395A3E841E7ABFE4
:10BE1000A4B0583EDD337ABF8F27573E10497ABF12
:10BE2000589E553E1C5E7ABF0115543E02737ABF80
:10BE3000898B523EC1877ABFF101513E599C7ABF2E
:10BE400038784F3ECBB07ABF60EE4D3E16C57ABF14
:10BE500067644C3E3AD97ABF4FDA4A3E37ED7ABF33
:10BE60001850493E0E017BBFC2C5473EBE147BBF82
:10BE70004D3B463E48287BBFB9B0443EAB3B7BBF01
:10BE80000726433EE74E7BBF379B413EFC617BBFAD
:10BE90004910403EEA747BBF3E853E3EB2877BBF81
:10BEA00015FA3C3E539A7BBFCF6E3B3ECDAC7BBF79
:10BEB0006CE3393E20BF7BBFEC57383E4DD17BBF92
:10BEC00050CC363E53E37BBF9840353E31F57BBFC7
:10BED000C4B4333EE9067CBFD428323E7A187CBF16
:10BEE000C99C303EE5297CBFA2102F3E283B7CBF79
:10BEF00061842D3E444C7CBF04F82B3E3A5D7CBFF0
:10BF00008D6B2A3E086E7CBFFCDE283EB07E7CBF77
:10BF10005152273E318F7CBF8CC5253E8A9F7CBF06
:10BF2000AD38243EBDAF7CBFB6AB223EC9BF7CBF9F
:10BF3000A51E213EAECF7CBF7B911F3E6CDF7CBF38
:10BF400038041E3E03EF7CBFDE761C3E73FE7CBFD2
:10BF50006BE91A3EBC0D7DBFE05B193EDD1C7DBF69
:10BF60003DCE173ED82B7DBF8340163EAC3A7DBFF9
:10BF7000B2B2143E59497DBFCA24133EDE577DBF7D
:10BF8000CC96113E3D667DBFB708103E74747DBFF0
:10BF90008B7A0E3E85827DBF4AEC0C3E6E907DBF53
:10BFA000F35D0B3E309E7DBF86CF093ECCAB7DBF9F
:10BFB0000541083E40B97DBF6EB2063E8CC67DBFCE
:10BFC000C223053EB2D37DBF0295033EB1E07DBFE3
:10BFD0002E06023E88ED7DBF4577003E38FA7DBFD4
:10BFE00092D0FD3DC2067EBF73B2FA3D24137EBFE0
:10BFF0002C94F73D5E1F7EBFC075F43D722B7EBF53
:10C000002E57F13D5E377EBF7638EE3D23437EBF2F
:10C010009A19EB3DC14E7EBF9AFAE73D385A7EBF72
:10C0200076DBE43D88657EBF2EBCE13DB0707EBF0F
:10C03000C49CDE3DB17B7EBF377DDB3D8B867EBF02
:10C04000895DD83D3D917EBFB93DD53DC99B7EBF41
:10C05000C81DD23D2DA67EBFB7FDCE3D69B07EBFC7
:10C0600086DDCB3D7FBA7EBF36BDC83D6DC47EBF89
:10C07000C69CC53D34CE7EBF397CC23DD4D77EBF81
:10C080008D5BBF3D4CE17EBFC33ABC3D9DEA7EBFA8
:10C09000DD19B93DC7F37EBFDAF8B53DC9FC7EBFF7
:10C0A000BBD7B23DA4057FBF80B6AF3D580E7FBF62
:10C0B0002B95AC3DE4167FBFBA73A93D491F7FBFE6
:10C0C0003052A63D87277FBF8C30A33D9D2F7FBF79
:10C0D000CF0EA03D8D377FBFF9EC9C3D543F7FBF15
:10C0E0000ACB993DF4467FBF05A9963D6D4E7FBFB3
:10C0F000E786933DBF557FBFB464903DE95C7FBF49
:10C100006A428D3DEC637FBF0A208A3DC76A7FBFCC
:10C1100094FD863D7B717FBF0ADB833D08787FBF3E
:10C120006CB8803D6D7E7FBF742B7B3DAB847FBF41
:10C13000E9E5743DC28A7FBF38A06E3DB1907FBFF4
:10C14000625A683D78967FBF6814623D189C7FBF35
:10C150004CCE5B3D91A17FBF0E88553DE3A67FBFCE
:10C16000AF414F3D0DAC7FBF2FFB483D0FB17FBFAF
:10C1700091B4423DEAB57FBFD56D3C3D9EBA7FBFCD
:10C18000FC26363D2ABF7FBF07E02F3D8FC37FBF10
:10C19000F698293DCCC77FBFCC51233DE2CB7FBF72
:10C1A000880A1D3DD1CF7FBF2CC3163D98D37FBFDA
:10C1B000B87B103D37D77FBF2F340A3DAFDA7FBF42
:10C1C00090EC033D00DE7FBFB949FB3C29E17FBF16
:10C1D0002DBAEE3C2BE47FBF7B2AE23C05E77FBF14
:10C1E000A69AD53CB8E97FBFB00AC93C43EC7FBFF3
:10C1F0009B7ABC3CA7EE7FBF69EAAF3CE3F07FBF10
:10C200001C5AA33CF8F27FBFB6C9963CE6F47FBF48
:10C2100038398A3CACF67FBF4B517B3C4AF87FBF34
:10C220000030623CC1F97FBF900E493C11FB7FBFDB
:10C2300002ED2F3C39FC7FBF59CB163C39FD7FBF47
:10C240003053FB3B13FE7FBF890FC93BC4FE7FBF4A
:10C25000C1CB963B4EFF7FBFC70F493BB1FF7FBFAE
:10C26000D40FC93AECFF7FBF000000000000803F00
:10C27000900E493C11FB7F3FB00AC93C43EC7F3F25
:10C280002CC3163D98D37F3F2FFB483D0FB17F3F16
:10C29000742B7B3DAB847F3F05A9963D6D4E7F3F60
:10C2A00080B6AF3D580E7F3F36BDC83D6DC47E3F62
:10C2B0002EBCE13DB0707E3F73B2FA3D24137E3F49
:10C2C00086CF093ECCAB7D3F8340163EAC3A7D3FE6
:10C2D000B6AB223EC9BF7C3FA2102F3E283B7C3F1D
:10C2E000CF6E3B3ECDAC7B3FC2C5473EBE147B3FCD
:10C2F0000115543E02737A3F135C603E9DC7793F3F
:10C300007F9A6C3E9812793FCCCF783EF853783FB5
:10C31000C07D823EC58B773F938E883E07BA763FBD
:10C32000229A8E3EC6DE753F31A0943E0BFA743FD2
:10C3300086A09A3EDD0B743FE59AA03E4714733FFA
:10C34000128FA63E5213723FD47CAC3E0809713F57
:10C35000EF63B23E73F56F3F2A44B83E9ED86E3FFE
:10C360004A1DBE3E93B26D3F15EFC33E5E836C3FE8
:10C3700053B9C93E0C4B6B3FCA7BCF3EA7096A3FFE
:10C380004136D53E3CBF683F80E8DA3ED86B673F18
:10C390004F92E03E880F663F7533E63E59AA643FF0
:10C3A000BBCBEB3E5A3C633FEA5AF13E98C5613F36
:10C3B000CBE0F63E2146603F275DFC3E05BE5E3F7A
:10C3C000E4E7003F532D5D3F3D9C033F1A945B3FE4
:10C3D000824B063F6AF2593F9BF5083F5348583F4E
:10C3E0006B9A0B3FE595563FDA390E3F31DB543FF0
:10C3F000CDD3103F4918533F2A68133F3D4D513F5D
:10C40000D9F6153F1F7A4F3FC07F183F029F4D3F1F
:10C41000C6021B3FF8BB4B3FD17F1D3F12D1493FA6
:10C42000CBF61F3F65DE473F9967223F03E4453F58
:10C4300025D2243F00E2433F5636273F70D8413F84
:10C440001594293F67C73F3F4AEB2B3FF9AE3D3F6D
:10C45000DE3B2E3F3B8F3B3FBB85303F4268393F41
:10C46000C9C8323F233A373FF304353FF304353F21
:10C47000233A373FC9C8323F4268393FBB85303F16
:10C480003B8F3B3FDE3B2E3FF9AE3D3F4AEB2B3F20
:10C4900067C73F3F1594293F70D8413F5636273F25
:10C4A00000E2433F25D2243F03E4453F9967223F02
:10C4B00065DE473FCBF61F3F12D1493FD17F1D3F7D
:10C4C000F8BB4B3FC6021B3F029F4D3FC07F183F4A
:10C4D0001F7A4F3FD9F6153F3D4D513F2A68133F14
:10C4E0004918533FCDD3103F31DB543FDA390E3F6B
:10C4F000E595563F6B9A0B3F5348583F9BF5083FD5
:10C500006AF2593F824B063F1A945B3F3D9C033FC2
:10C51000532D5D3FE4E7003F05BE5E3F275DFC3ED7
:10C520002146603FCBE0F63E98C5613FEA5AF13EB6
:10C530005A3C633FBBCBEB3E59AA643F7533E63EA2
:10C54000880F663F4F92E03ED86B673F80E8DA3E47
:10C550003CBF683F4136D53EA7096A3FCA7BCF3E04
:10C560000C4B6B3F53B9C93E5E836C3F15EFC33E26
:10C5700093B26D3F4A1DBE3E9ED86E3F2A44B83EE0
:10C5800073F56F3FEF63B23E0809713FD47CAC3E58
:10C590005213723F128FA63E4714733FE59AA03E96
:10C5A000DD0B743F86A09A3E0BFA743F31A0943E97
:10C5B000C6DE753F229A8E3E07BA763F938E883E3E
:10C5C000C58B773FC07D823EF853783FCCCF783E15
:10C5D0009812793F7F9A6C3E9DC7793F135C603E0D
:10C5E00002737A3F0115543EBE147B3FC2C5473EDD
:10C5F000CDAC7B3FCF6E3B3E283B7C3FA2102F3E15
:10C60000C9BF7C3FB6AB223EAC3A7D3F8340163E6D
:10C61000CCAB7D3F86CF093E24137E3F73B2FA3DFB
:10C62000B0707E3F2EBCE13D6DC47E3F36BDC83D3F
:10C63000580E7F3F80B6AF3D6D4E7F3F05A9963DBA
:10C64000AB847F3F742B7B3D0FB17F3F2FFB483D79
:10C6500098D37F3F2CC3163D43EC7F3FB00AC93CC3
:10C6600011FB7F3F900E493C0000803F000000001E
:10C6700011FB7F3F900E49BC43EC7F3FB00AC9BC21
:10C6800098D37F3F2CC316BD0FB17F3F2FFB48BD12
:10C69000AB847F3F742B7BBD6D4E7F3F05A996BD5C
:10C6A000580E7F3F80B6AFBD6DC47E3F36BDC8BD5E
:10C6B000B0707E3F2EBCE1BD24137E3F73B2FABD45
:10C6C000CCAB7D3F86CF09BEAC3A7D3F834016BEE2
:10C6D000C9BF7C3FB6AB22BE283B7C3FA2102FBE19
:10C6E000CDAC7B3FCF6E3BBEBE147B3FC2C547BEC9
:10C6F00002737A3F011554BE9DC7793F135C60BE3B
:10C700009812793F7F9A6CBEF853783FCCCF78BEB1
:10C71000C58B773FC07D82BE07BA763F938E88BEB9
:10C72000C6DE753F229A8EBE0BFA743F31A094BECE
:10C73000DD0B743F86A09ABE4714733FE59AA0BEF6
:10C740005213723F128FA6BE0809713FD47CACBE53
:10C7500073F56F3FEF63B2BE9ED86E3F2A44B8BEFA
:10C7600093B26D3F4A1DBEBE5E836C3F15EFC3BEE4
:10C770000C4B6B3F53B9C9BEA7096A3FCA7BCFBEFA
:10C780003CBF683F4136D5BED86B673F80E8DABE14
:10C79000880F663F4F92E0BE59AA643F7533E6BEEC
:10C7A0005A3C633FBBCBEBBE98C5613FEA5AF1BE32
:10C7B0002146603FCBE0F6BE05BE5E3F275DFCBE76
:10C7C000532D5D3FE4E700BF1A945B3F3D9C03BFE0
:10C7D0006AF2593F824B06BF5348583F9BF508BF4A
:10C7E000E595563F6B9A0BBF31DB543FDA390EBFEC
:10C7F0004918533FCDD310BF3D4D513F2A6813BF59
:10C800001F7A4F3FD9F615BF029F4D3FC07F18BF1B
:10C81000F8BB4B3FC6021BBF12D1493FD17F1DBFA2
:10C8200065DE473FCBF61FBF03E4453F996722BF54
:10C8300000E2433F25D224BF70D8413F563627BF80
:10C8400067C73F3F159429BFF9AE3D3F4AEB2BBF69
:10C850003B8F3B3FDE3B2EBF4268393FBB8530BF3D
:10C86000233A373FC9C832BFF304353FF30435BF1D
:10C87000C9C8323F233A37BFBB85303F426839BF12
:10C88000DE3B2E3F3B8F3BBF4AEB2B3FF9AE3DBF1C
:10C890001594293F67C73FBF5636273F70D841BF21
:10C8A00025D2243F00E243BF9967223F03E445BFFE
:10C8B000CBF61F3F65DE47BFD17F1D3F12D149BF79
:10C8C000C6021B3FF8BB4BBFC07F183F029F4DBF46
:10C8D000D9F6153F1F7A4FBF2A68133F3D4D51BF10
:10C8E000CDD3103F491853BFDA390E3F31DB54BF67
:10C8F0006B9A0B3FE59556BF9BF5083F534858BFD1
:10C90000824B063F6AF259BF3D9C033F1A945BBFBE
:10C91000E4E7003F532D5DBF275DFC3E05BE5EBFD3
:10C92000CBE0F63E214660BFEA5AF13E98C561BFB2
:10C93000BBCBEB3E5A3C63BF7533E63E59AA64BF9E
:10C940004F92E03E880F66BF80E8DA3ED86B67BF43
:10C950004136D53E3CBF68BFCA7BCF3EA7096ABF00
:10C9600053B9C93E0C4B6BBF15EFC33E5E836CBF22
:10C970004A1DBE3E93B26DBF2A44B83E9ED86EBFDC
:10C98000EF63B23E73F56FBFD47CAC3E080971BF54
:10C99000128FA63E521372BFE59AA03E471473BF92
:10C9A00086A09A3EDD0B74BF31A0943E0BFA74BF93
:10C9B000229A8E3EC6DE75BF938E883E07BA76BF3A
:10C9C000C07D823EC58B77BFCCCF783EF85378BF11
:10C9D0007F9A6C3E981279BF135C603E9DC779BF09
:10C9E0000115543E02737ABFC2C5473EBE147BBFD9
:10C9F000CF6E3B3ECDAC7BBFA2102F3E283B7CBF11
:10CA0000B6AB223EC9BF7CBF8340163EAC3A7DBF69
:10CA100086CF093ECCAB7DBF73B2FA3D24137EBFF7
:10CA20002EBCE13DB0707EBF36BDC83D6DC47EBF3B
:10CA300080B6AF3D580E7FBF05A9963D6D4E7FBFB6
:10CA4000742B7B3DAB847FBF2FFB483D0FB17FBF75
:10CA50002CC3163D98D37FBFB00AC93C43EC7FBFBF
:10CA6000900E493C11FB7FBF000000000000803F9A
:10CA700036BDC83D6DC47E3FC2C5473EBE147B3F38
:10CA800031A0943E0BFA743F15EFC33E5E836C3FBA
:10CA9000EA5AF13E98C5613FDA390E3F31DB543F27
:10CAA0009967223F03E4453FF304353FF304353FE4
:10CAB00003E4453F9967223F31DB543FDA390E3FAB
:10CAC00098C5613FEA5AF13E5E836C3F15EFC33E65
:10CAD0000BFA743F31A0943EBE147B3FC2C5473E63
:10CAE0006DC47E3F36BDC83D0000803F00000000A1
:10CAF0006DC47E3F36BDC8BDBE147B3FC2C547BEB8
:10CB00000BFA743F31A094BE5E836C3F15EFC3BE39
:10CB100098C5613FEA5AF1BE31DB543FDA390EBFA6
:10CB200003E4453F996722BFF304353FF30435BF63
:10CB30009967223F03E445BFDA390E3F31DB54BF2A
:10CB4000EA5AF13E98C561BF15EFC33E5E836CBFE4
:10CB500031A0943E0BFA74BFC2C5473EBE147BBFE2
:10CB600036BDC83D6DC47EBF88CB020800000020E2
:10CB7000E4020000520400089CCC0208E4020020F9
:10CB8000FCAB000004D500080134520383803F133E
:10CB900099AA1B08C9041AD5041305AB1B08310454
:10CBA0001A790C1AA50417040309041201140202CD
:10CBB000021640830440572602010203014A1A4527
:10CBC0000115139D211B0899041A95041AC1041A12
:10CBD000F10419331182101324F4E253191F43A0F6
:10CBE0000F0009103333EB3A58A08B3A157D04013E
:10CBF0007C100F0240AB034101055308065804079F
:10CC00000F160810810911160A15800B1605640C01
:10CC100018010D1AAA018114810182130A06320239
:10CC20002A40E0140902431302011DC0320904D254
:10CC30001A020B1305241610010524011009010422
:10CC400024020205240617010705820308151009AE
:10CC5000040133020A2E0705010240072A81071149
:10CC600013FDA6140871A514089BA842081A011008
:10CC700013BDA41B083314C11A81181A45041AC124
:10CC8000041A3904014908081250C347CDCCCC3DE1
:0CCC90000409531C110B1AC8421C41007F
:040000050800018965
:00000001FF
